40_23_30_492_43_12,0.8948089133
140_11_30_135_43_12,0.7229373763
140_23_30_135_43_12,0.6932431899
40_11_30_492_43_126,0.6863172508
65_261_107_67,0.6623294562
960_43_50_51,0.6623294562
131_55_69_745,0.6613294562
963_29_89_468,0.6613294562
364_261_107_67,0.6613294562
112_11_41_242,0.6613294562
442_27_11_588,0.6613294562
2650_29_89_468,0.6590783739
963_29_40_65_40_67,0.6387760172
492_43_12_11_120_55,0.6069956171
12_11_120_55_614,0.6035054363
151_58_150_43_40,0.6018654363
492_43_3495_58_12,0.6018654363
492_43_12_58_5760,0.6018654363
65_1111_107_67_15,0.6008654363
40_65_1111_107_67,0.6008654363
154_11_30_40_119,0.6008654363
492_43_12_58_425,0.6008654363
310_43_12_65_12_67,0.6005866677
12_58_5231_7390,0.5990821545
54_15_1111_107_67,0.5990821545
1322_30_150_58_151,0.5980821545
960_43_30_436_51,0.5980821545
65_261_107_15_54,0.5980821545
364_1111_107_67_15,0.5980821545
128_58_814_92,0.5980821545
193_43_12_3702,0.5980821545
12_1550_73_122,0.5980821545
1104_92_29_1322,0.5980821545
12_58_5744_16838,0.5980821545
16724_65_1833_67,0.5980821545
65_1111_106_67,0.5980821545
128_58_943_92,0.5980821545
242_883_11_12,0.5980821545
54_40_55_10682,0.5980821545
1104_92_29_961,0.5980821545
1104_92_29_1301,0.5970821545
1311_76_5077_12,0.5970821545
91_92_50_51,0.5970821545
119_65_1111_2052,0.5970821545
1104_92_29_1024,0.5970821545
1104_92_29_937,0.5970821545
1104_92_29_1048,0.5970821545
54_15_1111_2052,0.5970821545
54_738_29_364,0.5970821545
943_92_50_51,0.5970821545
140_29_141,0.5970821545
120_55_614_615,0.5970821545
943_92_29_1322,0.5970821545
492_43_126_3495,0.5970821545
65_119_2315_67,0.5970821545
126_3495_58_5760,0.5970821545
814_92_50_51,0.5970821545
293_2755_490_1405,0.5948310723
1209_43_956,0.5948310723
1853_43_9650,0.5948310723
364_1111_2052,0.5948310723
3653_27_3654,0.5948310723
293_2755_492_1405,0.5948310723
120_55_11822_614,0.5948310723
293_2755_410_148,0.5948310723
2159_58_2160,0.5948310723
1077_41_432,0.5948310723
8909_72_221,0.5948310723
9650_58_9593,0.5948310723
3121_58_287,0.5948310723
250_43_1744,0.5948310723
1217_58_8863,0.5948310723
2603_43_4487,0.5948310723
238_188_316,0.5948310723
560_58_1002,0.5948310723
1723_29_132,0.5948310723
3594_49_618,0.5948310723
2345_29_1723,0.5948310723
293_2755_250,0.5948310723
15_12_7390_3750_65_40_67_15,0.5890723919
67_58_12_7390_3750_65_40_67,0.5880723919
12_4546_65_40_67_15,0.5746881859
65_16722_67_12_65_12_67,0.5726881859
150_58_151_43_40_11,0.5703661411
5045_65_40_67_15,0.5687992970
54_15_54_15_58_54,0.5646141105
366_65_12_67_193,0.5636141105
65_65_2449_67_67,0.5636141105
12_7390_3750_65_40_67_3747,0.5636141105
150_58_3953_43,0.5629642363
114_58_1105_43,0.5629642363
119_65_1111_107,0.5619642363
51_8_2438_29,0.5619642363
51_8_1260_29,0.5619642363
126_12_58_5760_65_3533_67,0.5618308288
16724_15_40_15_10301,0.5618308288
16724_15_40_15_17616,0.5618308288
5045_65_40_67_4604,0.5618308288
5045_65_40_67_4547,0.5618308288
15_54_738_29_67,0.5618308288
3897_3750_65_40_67,0.5618308288
65_54_738_15_67,0.5618308288
4377_12_58_5760_65_4380_67,0.5608308288
349_12_3702_885_65_12_67,0.5608308288
120_55_614_615_65_3064_67,0.5608308288
7390_3750_65_40_67_221,0.5608308288
224_126_12_58_5760,0.5608308288
5077_12_65_16803_67,0.5608308288
5940_12_65_9584_67,0.5608308288
54_65_54_738_15,0.5608308288
65_40_67_4153_398,0.5608308288
15_17616_15_58_10301,0.5608308288
40_65_3767_67,0.5608308288
65_5075_67_15,0.5608308288
54_65_54_738_54_67,0.5608308288
614_615_65_3064_67,0.5598308288
5940_12_65_9584_67_49_851,0.5598308288
4150_398_65_40_67_4150_398,0.5598308288
16838_18551_5045_65_40_67,0.5598308288
6420_12_3747_65_17612_67,0.5598308288
4273_67_15_12_7390_3750,0.5598308288
16838_5044_5045_65_40_67,0.5598308288
8931_12_3750_65_8937_67,0.5598308288
67_15_3871_65_5075,0.5598308288
1232_15_2735_15_464,0.5598308288
1311_76_12_7390_3750,0.5598308288
9575_40_65_9583_67,0.5598308288
120_55_3110_12_8602,0.5598308288
5760_65_3533_67,0.5598308288
397_65_67_398,0.5598308288
161_65_226_67,0.5598308288
1232_15_464_15,0.5598308288
67_4150_398_65,0.5598308288
3747_65_17612_67,0.5598308288
7390_65_8865_67,0.5598308288
3750_65_8828_67,0.5598308288
3750_65_8407_67,0.5598308288
46_65_66_67,0.5598308288
6551_12_65_16800,0.5598308288
364_54_738_15,0.5598308288
5077_12_2748_65,0.5598308288
475_526_12,0.5598308288
5744_16838_40,0.5598308288
5077_16838_40,0.5598308288
16724_65_16766_67,0.5598308288
5760_65_4380_67,0.5598308288
4150_398_17006_65_10356_67_4153_398,0.5575797465
15_8827_3750,0.5575797465
4155_398_715_4155_398_16941_17007_1405_3428_293_2755_410_148_4155_398_1319_4155_398,0.5575797465
715_4155_398_16941_17007_1405_3428_293_2755_410_148_4155_398_1319_4155_398,0.5575797465
4150_398_17005_65_16725_67_4150_398_17006_65_10356_67_4153_398,0.5575797465
4155_398_250_963_15_1755_4155_398_250_313_15_588,0.5575797465
250_963_15_1755_4155_398_250_313_15_588_4155_398,0.5575797465
4150_398_17005_65_16725_67_4150_398_17006_65_10356,0.5575797465
148_4155_398_12_293_2755_250_17013_1405_171,0.5575797465
4149_398_4150_398_65_16941_6_67_4150_398,0.5575797465
4150_398_65_10301_67_4150_398_17004_65,0.5575797465
16725_67_4150_398_17006_65_10356_67,0.5575797465
4149_398_4150_398_65_16941_6_67,0.5575797465
4150_398_65_16941_6_67_4150_398,0.5575797465
4155_398_250_313_15_588_4155_398,0.5575797465
293_2755_490_1405_4240_22_4155_398,0.5575797465
398_763_4155_398_2995_4155_398,0.5575797465
2851_398_4141_381_2851_398,0.5575797465
1370_324_2586_65_280_67,0.5575797465
293_2755_250_17013_1405_171,0.5575797465
16724_67_4150_398_17005_65,0.5575797465
302_5062_13878_65_5064_67,0.5575797465
302_3733_3750_65_3746_67,0.5575797465
67_4150_398_17005_65_16725,0.5575797465
293_2755_410_148_4155_398,0.5575797465
4142_398_627_628_4143_398,0.5575797465
5231_5232_3750_65_8826_67,0.5575797465
4167_398_4168_398_4169_398,0.5575797465
851_3654_7232_65_7233_67,0.5575797465
2851_398_4141_381_4142_398,0.5575797465
4153_398_4154_4155_398,0.5575797465
1405_5536_148_4155_398,0.5575797465
4155_398_2753_4155_398,0.5575797465
614_615_65_11869_67,0.5575797465
4155_398_2995_4155_398,0.5575797465
4155_398_715_4155_398,0.5575797465
5231_7390_65_7692_67,0.5575797465
3531_3532_65_5623_67,0.5575797465
4173_398_4174_1467_398,0.5575797465
4155_398_763_4155_398,0.5575797465
2232_2233_89_2234_67,0.5575797465
4139_398_4140_2851_398,0.5575797465
4155_398_2769_4155_398,0.5575797465
6551_65_16722_67,0.5575797465
398_17062_17063_17064,0.5575797465
8253_65_17242_67,0.5575797465
244_12_5735_1063,0.5575797465
10301_65_16929_67,0.5575797465
4155_398_250_313,0.5575797465
2522_398_2526_398,0.5575797465
4141_381_4142_398,0.5575797465
3871_65_5075_67,0.5575797465
4141_381_2851_398,0.5575797465
10863_65_10605_67,0.5575797465
4167_398_4168_398,0.5575797465
40_8253_65_17242,0.5575797465
1405_4240_22_4155,0.5575797465
398_1319_4155_398,0.5575797465
4150_398_17005_65,0.5575797465
4149_398_4150_398,0.5575797465
406_738_408,0.5575797465
3110_12_8602,0.5575797465
5523_12_1506,0.5575797465
1883_12_2737,0.5575797465
2552_383_1114,0.5575797465
1269_65_4401,0.5575797465
157_5957_65,0.5575797465
728_4990_3360,0.5575797465
572_157_5957,0.5575797465
5062_13878_65,0.5575797465
4155_398_2995,0.5575797465
5231_12_8413,0.5575797465
120_947_3521,0.5575797465
4155_398_16941,0.5575797465
134_157_5957,0.5575797465
6115_6059_12,0.5575797465
4155_398_2753,0.5575797465
4155_398_4549,0.5575797465
5077_16838_5044,0.5575797465
1232_1062_463,0.5575797465
1232_1062_1063,0.5575797465
9830_15_9650,0.5575797465
54_168_54,0.5575797465
795_328_497,0.5575797465
1610_5940_12,0.5575797465
2735_15_464,0.5575797465
297_298_299,0.5575797465
8931_12_3750,0.5575797465
54_2909_54,0.5575797465
10522_1352,0.5575797465
13820_13821,0.5575797465
8503_8504,0.5575797465
4368_931_2462_65_4369_67,0.5575797465
6434_4575_4076_65_8420_67,0.5575797465
193_349_12_3702_885,0.5575797465
2851_398_4141_381,0.5575797465
4150_398_17004_65,0.5575797465
463_65_2590_67,0.5575797465
898_280_1810,0.5575797465
4346_4155_398,0.5575797465
11_30_492_43_126_12,0.5401336747
2630_65_796_67,0.5200347689
268_664_11_224,0.5200347689
11_120_55_11822,0.5200347689
12_7390_3750_65_40_67_268_41,0.5198691600
1111_107_3496_65,0.5193074962
126_12_58_5760_11,0.5154672552
1104_92_29_51_30,0.5144672552
65_67_15_1111_107,0.5144672552
126_12_58_5760_49,0.5144672552
12_58_5760_131_55,0.5144672552
3495_58_12_2114_76,0.5144672552
492_43_5940_12_65_9584_67_49,0.5134672552
54_738_15_1111_107,0.5124672552
224_126_3495_58,0.5124672552
406_383_583_43,0.5124672552
70_1047_29,0.5124672552
70_1260_41,0.5124672552
51_1047_29,0.5124672552
660_844_43,0.5102161730
1463_898_55,0.5102161730
1405_3428_293_2755,0.5102161730
4153_398_4154,0.5102161730
3120_913_43,0.5102161730
3077_1139_73,0.5102161730
195_1113_23,0.5102161730
2052_293_107,0.5102161730
242_10_35,0.5102161730
238_2923_29,0.5102161730
195_1148_23,0.5102161730
3786_360_55,0.5102161730
1062_1063_8,0.5102161730
4155_398_2755,0.5102161730
3050_131_55,0.5102161730
106_293_107,0.5102161730
70_1777_41,0.5102161730
366_1311_76,0.5102161730
51_8_29_1301_30,0.5101929277
92_30_1104_43_50,0.5101929277
51_8_29_961_30,0.5101929277
92_30_943_43_50,0.5101929277
92_30_960_43_50,0.5101929277
65_1111_107_67_58,0.5101929277
963_29_40_65_40_67_15,0.5059460707
4155_398_16941_17007,0.5045305144
134_258,0.5045305144
302_5062,0.5045305144
5231_5232,0.5045305144
9830_11786,0.5045305144
387_388,0.5045305144
1405_4240,0.5045305144
10542_2869,0.5045305144
8886_7227,0.5045305144
5062_5063,0.5045305144
12_4546_65_40_67_58,0.4987241919
51_8_29_961_30_150,0.4947960844
51_8_29_1322_30_150,0.4947960844
92_30_1104_43_50_51,0.4947960844
92_30_943_43_50_51,0.4947960844
280_282_130,0.4942260887
6_634_629,0.4942260887
1877_29_188,0.4942260887
280_97_98,0.4942260887
106_27_107,0.4942260887
1384_29_188_41,0.4917498982
12_65_9584_67_11,0.4877061256
12_65_16800_67_268,0.4867061256
40_65_16720_67_268,0.4867061256
23_12_492_11_614,0.4825502252
43_126_3495_58_12,0.4825502252
11_120_55_3110_12,0.4825502252
11_50_51_15_70,0.4825502252
30_492_43_5940_12,0.4825502252
11_30_436_51_15,0.4825502252
43_126_12_58_5760,0.4825502252
4167_398_4168_398_4169_398_4173_398_4174_1467,0.4824550433
4155_398_12_293_2755,0.4824550433
4155_398_40_293_2755,0.4824550433
43_4377_3495_58_12,0.4807669434
23_12_492_11_3064,0.4807669434
72_221_12_65,0.4807669434
41_1232_15_2735,0.4797669434
41_688_15_1232,0.4797669434
23_6420_12_3747,0.4797669434
2630_65_796_67_398_40,0.4797669434
1111_2052_67,0.4797669434
268_309_140,0.4790396707
41_2937_2957,0.4790396707
796_293_398_289_796_293_398,0.4790396707
268_246_140,0.4790396707
69_745_195,0.4790396707
9_242_10,0.4790396707
9_242_74,0.4790396707
89_370_195,0.4790396707
45_560_3747,0.4790396707
89_468_508,0.4790396707
73_122_156,0.4790396707
41_2397_3277,0.4790396707
30_960_43_30_51,0.4728888473
23_30_135_43_5231,0.4728888473
30_1134_43_50_51,0.4728888473
23_30_492_43_5940,0.4711055656
30_943_43_50_51,0.4711055656
8_29_1322_30_150,0.4711055656
89_41_292_43_692,0.4711055656
30_1104_43_50_51,0.4711055656
30_960_43_30_436,0.4711055656
1104_43_50_51_8_29_961,0.4704106968
29_12_4546_65_40_67,0.4698190150
55_12_4546_65_40_67,0.4698190150
960_43_50_51_8_29_1048,0.4694106968
58_12_65_3533_67,0.4633849397
23_12_492_11_120_55,0.4615417481
97_98_466,0.4603935303
97_98_986,0.4603935303
1833_49_618,0.4603935303
809_188_140,0.4603935303
165_188_316,0.4603935303
155_41_555,0.4603935303
261_107_364,0.4603935303
629_69_3499,0.4603935303
492_43_126_12_58_5760,0.4592543946
65_261_107_15_54_67,0.4592543946
65_1111_2052_67,0.4592543946
67_15_12_7390_3750_65_40_67_15,0.4588908589
1486_1487,0.4587480522
54_2909_54_15_1111_107_67,0.4582543946
120_55_2345_29_1723,0.4582543946
12_27_425_9601,0.4582543946
489_58_250_490,0.4567652171
2650_29_89_468_16724,0.4567652171
4838_5935_3151,0.4567652171
268_30_412_2397,0.4563935303
7_8_41_242,0.4563935303
73_122_154_11,0.4495236817
58_5760_2114_76,0.4495236817
41_242_883_11,0.4495236817
8_122_154_11,0.4495236817
30_1093_3594_49,0.4495236817
41_1819_292_43,0.4495236817
4377_3495_58_12_65_4380_67,0.4336344823
126_3495_58_12_65_3533_67,0.4336344823
3495_58_12_65_3533_67,0.4336344823
492_43_126_3495_58_12_65_3533_67,0.4336344823
8563_366_65_12_67_193,0.4326344823
18551_5045_65_40_67_4547,0.4326344823
5231_7390_65_8865_67,0.4326344823
6551_12_65_16800_67,0.4326344823
65_54_168_54,0.4326344823
3739_40_65_3767_67,0.4326344823
8827_3750_65_8828_67,0.4311453048
4155_398_1319_4155_398,0.4311453048
3061_3062_366_65,0.4311453048
302_3733_3750,0.4311453048
728_100_12,0.4311453048
851_3654_7232,0.4311453048
8563_366_65,0.4311453048
276_277,0.4311453048
3542_20,0.4311453048
293_2755_250_17013_1405_171_4167_398_4168_398_4169_398_4173_398_4174_1467_398,0.4311453048
4167_398_4168_398_4169_398_4173_398_4174_1467_398,0.4311453048
4150_398_17004_65_16724_67_4150_398_17005_65,0.4311453048
293_2755_410_148_4155_398_1319_4155_398,0.4311453048
4155_398_763_4155_398_2995_4155_398,0.4311453048
1405_3428_293_2755_410_148_4155_398,0.4311453048
54_736_737_65_738_67,0.4311453048
54_736_737_406_738_408,0.4311453048
120_55_11822_614_615,0.4311453048
4149_398_4150_398_65,0.4311453048
5077_16838_18551_5045_65,0.4311453048
4840_3334_1202_65,0.4311453048
5077_16838_18551_5045,0.4311453048
5077_16838_5044_5045,0.4311453048
5146_1514_12_4547,0.4311453048
2748_1883_12_2737,0.4311453048
3451_3081_983,0.4311453048
2582_3809_1737,0.4311453048
5044_5045_65,0.4311453048
931_2462_65,0.4311453048
398_627_628,0.4311453048
826_324_1174,0.4311453048
3040_1113_9595,0.4311453048
32_33_34,0.4311453048
18551_5045_65,0.4311453048
851_3653_6092,0.4311453048
8248_292_8249,0.4311453048
4368_931_2462,0.4311453048
5231_5232_8405,0.4311453048
5231_5232_3750,0.4311453048
3130_9838_3022,0.4311453048
7071_3337_2435,0.4311453048
5062_5063_65,0.4311453048
6434_4575_4076,0.4311453048
6622_3141_192,0.4311453048
250_1631_1524,0.4311453048
54_661_1031,0.4311453048
302_5062_13878,0.4311453048
1370_324_2586,0.4311453048
2239_2535_3134,0.4311453048
175_160_161,0.4311453048
302_5062_5063,0.4311453048
851_3654_6092,0.4311453048
922_3634_618,0.4311453048
1113_9595_575,0.4311453048
65_746_3022,0.4311453048
6434_4575,0.4311453048
9947_9948,0.4311453048
3993_3992,0.4311453048
6048_6059,0.4311453048
8908_8909,0.4311453048
614_615,0.4311453048
4796_18,0.4311453048
7390_3750,0.4311453048
5632_9842,0.4311453048
3262_3360,0.4311453048
3272_7493,0.4311453048
13229_8249,0.4311453048
3236_3866,0.4311453048
3103_3104,0.4311453048
9002_6434,0.4311453048
10028_3468,0.4311453048
9581_9586,0.4311453048
8288_11012,0.4311453048
6456_6457,0.4311453048
2894_1072,0.4311453048
4370_4359,0.4311453048
3211_3022,0.4311453048
3702_885,0.4311453048
1405_4240_22_4155_398,0.4311453048
5231_5232_3750_444,0.4311453048
364_54_736_737,0.4311453048
159_160_161,0.4311453048
54_736_737,0.4311453048
18109_18110_4802,0.4311453048
4840_3334_1202,0.4311453048
142_423,0.4311453048
3848_3849,0.4311453048
7307_7308,0.4311453048
23_30_492_43_126_12_58,0.4250205891
92_29_1322_30_150_43,0.4183666733
701_181_451_72,0.4158774958
4838_5935,0.4158774958
29_961_30_150_43,0.4025944784
29_937_30_204_43,0.4025944784
29_1048_30_204_43,0.4025944784
30_150_58_151_43,0.4025944784
29_1322_30_844_43,0.4025944784
29_1301_30_150_43,0.4025944784
30_151_58_150_43,0.4025944784
29_1322_30_150_43,0.4025944784
29_1322_30_150_58,0.4025944784
30_844_58_151_43,0.4025944784
30_492_43_3495_58,0.4025944784
29_961_30_22_43,0.4025944784
29_961_30_204_43,0.4025944784
30_492_43_3495_58_12,0.4016592224
30_492_43_12_58_5760,0.4016592224
960_43_50_51_8_29_961,0.4003424807
23_30_492_58_135_43,0.3982843479
1104_92_29_961_30_150,0.3961968165
960_43_30_436_51_8_29,0.3959812857
328_796_293,0.3951968165
2909_54_15_1111_107_67,0.3951968165
795_796_293_398,0.3951968165
106_293_107_497,0.3951968165
364_1111_2052_67,0.3951968165
692_755_429,0.3951968165
29_1322_30_150_58_151,0.3949870518
23_30_492_43_5940_12,0.3949870518
73_1232_29_3184,0.3949870518
41_1373_58_664,0.3949870518
814_92_30_960_43,0.3946864151
814_92_29_1322_30,0.3946864151
73_768_29,0.3928824431
130_451_29,0.3928824431
89_468_629,0.3928824431
629_2548_76,0.3928824431
43_30_436_51_8_29,0.3928824431
181_451_72,0.3928824431
127_1458_29,0.3928824431
29_937_274,0.3928824431
960_43_50_51_8_29_1322_30,0.3923412857
92_30_943_43_50_51_8_29,0.3923412857
960_43_50_51_8,0.3923412857
51_8_29_1048_30,0.3923412857
851_3653_27,0.3921972376
1681_2325_43,0.3921972376
67_4153_398_4154,0.3921972376
593_3192_43,0.3921972376
508_793_58,0.3921972376
8886_7227_11,0.3921972376
89_30_3610_43_30,0.3888824431
30_1093_1833_49,0.3888824431
261_107_67_27,0.3888824431
129_130_612_29,0.3888824431
7_8_9,0.3888824431
809_98_188,0.3888824431
129_98_130,0.3888824431
30_943_43_50_51_8_29,0.3888824431
43_50_51_8_29,0.3888824431
29_188_189_29,0.3888824431
629_69_1314_29,0.3888824431
181_98_130,0.3888824431
268_508_43_30_412,0.3888824431
629_1003_629,0.3888824431
960_43_50_51_8_29,0.3815136408
1917_3,0.3780960727
8418_1827,0.3780960727
9595_3148,0.3780960727
1405_171_4167_398_4168_398_4169_398_4173_398_4174_1467_398,0.3780960727
171_4167_398_4168_398_4169_398_4173_398_4174_1467_398,0.3780960727
293_2755_410_148_4155_398_1319,0.3780960727
3897_3750_65_40_67_221,0.3780960727
4155_398_763_4155_398_2995,0.3780960727
1253_242_10,0.3780960727
11813_614_615,0.3780960727
4548_3054,0.3780960727
56_8205,0.3780960727
3510_618,0.3780960727
4368_931,0.3780960727
3508_1647,0.3780960727
3531_3532,0.3780960727
3150_3151,0.3780960727
6048_6049,0.3780960727
3061_3062,0.3780960727
5597_2435,0.3780960727
302_8833,0.3780960727
741_817,0.3780960727
1567_2535,0.3780960727
410_2869,0.3780960727
248_3214,0.3780960727
248_211,0.3780960727
826_324,0.3780960727
6124_1055,0.3780960727
13668_3592,0.3780960727
559_497,0.3780960727
3634_618,0.3780960727
2649_963,0.3780960727
3862_9574,0.3780960727
18551_5045,0.3780960727
851_3653,0.3780960727
18074_3050,0.3780960727
3755_158,0.3780960727
3755_705,0.3780960727
5104_607,0.3780960727
2937_101,0.3780960727
1539_102,0.3780960727
909_618,0.3780960727
757_3183,0.3780960727
2766_349,0.3780960727
11813_614,0.3780960727
876_1782,0.3780960727
324_33,0.3780960727
3934_206,0.3780960727
1853_651,0.3780960727
3051_4187,0.3780960727
3933_2,0.3780960727
4840_3334,0.3780960727
2019_1737,0.3780960727
3141_4647,0.3780960727
1681_2325,0.3780960727
3045_4426,0.3780960727
13755_1567,0.3780960727
931_3236,0.3780960727
692_5557,0.3780960727
33_34,0.3780960727
32_33,0.3780960727
8563_366,0.3780960727
16780_161,0.3780960727
666_382,0.3780960727
4155_398_12_293_2755_250,0.3780960727
2735_15_464_51,0.3780960727
3992_4368_931_2462,0.3780960727
3656_2_3,0.3780960727
11822_614_615,0.3780960727
692_1636_429,0.3780960727
2872_1892,0.3780960727
3613_618,0.3780960727
3516_102,0.3780960727
3826_3674,0.3780960727
3611_3612,0.3780960727
4141_381,0.3780960727
2748_1883,0.3780960727
1113_9595,0.3780960727
3360_9586,0.3780960727
7236_5949,0.3780960727
7236_1647,0.3780960727
3594_3569,0.3780960727
124_125,0.3780960727
1820_4187,0.3780960727
4796_2019,0.3780960727
833_4359,0.3780960727
1278_366,0.3780960727
1076_1077,0.3780960727
1077_429,0.3780960727
540_612,0.3780960727
4129_4283,0.3780960727
9290_2962,0.3780960727
243_206,0.3780960727
1061_1062,0.3780960727
3034_5949,0.3780960727
16941_6,0.3780960727
1405_3428,0.3780960727
1004_3435,0.3780960727
795_10,0.3780960727
1093_5009,0.3780960727
10545_3,0.3780960727
1093_3342,0.3780960727
151_249,0.3780960727
157_5933,0.3780960727
2649_2650,0.3780960727
11900_575,0.3780960727
18109_18110,0.3780960727
5685_161,0.3780960727
3755_228,0.3780960727
18074_3045,0.3780960727
607_8783,0.3780960727
9575_9586,0.3780960727
3880_607,0.3780960727
1331_6456,0.3780960727
5146_1514,0.3780960727
175_160,0.3780960727
88_14,0.3780960727
5457_2957,0.3780960727
13641_16581,0.3780960727
4314_571,0.3780960727
4848_988,0.3780960727
5457_1393,0.3780960727
922_2947,0.3780960727
3521_4417,0.3780960727
7480_3150,0.3780960727
230_231,0.3780960727
3653_6092,0.3780960727
143_3403,0.3780960727
312_313,0.3780960727
4909_2462,0.3780960727
3357_6049,0.3780960727
3654_7232,0.3780960727
3656_2,0.3780960727
1636_429,0.3780960727
1129_1505,0.3780960727
2274_5545,0.3780960727
1631_1524,0.3780960727
4177_4598,0.3780960727
4375_1550,0.3780960727
4596_1110,0.3780960727
5044_5045,0.3780960727
694_295,0.3780960727
692_7833,0.3780960727
593_3192,0.3780960727
3081_2156,0.3780960727
3309_614,0.3780960727
2239_2535,0.3780960727
3081_983,0.3780960727
3309_607,0.3780960727
3698_3508,0.3780960727
7071_3337,0.3780960727
8252_8253,0.3780960727
661_1078,0.3780960727
424_13688,0.3780960727
2_3,0.3780960727
425_9601,0.3780960727
3077_5633,0.3780960727
18110_4802,0.3780960727
303_3526,0.3780960727
3654_6092,0.3780960727
648_653,0.3780960727
661_1031,0.3780960727
11_120_2274_3531,0.3743507627
796_293_398_2909_796_293_398,0.3736234899
30_627_628,0.3736234899
58_425_9601,0.3736234899
29_2557_349,0.3736234899
49_851_3653_27_3654,0.3736234899
73_757_3183_29_3184,0.3736234899
796_293_398,0.3736234899
58_9947_9948,0.3736234899
49_3531_3532,0.3736234899
49_851_3653,0.3736234899
27_425_9601,0.3736234899
796_293_398_10887_67,0.3616195525
43_50_51_8_29_961,0.3608650134
97_98_2834,0.3608650134
7_8_9_10,0.3578650134
7_73_9_242,0.3578650134
16596_323,0.3473097635
371_2316,0.3473097635
2613_35,0.3473097635
497_485,0.3473097635
2130_35,0.3473097635
937_311,0.3473097635
2239_972,0.3473097635
50_51_1047_29,0.3437984262
69_745_195_43,0.3437984262
8463_404,0.3337003350
755_429,0.3337003350
3372_931,0.3337003350
5935_3558,0.3337003350
0_1,0.3337003350
0_53,0.3337003350
129_1867,0.3337003350
796_293,0.3337003350
98_2834,0.3337003350
3372_306,0.3337003350
21_22,0.3337003350
2275_271,0.3337003350
0_3509,0.3337003350
5935_3151,0.3337003350
12_7390_3750_65_40_67_3747_11,0.3282122287
796_293_398_497,0.3254152117
41_3150_3558,0.3254152117
796_293_398_10887,0.3254152117
50_51_8_2438_29,0.3197730386
30_135_43_1744_23,0.3197730386
129_130_994,0.3145765347
43_50_51_8_29_1322,0.3145765347
129_130_140,0.3145765347
30_960_43_30_51_8,0.3126763878
50_51_8_29_1322_30,0.3126763878
29_1048_274,0.3126763878
29_937_311,0.3126763878
50_51_8_29_1048_30,0.3126763878
7_8_9_242,0.3125765347
30_960_43_30_51_8_29,0.3096763878
30_1104_43_50_51_8_29,0.3096763878
129_130_451_29,0.3096763878
129_130,0.3096763878
130_451_29_188,0.2723008028
1400_188,0.2723008028
51_8_29_1048,0.2133294562
814_92_29_1301,0.1730821545
943_92_29_961,0.1730821545
814_92_29_1322,0.1730821545
814_92_30_960,0.1730821545
1373_58_664,0.1730821545
463_181_451,0.1708310723
489_58_250,0.1708310723
701_181_451,0.1708310723
1232_29_3184,0.1708310723
3183_29_3184,0.1708310723
70_181_1624,0.1708310723
51_8_2148,0.1708310723
3495_58_12_65_4380_67,0.1508308288
19094_19095_65_40_67,0.1498308288
4187_65_10610_67,0.1475797465
120_2274_3531,0.1475797465
3357_6059_12,0.1475797465
7308_65_7088,0.1475797465
1232_383_1063,0.1475797465
736_737_65_738_67,0.1475797465
45_30_1093_3594,0.1450347689
51_8_29_937_30,0.1311929277
51_8_29_1322_30,0.1311929277
70_1652_41,0.1304672552
246_140_23,0.1304672552
70_71_72,0.1282161730
1134_1147_72,0.1282161730
70_4293_29,0.1282161730
70_2645_72,0.1282161730
3520_664_11,0.1282161730
152_1186_72,0.1282161730
1134_1186_72,0.1282161730
120_2145_323,0.1282161730
1134_166_72,0.1282161730
662_29_188,0.1242260887
412_246_140,0.1190396707
50_51_1047,0.1190396707
11_1463_898,0.1190396707
183_1134_1186,0.1190396707
50_51_654_30,0.1165236817
5045_65_40_67_268,0.1147061256
1026_268_1791,0.1133935303
30_83_3960,0.1133935303
1113_9595_3148,0.0921453048
3051_1820_4187,0.0921453048
833_4359_1269,0.0921453048
4370_4359_1269,0.0921453048
3150_3558,0.0921453048
1542_4909,0.0921453048
7071_6534,0.0921453048
7071_6534_2435,0.0921453048
3933_3077_4806,0.0921453048
138_97_98,0.0848824431
663_664_94,0.0848824431
7_73_9,0.0848824431
29_3184_241,0.0848824431
8_71_29_188,0.0848824431
960_43_50_51_8_29_1322,0.0833424807
30_412_246_140,0.0822597790
177_89_370_195,0.0822597790
1104_43_50_51_8_29,0.0785136408
70_1886_72,0.0771972376
757_1575_775,0.0771972376
7_8_9_242_10,0.0712343914
378_1539_102,0.0696234899
73_757_3268,0.0696234899
7_73_9_74,0.0688650134
8_1003_3217,0.0688650134
1567_1613,0.0670960727
4923_1110,0.0670960727
1252_1200,0.0670960727
4477_3150,0.0670960727
8248_292,0.0670960727
16838_18551_5045,0.0670960727
3992_4368_931,0.0670960727
56_57,0.0670960727
3130_9838,0.0670960727
4359_1269,0.0670960727
62_63,0.0670960727
746_3022,0.0670960727
302_3733,0.0670960727
546_1186,0.0670960727
1375_1376,0.0670960727
1370_324,0.0670960727
1063_3684,0.0670960727
728_100,0.0670960727
4077_1049,0.0670960727
3401_2278,0.0670960727
4077_1506,0.0670960727
1303_779,0.0670960727
159_160,0.0670960727
18551_19094,0.0670960727
4575_4076,0.0670960727
508_793,0.0670960727
1146_1109,0.0670960727
1253_242,0.0670960727
19094_19095,0.0670960727
2004_1077,0.0670960727
1539_3517,0.0670960727
757_3268,0.0670960727
4806_306,0.0670960727
627_628,0.0670960727
324_1174,0.0670960727
3933_3077,0.0670960727
922_3634,0.0670960727
736_737,0.0670960727
3141_192,0.0670960727
2557_349,0.0670960727
3809_1737,0.0670960727
3045_3050,0.0670960727
1639_1254,0.0670960727
3040_11900,0.0670960727
10870_4187,0.0670960727
931_2462,0.0670960727
286_287,0.0670960727
280_3553,0.0670960727
183_1134_1186_72,0.0640711535
1575_775,0.0543097635
1886_72,0.0543097635
1408_1409,0.0543097635
500_323,0.0543097635
1048_274,0.0543097635
50_1770,0.0507003350
412_1732,0.0507003350
1003_3217,0.0507003350
183_546,0.0507003350
9_474,0.0507003350
663_664_94_1433,0.0507003350
8_1408_1409,0.0506763878
1026_268_1791_72,0.0506763878
129_130_451_29_188,0.0506763878
9_1253_242,0.0474152117
2297_94,0.0333008028
