3_6,0.9968198830
3_364,0.6092198830
3_209,0.6092198830
24_3,0.5923777778
1643_3,0.5863777778
3_7,0.5665309942
3_50,0.5665309942
2_3,0.5586888889
3175_3,0.5576888889
3_3,0.4885309942
25_3,0.4749777778
6_3,0.4716888889
3_242,0.4362198830
3_481,0.4362198830
3_3404,0.4232198830
2298_3,0.4223777778
3_194,0.4222198830
1966_3,0.4203777778
1642_3,0.4193777778
3259_3,0.4193777778
3_4322,0.4162198830
3_518,0.4142198830
1557_3,0.4133777778
3_1575,0.4122198830
3167_3,0.4063777778
3_3455,0.4055309942
406_3,0.4043777778
27_3,0.4006888889
0_5914_0_5914_0,0.4002888889
5914_31896_6_21009_32004_3_7_16037,0.4002888889
37_3,0.3976888889
3_33,0.3975309942
3_15,0.3905309942
63_6,0.3903777778
2_40,0.3866888889
6_1611,0.3853777778
3_76,0.3835309942
3_2,0.3835309942
3_24,0.3835309942
3_159,0.3835309942
3_37,0.3835309942
1966_27,0.3833777778
2298_27,0.3833777778
29_52,0.3813777778
1537_27,0.3813777778
124_412,0.3813777778
0_97,0.3813777778
0_991,0.3803777778
0_29,0.3803777778
25_47,0.3793777778
52_1519,0.3793777778
412_159,0.3793777778
1057_24,0.3783777778
832_27,0.3783777778
58_25,0.3773777778
1992_5,0.3773777778
1611_2,0.3773777778
1682_63,0.3773777778
360_27,0.3773777778
1556_15,0.3773777778
588_25,0.3773777778
2138_24,0.3773777778
1557_27,0.3773777778
12_25,0.3773777778
332_27,0.3763777778
24_2594,0.3733777778
1371_27,0.3733777778
558_27,0.3723777778
3781_27,0.3713777778
3465_24,0.3713777778
1593_24,0.3713777778
3_50_6,0.3665309942
3_7_377_3703,0.3605309942
3_7_377_1529,0.3605309942
2666_2_3,0.3566888889
27_3_50,0.3566888889
2_25_6,0.3536888889
52_371,0.3536888889
56_375,0.3526888889
12_76,0.3526888889
2_377_1027_47,0.3526888889
1632_1527_2,0.3526888889
260_384,0.3526888889
6_7_3,0.3506888889
0_29_52,0.3506888889
122_5,0.3506888889
4_5,0.3506888889
37_6_2_3,0.3496888889
0_97_124_412,0.3496888889
377_1027_894,0.3496888889
1555_679,0.3496888889
2_6_7_3_7,0.3496888889
1680_1527,0.3496888889
1533_3873,0.3496888889
377_1529,0.3496888889
377_3703,0.3496888889
159_25_6_27_3,0.3486888889
1790_63_6_7_3,0.3486888889
2_25_2155_2832,0.3486888889
2_6_7,0.3486888889
159_25_6,0.3486888889
24_6_7,0.3486888889
25_6_7,0.3486888889
0_6_7,0.3486888889
37_6_7,0.3486888889
27_6_7,0.3486888889
27120_24937,0.3486888889
1632_1527,0.3486888889
2155_2850,0.3486888889
2_25_6_128_27_3,0.3486888889
2_25_6_449_27_3,0.3486888889
2_25_6_558_27_3,0.3486888889
2_25_6_384_27_3,0.3486888889
2_25_6_27_3,0.3486888889
8_8801_2987_2343_2358,0.3486888889
2_3_50_6,0.3486888889
2_377_1027_1028,0.3486888889
25_47_27_3,0.3486888889
412_2_25,0.3486888889
6_7_1643,0.3486888889
1790_63_6,0.3486888889
25_6_2411,0.3486888889
15_6_7,0.3486888889
124_412_37,0.3486888889
2155_2156,0.3486888889
2155_2832,0.3486888889
452_453_2,0.3476888889
6_124_53,0.3476888889
33_991,0.3476888889
452_453,0.3476888889
33_29,0.3476888889
2_25_6_449_27,0.3466888889
2_25_6_558_27,0.3466888889
52_371_2,0.3466888889
2_6_2,0.3466888889
15_6_2,0.3466888889
0_97_124,0.3466888889
6_7_53,0.3466888889
30_122_5,0.3466888889
24_6_2,0.3466888889
37_6_2,0.3466888889
27_6_2,0.3466888889
5_425_5,0.3466888889
6_6,0.2666888889
3_47,0.2552198830
3_3444,0.2532198830
3_1537,0.2532198830
3_1679,0.2522198830
3_1980,0.2522198830
40_3,0.2512198830
3_1969,0.2512198830
3_3875,0.2512198830
3_230,0.2512198830
3_2463,0.2502198830
3_1571,0.2502198830
3_2344,0.2502198830
3_1472,0.2472198830
3_681,0.2472198830
3_171,0.2472198830
3_998,0.2462198830
3_859,0.2462198830
3_648,0.2452198830
3_3452,0.2452198830
3_1577,0.2452198830
16_24,0.2442198830
3_2517,0.2432198830
3_155,0.2432198830
3_1950,0.2432198830
63_3,0.2423777778
308_3,0.2403777778
58_3,0.2403777778
959_3,0.2403777778
159_3,0.2403777778
179_3,0.2403777778
3182_3,0.2393777778
1966_40,0.2383777778
3_1542,0.2375309942
25_40,0.2353777778
463_3,0.2353777778
87_3,0.2353777778
3150_3,0.2343777778
859_3,0.2343777778
2544_3,0.2343777778
1675_3,0.2343777778
1598_3,0.2343777778
402_3,0.2343777778
4281_3,0.2333777778
3190_3,0.2333777778
2707_3,0.2333777778
3_449,0.2325309942
3_1200,0.2325309942
3_128,0.2325309942
3_3197,0.2325309942
3_179,0.2305309942
3_2586,0.2305309942
3_9483,0.2305309942
3_437,0.2305309942
3_234,0.2305309942
3_2411,0.2305309942
3_10161,0.2295309942
3_2013,0.2295309942
6_21009_32004_3_7,0.2292888889
124_5796_159_25_4887_9438_32356_25_6982_27,0.2282888889
5796_159_25_4887_9438_32356_25_6982_27_25,0.2282888889
40_15,0.2275309942
99_3,0.2256888889
3026_3,0.2246888889
2516_3,0.2246888889
2038_3,0.2246888889
53_3,0.2216888889
3_0,0.2205309942
74_53,0.2203777778
1961_3,0.2196888889
1985_3,0.2196888889
40_3_7,0.2195309942
3_74,0.2195309942
3_816,0.2195309942
3_99,0.2195309942
3_5,0.2195309942
3_124,0.2195309942
3_145,0.2195309942
3_52,0.2195309942
3_63,0.2195309942
124_1166,0.2193777778
27_40,0.2186888889
74_3,0.2186888889
40_1556,0.2185309942
1525_3,0.2176888889
2293_3,0.2176888889
1316_3,0.2176888889
3455_3,0.2176888889
19_3,0.2176888889
3975_3,0.2176888889
378_15,0.2173777778
76_53,0.2153777778
203_124,0.2153777778
52_221,0.2153777778
53_377,0.2143777778
25_89,0.2143777778
0_816,0.2143777778
159_53,0.2143777778
76_56,0.2143777778
991_52,0.2143777778
159_585,0.2133777778
76_1134,0.2133777778
53_525,0.2133777778
53_1325,0.2133777778
52_2117,0.2133777778
25_1274,0.2133777778
24_149,0.2133777778
159_2319,0.2133777778
159_2072,0.2133777778
159_1800,0.2133777778
159_1796,0.2133777778
159_444,0.2133777778
0_1448,0.2133777778
377_3680,0.2123777778
6_50,0.2123777778
37_1827,0.2123777778
206_25,0.2123777778
56_2220,0.2123777778
1284_25,0.2123777778
159_373,0.2123777778
159_1666,0.2123777778
159_3636,0.2123777778
159_501,0.2123777778
683_74,0.2123777778
0_3,0.2116888889
25_1961,0.2113777778
25_2943,0.2113777778
25_128,0.2113777778
2329_27,0.2113777778
3445_99,0.2113777778
25_1007,0.2113777778
25_377,0.2113777778
110_99,0.2113777778
1016_99,0.2113777778
2927_99,0.2113777778
0_5914_0_5914_0_5914_0,0.2112888889
76_3,0.2106888889
5_3,0.2106888889
7_3,0.2106888889
25_559,0.2103777778
432_25,0.2103777778
2_583,0.2103777778
81_2,0.2103777778
15_19,0.2103777778
25_78,0.2103777778
463_25,0.2103777778
1611_15,0.2103777778
414_25,0.2103777778
859_6,0.2103777778
2_56,0.2103777778
0_210,0.2103777778
816_25,0.2103777778
3_7_1843,0.2102198830
53_150,0.2093777778
25_331,0.2093777778
25_150,0.2093777778
1900_27,0.2093777778
1406_2,0.2093777778
2778_0,0.2093777778
15_438,0.2093777778
25_900,0.2083777778
53_265,0.2083777778
25_211,0.2083777778
3423_0,0.2083777778
6_209,0.2083777778
6_364,0.2083777778
596_25,0.2083777778
160_27,0.2073777778
7996_0,0.2073777778
44351_6,0.2073777778
6_50552,0.2073777778
726_27,0.2073777778
406_6,0.2073777778
25_833,0.2073777778
24_3538,0.2073777778
1088_2,0.2073777778
471_27,0.2073777778
3873_6,0.2073777778
0_13836,0.2073777778
1444_24,0.2063777778
2393_27,0.2063777778
53_1184,0.2063777778
25_182,0.2063777778
2587_27,0.2063777778
9793_24,0.2063777778
649_24,0.2063777778
546_24,0.2063777778
555_27,0.2063777778
3_7_1824,0.2062198830
6_2_3,0.2046888889
3_7_9418,0.2042198830
449_2_3,0.2033777778
3_7_33,0.2025309942
15_1557,0.2023777778
15_1966,0.2023777778
52_1106,0.2023777778
1527_2_6_7_3,0.2003777778
743_2_6_7,0.2003777778
2_25_6_384,0.2003777778
1556_2_6_7,0.2003777778
52_81,0.2003777778
449_27,0.1993777778
2_25_6_449_27_1643,0.1983777778
2133_2_6_7,0.1983777778
1356_2_6_7,0.1983777778
1197_99,0.1983777778
868_203,0.1983777778
711_2_6_7,0.1983777778
56_743,0.1983777778
1527_412,0.1983777778
1245_1057,0.1983777778
991_1057,0.1983777778
29_52_1905,0.1973777778
52_2149,0.1973777778
3528_3529_3527,0.1973777778
29_1356,0.1973777778
145_1076,0.1973777778
1241_7810,0.1973777778
375_1057,0.1973777778
2_40_3,0.1970000000
959_27,0.1963777778
128_27,0.1963777778
111_27,0.1963777778
743_2_6_7_3,0.1963777778
1824_6_7_3,0.1963777778
2_3_7_33,0.1963777778
1985_25,0.1963777778
334_2,0.1963777778
1356_2,0.1963777778
349_27,0.1963777778
2_25_3,0.1956888889
0_5914_0_5914_0_5914,0.1956000000
3_2013_384,0.1955309942
29_1057,0.1953777778
1824_1790_63_6_7_3,0.1953777778
29_1517,0.1953777778
743_24,0.1953777778
371_2,0.1953777778
63_3175,0.1943777778
6_449,0.1943777778
6_95,0.1943777778
9418_6_7_3,0.1943777778
52_410,0.1943777778
52_412,0.1943777778
25_1028,0.1943777778
25_2974,0.1943777778
29_1682,0.1943777778
10023_1155,0.1943777778
6_2038,0.1943777778
2_1642,0.1943777778
2_3175,0.1943777778
2_1675,0.1943777778
15_581,0.1943777778
27_25_6,0.1936888889
3_7_377,0.1935309942
4578_87,0.1933777778
1824_0,0.1933777778
623_27,0.1933777778
1537_2,0.1933777778
2197_24,0.1933777778
673_27,0.1933777778
181_27,0.1933777778
711_2,0.1933777778
334_124,0.1933777778
412_2,0.1933777778
124_711,0.1933777778
683_2,0.1933777778
2013_27,0.1933777778
1456_2,0.1933777778
3404_15,0.1933777778
1295_2,0.1933777778
581_2_6_7,0.1923777778
52_1088,0.1923777778
3099_27,0.1923777778
30_122,0.1923777778
52_1905,0.1923777778
6_3261,0.1923777778
15_2_25,0.1916888889
25_6_2,0.1916888889
6_2_25,0.1916888889
63_6_7_3,0.1916888889
3_50_6_7,0.1915309942
3_2153_6,0.1915309942
3_2013_160,0.1915309942
5_425,0.1913777778
4987_27,0.1913777778
99_25_3,0.1906888889
5_221,0.1906888889
27_25_3,0.1906888889
203_52,0.1906888889
3_7_10531_15,0.1905309942
2292_27,0.1903777778
52_581,0.1903777778
1028_0,0.1903777778
1966_3_7,0.1896888889
25_377_1027,0.1896888889
56_89,0.1896888889
412_37,0.1896888889
124_4575,0.1893777778
7534_24,0.1893777778
25_377_1027_47,0.1886888889
406_3_7,0.1886888889
56_549,0.1886888889
56_1691,0.1886888889
56_1803,0.1886888889
56_2871,0.1886888889
3415_1556,0.1886888889
1610_1611,0.1886888889
8297_1611,0.1886888889
159_66,0.1886888889
124_30,0.1886888889
124_221,0.1886888889
4030_1611,0.1886888889
3773_1611,0.1886888889
1571_2293,0.1886888889
3332_1611,0.1886888889
3680_3681,0.1886888889
8170_1611,0.1886888889
378_308,0.1886888889
377_1211,0.1886888889
377_1027,0.1886888889
377_3762,0.1886888889
377_9198,0.1886888889
2062_2293,0.1886888889
1556_8289,0.1886888889
1134_1135,0.1886888889
2062_1556,0.1886888889
63_25_6_7,0.1886888889
1057_24_3,0.1886888889
56_2940,0.1886888889
1448_21,0.1886888889
159_583,0.1886888889
10460_1556,0.1886888889
97_52,0.1886888889
203_1076,0.1886888889
3457_378,0.1886888889
7150_2293,0.1886888889
124_1905,0.1883777778
2_3_50_6_7,0.1876888889
6_7_3_7,0.1876888889
6_15_3,0.1876888889
1611_13082,0.1876888889
815_816,0.1876888889
3060_432,0.1876888889
378_2,0.1876888889
412_2_25_6_449_27_3_7,0.1866888889
2_6_7_3_7_1824,0.1866888889
2_3_50_6_3261,0.1866888889
6_7_3_7_1848,0.1866888889
6_7_3_7_16197,0.1866888889
2_3_7_377_1529,0.1866888889
449_27_3_7,0.1866888889
1611_2_6_7,0.1866888889
1527_2_6_7,0.1866888889
2_6_7_3167,0.1866888889
124_221_1616,0.1866888889
3175_3_7,0.1866888889
24940_3069_24941,0.1866888889
377_1027_833,0.1866888889
1437_2498,0.1866888889
561_412,0.1866888889
3621_3455,0.1866888889
26882_2194,0.1866888889
3415_3455,0.1866888889
1996_8347,0.1866888889
3709_2463,0.1866888889
3098_9032,0.1866888889
1274_2966,0.1866888889
3098_3674,0.1866888889
8296_2360,0.1866888889
3527_3069,0.1866888889
3527_3416,0.1866888889
24931_2038,0.1866888889
1642_2666,0.1866888889
3464_3069,0.1866888889
1415_3455,0.1866888889
3460_8112,0.1866888889
3191_8657,0.1866888889
3191_2038,0.1866888889
8879_3178,0.1866888889
2039_2038,0.1866888889
377_1880,0.1866888889
7021_216,0.1866888889
10181_20120,0.1866888889
2206_2554,0.1866888889
8864_3098,0.1866888889
1556_3531,0.1866888889
2666_2360,0.1866888889
87_8,0.1866888889
3459_3069,0.1866888889
25_1537_27,0.1866888889
2298_377_1529,0.1866888889
37_25_6,0.1866888889
406_6_364,0.1866888889
377_1027_47,0.1866888889
25_1966,0.1866888889
166_1616,0.1866888889
1996_4143,0.1866888889
20966_2360,0.1866888889
3098_3349,0.1866888889
1833_9642,0.1866888889
368_2463,0.1866888889
3460_24932,0.1866888889
3460_3461,0.1866888889
3875_334,0.1866888889
4045_3178,0.1866888889
377_8177,0.1866888889
2_623_27_3_15_8192_2_623_27_377_1027_1028,0.1856888889
2_25_6_449_27_3_7_377_1027_1028,0.1856888889
377_1027_47_2013_160_145_3441_25_3_1537,0.1856888889
377_3679_377_3680_3681_2363_24938_709_3208,0.1856888889
2_6_7_3_7_377_1027_1028,0.1856888889
25_1557_3099_8995_2358_2_6,0.1856888889
2_25_6_558_27_3_7,0.1856888889
377_3680_3681_2363_24938_709_3208,0.1856888889
2_3_7_377_1027_894,0.1856888889
1790_63_25_6_7_3,0.1856888889
15_8192_2_623_27_3,0.1856888889
36060_3_2153_6_7,0.1856888889
7_3_3960_27_3961,0.1856888889
27_1680_1527_1109_8257,0.1856888889
0_2_1914_221_8034,0.1856888889
2_25_2155_2156,0.1856888889
2_25_2155_2850,0.1856888889
24_25_2155_2156,0.1856888889
2517_6837_2_6,0.1856888889
25_3_1537_27,0.1856888889
2_377_1027_894,0.1856888889
24928_24953_24929_3836,0.1856888889
159_3_50_6,0.1856888889
1533_3873_6,0.1856888889
99_25_6,0.1856888889
6_7_15,0.1856888889
124_53_230,0.1856888889
6_7_3182,0.1856888889
6_7_1848,0.1856888889
111_27_25,0.1856888889
2529_122_5,0.1856888889
406_3_364,0.1856888889
2_25_1229,0.1856888889
406_3_481,0.1856888889
2_25_367,0.1856888889
36060_3_2153,0.1856888889
0_25_6,0.1856888889
24_25_1341,0.1856888889
24_25_3204,0.1856888889
2293_6_7,0.1856888889
63_6_24,0.1856888889
5_25_6,0.1856888889
33374_3604_3,0.1856888889
63_25_6,0.1856888889
25_2298_2411,0.1856888889
37_25_32,0.1856888889
7_6_7,0.1856888889
24954_10721_3069,0.1856888889
0_2_25,0.1856888889
3069_6_7,0.1856888889
0_2_6,0.1856888889
3139_437_3140,0.1856888889
0_97_52,0.1856888889
2692_894_24934,0.1856888889
1942_1943,0.1856888889
9483_9484,0.1856888889
1518_1171,0.1856888889
1632_1525,0.1856888889
68_353,0.1856888889
4812_8564,0.1856888889
4812_8277,0.1856888889
648_353,0.1856888889
7897_3529,0.1856888889
7897_1173,0.1856888889
10730_2787,0.1856888889
16451_3529,0.1856888889
24936_24937,0.1856888889
1648_353,0.1856888889
195_3611,0.1856888889
296_1372,0.1856888889
851_149,0.1856888889
1773_1774,0.1856888889
4045_3322,0.1856888889
1542_1543,0.1856888889
2992_2947,0.1856888889
1348_1349,0.1856888889
2206_2207,0.1856888889
33_97,0.1856888889
33_1448,0.1856888889
8864_3065,0.1856888889
204_149,0.1856888889
3344_8863,0.1856888889
8362_3674,0.1856888889
377_3679_377_3680_3681,0.1856888889
1966_2360_24940_3069_24941,0.1856888889
124_53_3620_1355,0.1856888889
6_50552_14725,0.1856888889
76_25_6,0.1856888889
124_53_260,0.1856888889
6_7_1824,0.1856888889
6_7_377,0.1856888889
24_25_6,0.1856888889
24_25_3270,0.1856888889
8_8801_2987,0.1856888889
25_95_27,0.1856888889
15_360_27,0.1856888889
8859_377_1211,0.1856888889
406_6_7,0.1856888889
52_221_1616,0.1856888889
74_25_6,0.1856888889
15_25_6,0.1856888889
2440_561,0.1856888889
141_3178,0.1856888889
3528_3529,0.1856888889
3790_3791,0.1856888889
2548_2263,0.1856888889
1773_4207,0.1856888889
204_1648,0.1856888889
2836_1372,0.1856888889
8206_27_1680_1527_1109_8257_124,0.1846888889
763_1356_2_4656_6067_24,0.1846888889
2013_160_145_3441_25,0.1846888889
53_1918_27_25,0.1846888889
37_25_2587_27,0.1846888889
37_25_1827_27,0.1846888889
0_37_25,0.1846888889
7_2_25,0.1846888889
124_53_0,0.1846888889
124_2_25,0.1846888889
6_7_25,0.1846888889
6_7_2,0.1846888889
6_7_159,0.1846888889
6_7_203,0.1846888889
6_7_5,0.1846888889
2_6_159,0.1846888889
1687_124_1166,0.1846888889
2_7690_24,0.1846888889
334_27_25,0.1846888889
308_6_15,0.1846888889
1556_124_53,0.1846888889
24_6_15,0.1846888889
7_37_25,0.1846888889
6_15_25,0.1846888889
25_102_27,0.1846888889
378_124_53,0.1846888889
6_159_25,0.1846888889
0_0_2,0.1846888889
15_159_25,0.1846888889
7_6_15,0.1846888889
6_24_25,0.1846888889
27_6_52,0.1846888889
880_277_2,0.1846888889
53_2768_27,0.1846888889
25_334,0.1846888889
47_15,0.1846888889
1611_2_25_6_449_27_3,0.1846888889
6_7_33,0.1846888889
52_371_159,0.1846888889
2_6_15,0.1846888889
2_6_24,0.1846888889
2_6_0,0.1846888889
25_3854_27,0.1846888889
53_1260_27,0.1846888889
1593_24_5,0.1846888889
25_6_15,0.1846888889
25_6_27,0.1846888889
7_159_25,0.1846888889
0_0_25,0.1846888889
15_6_24,0.1846888889
15_37_25,0.1846888889
27_6_15,0.1846888889
7_15_25,0.1846888889
5914_0,0.1832888889
25_20,0.1826888889
24_3175,0.1826888889
25_3854,0.1826888889
25_10885,0.1826888889
27_1642,0.1826888889
6_1164,0.1826888889
25_83,0.1826888889
25_1571,0.1826888889
2298_6,0.1826888889
15_3175,0.1826888889
3_7_1848,0.1825309942
306_2,0.1816888889
384_27,0.1816888889
47_27,0.1816888889
2009_2,0.1816888889
1164_2,0.1816888889
1556_2,0.1816888889
679_2,0.1816888889
53_449,0.1806888889
53_1402,0.1806888889
50_6,0.1806888889
25_3190,0.1806888889
15_1682,0.1806888889
6_406,0.1806888889
29_124,0.1796888889
334_159,0.1796888889
1527_2,0.1796888889
546_159,0.1796888889
0_596,0.1796888889
2023_2,0.1796888889
3_7_588,0.1795309942
2358_2_6_7,0.1786888889
53_4934,0.1786888889
25_2587,0.1786888889
25_3454,0.1786888889
25_1242,0.1786888889
25_512,0.1786888889
2_1598,0.1786888889
2_7690,0.1786888889
7_9617,0.1786888889
1900_2_6_7,0.1786888889
1164_2_6_7,0.1786888889
25_3150,0.1786888889
3_7_377_1027_47,0.1785309942
25_3_7_6,0.1776888889
37_3_50,0.1776888889
24_3_50,0.1776888889
1632_1527_406,0.1776888889
25_743,0.1776888889
1117_27,0.1776888889
308_6,0.1776888889
449_2,0.1776888889
743_2,0.1776888889
1790_63,0.1776888889
814_2,0.1776888889
1979_27,0.1776888889
3454_27,0.1776888889
159_3_50,0.1776888889
2740_2,0.1776888889
1571_27,0.1776888889
1106_37,0.1776888889
581_2,0.1776888889
1792_2,0.1776888889
3_7_377_3703_0,0.1775309942
3_7_377_1027,0.1775309942
449_159,0.1766888889
625_2,0.1766888889
378_2_6_7_3,0.1766888889
128_2,0.1766888889
2013_2,0.1766888889
3_7_377_1027_894,0.1765309942
3_449_27_6,0.1765309942
378_2_6_7,0.1756888889
378_2_25_6_449_27_3,0.1756888889
2_25_6_449,0.1756888889
378_2_3_50,0.1756888889
412_2_25_6_449_27_3,0.1746888889
1537_27_3,0.1746888889
2_3175_3,0.1746888889
6_384_27,0.1746888889
2_25_6_7,0.1746888889
2_6_7_53,0.1746888889
47_27_3,0.1746888889
7_33_29,0.1746888889
449_27_3,0.1746888889
377_1027_0,0.1746888889
29_1900,0.1746888889
27_3_7_1824,0.1736888889
558_27_3,0.1736888889
27_3175_3,0.1736888889
2_1642_3,0.1736888889
29_52_371,0.1736888889
3_7_377_1027_1028,0.1735309942
1611_2_25_6_449_27,0.1726888889
1571_27_3,0.1726888889
124_412_2,0.1726888889
3_7_1824_0,0.1725309942
27_25_47_27_3,0.1716888889
683_2_6,0.1716888889
37_6_95,0.1716888889
8295_8296,0.1716888889
159_6,0.1716888889
203_618,0.1716888889
412_2_25_6,0.1716888889
412_2_6_7,0.1716888889
52_371_2_3,0.1716888889
412_2_6,0.1716888889
25_3_1571,0.1716888889
1611_2_6,0.1716888889
6_1632_1527,0.1716888889
1557_181,0.1716888889
378_2_25_6_449_27,0.1706888889
99_25_47_27,0.1706888889
124_412_2_25,0.1706888889
2_3_7_1824,0.1706888889
2155_2832_0,0.1706888889
1057_24_25,0.1706888889
0_25_384,0.1706888889
2_6_7_3_7_377_1027,0.1706888889
25_6_558_27_3,0.1706888889
2_25_449_27_6,0.1706888889
25_6_128_27_3,0.1706888889
15_452_453_2,0.1706888889
159_25_6_27,0.1706888889
6_558_27_3,0.1706888889
452_453_2_25,0.1706888889
27_25_47_27,0.1706888889
126_2_6,0.1706888889
25_6_128,0.1706888889
25_6_449,0.1706888889
378_2_6,0.1706888889
449_27_6,0.1706888889
205_2_6,0.1706888889
1632_1515,0.1706888889
25_6_449_27_3,0.1696888889
2_3_7_377_1027,0.1696888889
6_124_53_449_2,0.1696888889
2_25_1571_27,0.1696888889
25_47_27,0.1696888889
15_452_453,0.1696888889
15_581_2,0.1696888889
53_378,0.1696888889
25_266,0.1696888889
25_354,0.1696888889
25_384,0.1696888889
25_2846,0.1696888889
6_384,0.1696888889
2_1966,0.1696888889
15_832,0.1696888889
52_371_15_581_2,0.1696888889
449_27_6_7,0.1696888889
377_3703_0,0.1696888889
378_2_25,0.1696888889
25_1571_27,0.1696888889
1514_2358,0.1696888889
15_1057,0.1696888889
27_1643_3,0.1690000000
2_25_377_1027_47_1571_27_3,0.1686888889
412_2_25_6_449_27,0.1686888889
56_743_2_6_7,0.1686888889
159_25_1557_3099,0.1686888889
1057_24_6_7,0.1686888889
2_25_6_2,0.1686888889
37_25_3854,0.1686888889
306_27,0.1686888889
1611_159,0.1686888889
126_2,0.1686888889
7_53,0.1686888889
2666_2,0.1686888889
25_3975_3_1969,0.1686888889
6_124_53_449,0.1686888889
124_53_449,0.1686888889
6_15_1642,0.1686888889
384_2,0.1686888889
0_5,0.1686888889
452_453_2_25_6_449_27,0.1676888889
7_1824_6_7_3,0.1676888889
1632_1527_2_6_7,0.1676888889
2_25_449_27,0.1676888889
25_6_27_3,0.1676888889
25_10885_27,0.1676888889
5_832_27,0.1676888889
53_1918_27,0.1676888889
25_730_27,0.1676888889
6_7_3_7_1843,0.1676888889
2_25_6_7_3,0.1676888889
6_7_3167,0.1676888889
377_3703_1790_63_6_7_3,0.1666888889
2_6_7_3_7_377_3703,0.1666888889
2_25_6_449_27_1642,0.1666888889
452_453_2_6_7,0.1666888889
7_377_1027_1028_0,0.1666888889
1517_6_1632_1527_2,0.1666888889
128_27_3_7,0.1666888889
1517_6_1632_1527,0.1666888889
25_1117_27,0.1666888889
159_25_512,0.1666888889
7_1824_0,0.1666888889
37_25_1557_3099_8995_2358_2_6_7,0.1666888889
377_1027_1028_6_7_3,0.1666888889
52_371_2_6_7,0.1666888889
37_6_5610_2,0.1666888889
52_371_15_581,0.1666888889
52_581_2,0.1666888889
124_1992_99,0.1666888889
371_15_581,0.1666888889
378_159_25,0.1666888889
6_33374_3604,0.1666888889
2_25_449,0.1660000000
377_3703_6,0.1660000000
449_27_3_7_377_1027_1028,0.1656888889
306_27_25_377_1027_47_10161,0.1656888889
2_25_6_128_27,0.1656888889
37_3191_8657_3996,0.1656888889
25_6_27_1643,0.1656888889
25_3_7_10531,0.1656888889
7_377_1027_1028,0.1656888889
15_6_1537_27,0.1656888889
3191_9692_6_1164_2,0.1656888889
10161_412_37_25_3854,0.1656888889
0_29_452_453,0.1656888889
3191_8657_3996_1556,0.1656888889
53_230_9484_306,0.1656888889
124_53_449_2,0.1656888889
2_25_47_27,0.1650000000
6_1632_1527_2,0.1650000000
7_377_3703_0,0.1646888889
1642_2298_3099,0.1646888889
124_53_334_159,0.1646888889
377_1027_1028_0,0.1646888889
25_3164_27,0.1646888889
15_581_2_25,0.1640000000
371_159_25,0.1640000000
1790_63_6_7,0.1620000000
1527_412_2,0.1620000000
25_8295_8296,0.1620000000
27_25_377_1027_47,0.1610000000
6_558_27_3_7,0.1610000000
7_377_1027_1028_6,0.1610000000
37_6_1632_1527,0.1610000000
6_128_27_3,0.1610000000
53_449_2_3,0.1610000000
452_453_2_6,0.1610000000
52_371_2_6,0.1610000000
1632_1527_2_6,0.1610000000
6_384_27_3,0.1610000000
159_25_2298_3099,0.1610000000
25_375_1057,0.1610000000
2_25_47,0.1610000000
6_449_27,0.1610000000
53_334_159,0.1610000000
25_1557_3099,0.1610000000
53_449_27,0.1610000000
1356_2_6,0.1610000000
27_3_2,0.1610000000
15_52_1905,0.1610000000
24_25_6_449_27,0.1600000000
2_25_3_449_27,0.1600000000
2_25_6_384_27,0.1600000000
25_6_558_27,0.1600000000
25_6_128_27,0.1600000000
25_6_449_2,0.1600000000
25_6_449_27,0.1600000000
25_6_2411_2,0.1600000000
27_25_1571_27,0.1600000000
25_3_449_27,0.1600000000
37_6_95_2,0.1600000000
126_2_25,0.1600000000
6_449_2,0.1600000000
6_95_2,0.1600000000
53_449_2,0.1600000000
1356_2_25,0.1600000000
25_2298_3099,0.1600000000
37_25_2587,0.1600000000
27_3_15,0.1600000000
159_6_2,0.1600000000
205_2_25,0.1600000000
2_25_377_1027_47_1571_27,0.1590000000
2133_2_25,0.1590000000
15_452_453_2_25,0.1580000000
52_371_2_25,0.1580000000
3_7_16037,0.0521309942
3_7_16037_5914,0.0521309942
5912_1800,0.0492888889
5914_0_5914_0_5914_0_5914_0_5914,0.0482888889
27_3_2_25_6_3578_5049,0.0482888889
31896_6_21009,0.0482888889
25_3_15,0.0482888889
6_3578,0.0479777778
4887_27,0.0469777778
31896_6,0.0449777778
6_21009,0.0449777778
3_7_273,0.0442198830
6_3578_5049,0.0432888889
6_21009_32004_3_7_16037,0.0412888889
3_7_23191,0.0402198830
3_76_56,0.0395309942
3_7_3881,0.0392198830
3_7_24430,0.0392198830
3099_27_3,0.0383777778
5914_31896_6_21009_32004_3_7_16037_5914,0.0382888889
0_5914_0_5914_0_5914_0_5914_0,0.0382888889
6_21009_32004_3_7_16037_5914,0.0382888889
6_21009_2_3,0.0382888889
5914_0_5914,0.0382888889
3_7_21125,0.0382198830
3_7_9617,0.0382198830
3_2_25_6,0.0375309942
3_7_10921,0.0372198830
3_7_3139,0.0372198830
3_7_4320,0.0372198830
3_7_12853,0.0372198830
1537_2_3,0.0363777778
25_3_230,0.0363777778
2_3_194,0.0363777778
683_2_3,0.0363777778
334_2_3,0.0363777778
1527_2_3,0.0363777778
959_27_3,0.0363777778
97_124,0.0363777778
25_959,0.0363777778
3_33_29,0.0355309942
3_596_25,0.0355309942
1164_2_3,0.0353777778
2_3_1575,0.0353777778
10885_27_3,0.0353777778
349_27_3,0.0353777778
711_159,0.0353777778
126_37,0.0353777778
74_56,0.0353777778
297_52,0.0353777778
15_38,0.0353777778
3_7_20683,0.0352198830
3_7_1752,0.0352198830
711_2_3,0.0343777778
10024_99,0.0343777778
3976_378,0.0343777778
1611_2_6_7_3,0.0333777778
1556_2_25_6,0.0333777778
205_2_25_6,0.0333777778
625_2_6_7,0.0333777778
2_3_7_203,0.0333777778
126_2_6_7,0.0333777778
2_3_7_4344,0.0333777778
25_3_2411,0.0333777778
52_30,0.0333777778
52_1406,0.0333777778
25_496,0.0333777778
29_648,0.0333777778
29_30,0.0333777778
306_63,0.0333777778
463_53,0.0333777778
221_1616,0.0333777778
1611_308,0.0333777778
1992_99,0.0333777778
68_38,0.0333777778
145_21,0.0333777778
145_52,0.0333777778
145_97,0.0333777778
145_29,0.0333777778
76_221,0.0333777778
74_38,0.0333777778
74_641,0.0333777778
1644_74,0.0333777778
297_21,0.0333777778
378_58,0.0333777778
378_306,0.0333777778
5_97,0.0333777778
203_68,0.0333777778
203_21,0.0333777778
203_29,0.0333777778
1556_1611,0.0333777778
1057_63,0.0333777778
743_2_6_7_3_7,0.0323777778
412_2_6_7_3_7,0.0323777778
1164_2_6_7_3,0.0323777778
1900_2_6_7_3,0.0323777778
412_2_3_7,0.0323777778
449_2_3_7,0.0323777778
1537_27_6_7,0.0323777778
2133_2_25_6,0.0323777778
371_159_25_6,0.0323777778
1979_27_3,0.0323777778
8995_2358,0.0323777778
1969_306,0.0323777778
29_562,0.0323777778
29_385,0.0323777778
561_1166,0.0323777778
221_260,0.0323777778
165_743,0.0323777778
3996_1556,0.0323777778
1448_1057,0.0323777778
69_375,0.0323777778
260_126,0.0323777778
8296_306,0.0323777778
2298_2411,0.0323777778
2298_2463,0.0323777778
126_412,0.0323777778
438_1057,0.0323777778
78_378,0.0323777778
1644_99,0.0323777778
212_56,0.0323777778
384_618,0.0323777778
378_334,0.0323777778
815_74,0.0323777778
33_56,0.0323777778
1134_743,0.0323777778
203_1406,0.0323777778
1556_412,0.0323777778
19_1537,0.0323777778
3_7_4313,0.0322198830
5_25_3,0.0316888889
371_2_6_7_3_7,0.0313777778
412_2_6_7_3,0.0313777778
6_7_3_209,0.0313777778
1966_3099,0.0313777778
25_8295,0.0313777778
21_2149,0.0313777778
10161_412,0.0313777778
3140_5,0.0313777778
2529_122,0.0313777778
1644_5,0.0313777778
118_378,0.0313777778
216_16437,0.0313777778
203_204,0.0313777778
5610_2_6_7_3,0.0313777778
1356_2_6_7_3,0.0313777778
2440_124,0.0313777778
3620_1355,0.0313777778
145_204,0.0313777778
3310_99,0.0313777778
3_2_377_1027,0.0305309942
25_377_1027_47_10161,0.0303777778
2133_2_6_7_3,0.0303777778
2_3_7_9418,0.0303777778
1727_25,0.0303777778
1966_2360,0.0303777778
25_716,0.0303777778
25_449,0.0303777778
25_2931,0.0303777778
25_2470,0.0303777778
25_1316,0.0303777778
25_348,0.0303777778
25_4305,0.0303777778
25_1634,0.0303777778
27_56,0.0303777778
25_1090,0.0303777778
24_38,0.0303777778
25_3975,0.0303777778
25_367,0.0303777778
8126_532,0.0303777778
716_25,0.0303777778
1527_27,0.0303777778
872_25,0.0303777778
3293_24,0.0303777778
378_3147,0.0303777778
1591_0,0.0303777778
95_27,0.0303777778
2_2072,0.0303777778
2_66,0.0303777778
0_56,0.0303777778
2_501,0.0303777778
2_1666,0.0303777778
2_373,0.0303777778
8570_25,0.0303777778
207_53,0.0303777778
15_1517,0.0303777778
711_2_6_7_3,0.0303777778
25_2544,0.0303777778
25_709,0.0303777778
262_25,0.0303777778
15_1245,0.0303777778
581_2_6_7_3,0.0293777778
6_7_3_364,0.0293777778
1643_3_7,0.0293777778
1675_3_7,0.0293777778
1517_6,0.0293777778
1260_27,0.0293777778
221_1594,0.0293777778
221_8034,0.0293777778
3097_27,0.0293777778
1900_2,0.0293777778
2846_27,0.0293777778
4057_2,0.0293777778
2363_24938,0.0293777778
2298_2338,0.0293777778
2298_3099,0.0293777778
4158_159,0.0293777778
377_3679,0.0293777778
2_3167,0.0293777778
2063_2,0.0293777778
2440_21,0.0293777778
618_25,0.0293777778
743_9453,0.0293777778
24940_3069,0.0293777778
2888_5,0.0293777778
38_3148,0.0293777778
1557_3099,0.0293777778
52_815,0.0283777778
1969_15,0.0283777778
53_1501,0.0283777778
53_1081,0.0283777778
53_592,0.0283777778
53_10481,0.0283777778
53_205,0.0283777778
7810_24,0.0283777778
53_1007,0.0283777778
53_853,0.0283777778
52_1644,0.0283777778
52_1349,0.0283777778
53_2092,0.0283777778
52_489,0.0283777778
53_260,0.0283777778
53_230,0.0283777778
53_814,0.0283777778
25_4973,0.0283777778
25_1640,0.0283777778
25_4243,0.0283777778
25_1396,0.0283777778
25_2968,0.0283777778
25_2768,0.0283777778
25_2730,0.0283777778
25_2707,0.0283777778
25_3259,0.0283777778
25_3978,0.0283777778
25_276,0.0283777778
25_1598,0.0283777778
25_1229,0.0283777778
25_4515,0.0283777778
24_996,0.0283777778
25_332,0.0283777778
25_3332,0.0283777778
25_1791,0.0283777778
25_2724,0.0283777778
27_295,0.0283777778
25_659,0.0283777778
25_7437,0.0283777778
25_1486,0.0283777778
27_260,0.0283777778
27_2052,0.0283777778
27_1134,0.0283777778
1280_2,0.0283777778
1872_53,0.0283777778
462_37,0.0283777778
1181_24,0.0283777778
306_24,0.0283777778
3899_0,0.0283777778
6090_25,0.0283777778
5917_27,0.0283777778
2338_0,0.0283777778
1617_27,0.0283777778
68_53,0.0283777778
2041_15,0.0283777778
3860_2,0.0283777778
1909_2,0.0283777778
1157_0,0.0283777778
410_2,0.0283777778
6903_27,0.0283777778
151_0,0.0283777778
3921_0,0.0283777778
2181_27,0.0283777778
3140_25,0.0283777778
1406_53,0.0283777778
1255_2,0.0283777778
1898_2,0.0283777778
4039_2,0.0283777778
763_27,0.0283777778
2629_27,0.0283777778
362_27,0.0283777778
112_27,0.0283777778
3203_0,0.0283777778
4849_37,0.0283777778
4553_2,0.0283777778
385_24,0.0283777778
1532_2,0.0283777778
3713_15,0.0283777778
7246_52,0.0283777778
20683_0,0.0283777778
2199_0,0.0283777778
2030_27,0.0283777778
2035_25,0.0283777778
996_25,0.0283777778
6_2411,0.0283777778
6_1377,0.0283777778
6_1405,0.0283777778
6_3595,0.0283777778
6_1809,0.0283777778
2_2100,0.0283777778
5_3751,0.0283777778
2_7996,0.0283777778
2_165,0.0283777778
2_444,0.0283777778
2_585,0.0283777778
0_295,0.0283777778
0_872,0.0283777778
6_334,0.0283777778
2_1800,0.0283777778
2_1687,0.0283777778
2_2319,0.0283777778
2_3636,0.0283777778
6_242,0.0283777778
816_53,0.0283777778
1809_15,0.0283777778
1804_2,0.0283777778
1752_0,0.0283777778
12607_27,0.0283777778
37_56,0.0283777778
2110_2,0.0283777778
82_24,0.0283777778
83_27,0.0283777778
3455_15,0.0283777778
81_99,0.0283777778
401_2,0.0283777778
453_24,0.0283777778
2666_15,0.0283777778
15_367,0.0283777778
2145_24,0.0283777778
3595_0,0.0283777778
15_1003,0.0283777778
16482_0,0.0283777778
25_7650,0.0283777778
25_3037,0.0283777778
25_1616,0.0283777778
25_1505,0.0283777778
755_2,0.0283777778
758_24,0.0283777778
1527_74,0.0283777778
648_53,0.0283777778
1585_27,0.0283777778
366_24,0.0283777778
1091_53,0.0283777778
1679_27,0.0283777778
6_859,0.0283777778
2_3182,0.0283777778
2_1796,0.0283777778
0_595,0.0283777778
2_1643,0.0283777778
2_367,0.0283777778
2_1229,0.0283777778
1396_27,0.0283777778
1740_25,0.0283777778
7843_25,0.0283777778
11_2,0.0283777778
25_4887,0.0282888889
6_7_3_7_159,0.0276888889
3320_27,0.0273777778
53_354,0.0273777778
1962_27,0.0273777778
52_1181,0.0273777778
52_2349,0.0273777778
52_11,0.0273777778
53_700,0.0273777778
1946_24,0.0273777778
25_4578,0.0273777778
24_136,0.0273777778
25_8511,0.0273777778
24_158,0.0273777778
25_1586,0.0273777778
24_381,0.0273777778
25_1572,0.0273777778
25_907,0.0273777778
25_8597,0.0273777778
1519_159,0.0273777778
102_27,0.0273777778
4313_0,0.0273777778
3261_0,0.0273777778
2044_0,0.0273777778
1275_24,0.0273777778
8298_24,0.0273777778
159_1255,0.0273777778
124_815,0.0273777778
1027_47,0.0273777778
124_401,0.0273777778
124_122,0.0273777778
1687_124,0.0273777778
1732_2,0.0273777778
1687_52,0.0273777778
3350_0,0.0273777778
4066_27,0.0273777778
6_481,0.0273777778
1076_63,0.0273777778
1755_27,0.0273777778
407_124,0.0273777778
3590_0,0.0273777778
5476_0,0.0273777778
6_7_3_7_1824,0.0273777778
377_1027_1028,0.0273777778
24_2223,0.0273777778
2440_52,0.0273777778
4575_2,0.0273777778
136_24,0.0273777778
124_554,0.0273777778
286_6,0.0273777778
15_8536,0.0273777778
2_3_37,0.0266888889
1556_2_3,0.0266888889
623_27_3,0.0266888889
378_2_3,0.0266888889
52_4575,0.0263777778
25_14858,0.0263777778
25_4693,0.0263777778
24_72,0.0263777778
24_8747,0.0263777778
4283_0,0.0263777778
2730_74,0.0263777778
16129_0,0.0263777778
122_74,0.0263777778
1893_27,0.0263777778
1088_99,0.0263777778
2593_27,0.0263777778
1565_27,0.0263777778
2626_27,0.0263777778
3191_9692,0.0263777778
480_24,0.0263777778
277_24,0.0263777778
2870_159,0.0263777778
489_99,0.0263777778
4092_2,0.0263777778
5812_37,0.0263777778
6_518,0.0263777778
6_37245,0.0263777778
2349_37,0.0263777778
37_4801,0.0263777778
3386_27,0.0263777778
1313_2,0.0263777778
2987_2343,0.0263777778
953_27,0.0263777778
124_3445,0.0263777778
1459_99,0.0263777778
4559_27,0.0263777778
3309_27,0.0263777778
25_6_449_27_3_7_9418,0.0256888889
7_588_25,0.0256888889
1632_1527_124,0.0256888889
3_7_8170,0.0255309942
6424_37,0.0253777778
1946_99,0.0253777778
52_7335,0.0253777778
1703_24,0.0253777778
1486_24,0.0253777778
8617_63,0.0253777778
15359_27,0.0253777778
52_4372,0.0253777778
25_3975_3,0.0246888889
3_7_16197,0.0245309942
3583_0,0.0243777778
52_277,0.0243777778
5871_76,0.0243777778
631_27,0.0243777778
1573_27,0.0243777778
3876_27,0.0243777778
1342_63,0.0243777778
5685_24,0.0243777778
6_33374,0.0243777778
7_16037,0.0243777778
8206_27,0.0243777778
24_4106,0.0243777778
6067_24,0.0243777778
135_24,0.0243777778
4575_37,0.0243777778
124_3310,0.0243777778
15_8864,0.0243777778
1527_2_6_7_3_7,0.0236888889
378_2_6_7_3_7,0.0236888889
6_7_3_7_33,0.0236888889
1556_2_3_7,0.0236888889
588_25_1537_27,0.0236888889
1790_63_25_6,0.0236888889
27_25_3_1571,0.0236888889
384_2_3_7,0.0236888889
205_2_6_7,0.0236888889
378_2_3_7,0.0236888889
2_3_7_588,0.0236888889
1527_2_3_7,0.0236888889
25_3_234,0.0236888889
25_3_2013,0.0236888889
384_2_3,0.0236888889
0_29_1057,0.0236888889
3975_3_1969,0.0236888889
683_15,0.0236888889
99_56,0.0236888889
27_25_6_449,0.0226888889
205_15,0.0226888889
207_25,0.0226888889
2_25_377_1027_47_1571,0.0216888889
124_53_377_1027_47_2013,0.0216888889
558_27_3_7_377,0.0216888889
623_27_3_15,0.0216888889
37_25_6_1274,0.0216888889
1527_412_2_25,0.0216888889
27_3_7_9617,0.0216888889
27_3_7_1752,0.0216888889
1642_3_7_377,0.0216888889
124_832_27_3,0.0216888889
683_2_6_7,0.0216888889
47_27_3_7,0.0216888889
2_25_3_449,0.0216888889
2_25_6_128,0.0216888889
1611_2_25_6,0.0216888889
7_3_7_15,0.0216888889
126_2_25_6,0.0216888889
306_2_3_7,0.0216888889
679_2_25_6,0.0216888889
412_2_3,0.0216888889
99_25_47,0.0216888889
25_3_10161,0.0216888889
814_2_3,0.0216888889
7_33_991,0.0216888889
97_124_412,0.0216888889
371_2_3,0.0216888889
3191_8657_3996,0.0216888889
3_0_97,0.0215309942
3_0_29,0.0215309942
2_25_6_449_27_3_7_377,0.0206888889
2_25_6_3578,0.0206888889
5610_2_6_7,0.0206888889
2_3_7_377,0.0206888889
25_3_6,0.0206888889
3580_53,0.0206888889
53_3034,0.0206888889
53_2768,0.0206888889
53_1632,0.0206888889
53_126,0.0206888889
53_3781,0.0206888889
3322_15,0.0206888889
25_3178,0.0206888889
25_9085,0.0206888889
25_3457,0.0206888889
25_681,0.0206888889
25_1148,0.0206888889
25_3204,0.0206888889
25_2740,0.0206888889
25_726,0.0206888889
25_51,0.0206888889
25_2705,0.0206888889
25_3175,0.0206888889
25_2206,0.0206888889
25_3857,0.0206888889
25_1843,0.0206888889
25_95,0.0206888889
27_210,0.0206888889
25_2530,0.0206888889
24_165,0.0206888889
25_260,0.0206888889
24_221,0.0206888889
25_1117,0.0206888889
25_730,0.0206888889
24_377,0.0206888889
25_3620,0.0206888889
25_3415,0.0206888889
25_230,0.0206888889
25_3321,0.0206888889
25_1679,0.0206888889
27_1506,0.0206888889
25_1632,0.0206888889
27_671,0.0206888889
462_15,0.0206888889
841_15,0.0206888889
462_2,0.0206888889
463_6,0.0206888889
306_37,0.0206888889
10885_27,0.0206888889
3026_6,0.0206888889
2900_2,0.0206888889
1611_24,0.0206888889
63_377,0.0206888889
449_15,0.0206888889
3099_15,0.0206888889
1155_2,0.0206888889
1150_15,0.0206888889
145_124,0.0206888889
159_56,0.0206888889
963_25,0.0206888889
130_27,0.0206888889
1527_124,0.0206888889
2360_15,0.0206888889
2223_25,0.0206888889
3148_2,0.0206888889
2298_24,0.0206888889
1827_27,0.0206888889
2293_15,0.0206888889
2298_377,0.0206888889
683_27,0.0206888889
74_221,0.0206888889
2766_2,0.0206888889
437_6,0.0206888889
3178_2,0.0206888889
2461_15,0.0206888889
588_6,0.0206888889
179_6,0.0206888889
111_2,0.0206888889
364_15,0.0206888889
478_2,0.0206888889
364_0,0.0206888889
364_2,0.0206888889
2974_27,0.0206888889
4017_2,0.0206888889
47_159,0.0206888889
1843_15,0.0206888889
384_124,0.0206888889
4934_27,0.0206888889
378_24,0.0206888889
2038_15,0.0206888889
3441_25,0.0206888889
991_124,0.0206888889
95_15,0.0206888889
97_24,0.0206888889
378_63,0.0206888889
7_412,0.0206888889
6_1332,0.0206888889
6_3510,0.0206888889
6_1514,0.0206888889
6_648,0.0206888889
6_868,0.0206888889
7_2298,0.0206888889
0_19,0.0206888889
2_1833,0.0206888889
2_1134,0.0206888889
2_3191,0.0206888889
6_3346,0.0206888889
6_22436,0.0206888889
0_1134,0.0206888889
2_4243,0.0206888889
0_332,0.0206888889
2_959,0.0206888889
0_146,0.0206888889
7_97,0.0206888889
37_3191,0.0206888889
37_1134,0.0206888889
1557_6,0.0206888889
1557_99,0.0206888889
205_2,0.0206888889
453_159,0.0206888889
87_6,0.0206888889
679_159,0.0206888889
392_27,0.0206888889
2117_53,0.0206888889
5610_2,0.0206888889
15_8586,0.0206888889
15_1833,0.0206888889
15_618,0.0206888889
15_1197,0.0206888889
2516_15,0.0206888889
15_3460,0.0206888889
15_1356,0.0206888889
2511_2,0.0206888889
3069_15,0.0206888889
25_6_2_3_7,0.0206000000
25_3_1950,0.0196888889
15359_27_3,0.0196888889
126_2_3,0.0196888889
2358_2_3,0.0196888889
5610_2_3,0.0196888889
2411_2_3,0.0196888889
1611_2_3,0.0196888889
95_2_3,0.0196888889
27_3_2517,0.0196888889
1105_2_3,0.0196888889
306_2_3,0.0196888889
1028_6_7_3,0.0186888889
2_3_52,0.0186888889
2_3_24,0.0186888889
10161_412_37,0.0186888889
15_25_3,0.0186888889
27_3_24,0.0186888889
27_3_37,0.0186888889
52_438,0.0186888889
1969_2,0.0186888889
1966_24,0.0186888889
1966_3657,0.0186888889
53_1405,0.0186888889
53_2013,0.0186888889
53_3620,0.0186888889
52_89,0.0186888889
58_6,0.0186888889
52_8126,0.0186888889
25_4543,0.0186888889
25_1341,0.0186888889
25_1642,0.0186888889
25_4149,0.0186888889
25_398,0.0186888889
25_8783,0.0186888889
25_2155,0.0186888889
27_38,0.0186888889
25_375,0.0186888889
25_3583,0.0186888889
25_1930,0.0186888889
24_1792,0.0186888889
25_2666,0.0186888889
25_3943,0.0186888889
25_2171,0.0186888889
25_4559,0.0186888889
25_1910,0.0186888889
25_1773,0.0186888889
25_3323,0.0186888889
25_2844,0.0186888889
27_165,0.0186888889
27_763,0.0186888889
1118_384,0.0186888889
1515_0,0.0186888889
425_5,0.0186888889
2441_2,0.0186888889
3416_15,0.0186888889
63_38,0.0186888889
3026_15,0.0186888889
959_24,0.0186888889
146_27,0.0186888889
1356_159,0.0186888889
548_5,0.0186888889
684_25,0.0186888889
126_159,0.0186888889
432_6,0.0186888889
1255_27,0.0186888889
1088_25,0.0186888889
74_1134,0.0186888889
1930_6,0.0186888889
1574_25,0.0186888889
1644_24,0.0186888889
479_2,0.0186888889
3270_15,0.0186888889
1648_53,0.0186888889
1195_27,0.0186888889
273_52,0.0186888889
9453_37,0.0186888889
371_24,0.0186888889
1598_27,0.0186888889
2_3899,0.0186888889
6_3026,0.0186888889
6_4480,0.0186888889
0_173,0.0186888889
2_1961,0.0186888889
6_16348,0.0186888889
6_1969,0.0186888889
2_1930,0.0186888889
6_2724,0.0186888889
33_25,0.0186888889
2344_377,0.0186888889
32_2,0.0186888889
37_38,0.0186888889
1076_308,0.0186888889
1973_25,0.0186888889
1918_27,0.0186888889
672_2,0.0186888889
1472_15,0.0186888889
205_27,0.0186888889
206_53,0.0186888889
596_53,0.0186888889
402_25,0.0186888889
7_5_425_5,0.0176888889
29_452_453_2,0.0176888889
7_377_1027_894,0.0176888889
1527_2_25_6,0.0176888889
53_334,0.0176888889
53_69,0.0176888889
25_3416,0.0176888889
25_576,0.0176888889
24_56,0.0176888889
25_32,0.0176888889
25_3191,0.0176888889
27_3460,0.0176888889
27_377,0.0176888889
27_311,0.0176888889
894_15,0.0176888889
2041_2,0.0176888889
713_15,0.0176888889
334_15,0.0176888889
1525_15,0.0176888889
1406_159,0.0176888889
768_25,0.0176888889
625_15,0.0176888889
1105_2,0.0176888889
859_25,0.0176888889
588_53,0.0176888889
212_25,0.0176888889
2133_2,0.0176888889
1090_2,0.0176888889
1241_25,0.0176888889
3713_2,0.0176888889
3293_2,0.0176888889
3444_15,0.0176888889
378_37,0.0176888889
3444_2,0.0176888889
7_991,0.0176888889
6_959,0.0176888889
6_306,0.0176888889
6_3350,0.0176888889
6_5610,0.0176888889
6_2013,0.0176888889
6_1556,0.0176888889
6_1527,0.0176888889
7_203,0.0176888889
6_128,0.0176888889
0_641,0.0176888889
0_111,0.0176888889
7_29,0.0176888889
37_221,0.0176888889
37_145,0.0176888889
1557_24,0.0176888889
868_25,0.0176888889
868_15,0.0176888889
15_648,0.0176888889
15_385,0.0176888889
15_165,0.0176888889
15_1134,0.0176888889
15_111,0.0176888889
15_3403,0.0176888889
15_207,0.0176888889
3065_15,0.0176888889
3_2_25,0.0175309942
371_2_25_6_449_27_3,0.0166888889
2_6_7_3_7_377,0.0166888889
2358_2_6_7_3,0.0166888889
6_7_3_7_377,0.0166888889
453_2_6_7_3,0.0166888889
1556_2_6_7_3,0.0166888889
27_3_7_33,0.0166888889
2358_2_3_7,0.0166888889
2358_2_25_6,0.0166888889
581_2_25_6,0.0166888889
2_25_6_558,0.0166888889
51_2_25_6,0.0166888889
371_2_6_7,0.0166888889
371_2_25_6,0.0166888889
6_27_3,0.0166888889
2038_3_7,0.0166888889
27_3_6,0.0166888889
1727_6,0.0166888889
53_4779,0.0166888889
53_2023,0.0166888889
53_743,0.0166888889
51_2,0.0166888889
52_110,0.0166888889
3037_15,0.0166888889
52_122,0.0166888889
53_2931,0.0166888889
52_1057,0.0166888889
53_1918,0.0166888889
53_1396,0.0166888889
9484_306,0.0166888889
25_160,0.0166888889
25_4281,0.0166888889
25_3973,0.0166888889
25_6982,0.0166888889
25_2411,0.0166888889
25_4495,0.0166888889
25_3270,0.0166888889
25_3431,0.0166888889
25_368,0.0166888889
25_2085,0.0166888889
25_3172,0.0166888889
24_1648,0.0166888889
25_2289,0.0166888889
25_3164,0.0166888889
25_327,0.0166888889
25_2548,0.0166888889
24_2666,0.0166888889
25_3401,0.0166888889
25_2313,0.0166888889
20_27,0.0166888889
25_3655,0.0166888889
25_1472,0.0166888889
25_3718,0.0166888889
2449_2,0.0166888889
1638_2,0.0166888889
1984_25,0.0166888889
1519_2,0.0166888889
1517_25,0.0166888889
562_37,0.0166888889
894_377,0.0166888889
306_124,0.0166888889
160_145,0.0166888889
3620_334,0.0166888889
306_52,0.0166888889
3103_2,0.0166888889
3957_2,0.0166888889
9418_0,0.0166888889
2584_27,0.0166888889
2330_25,0.0166888889
1611_124,0.0166888889
63_56,0.0166888889
3657_27,0.0166888889
1900_159,0.0166888889
1905_2,0.0166888889
1500_2,0.0166888889
1905_37,0.0166888889
1150_2,0.0166888889
145_3441,0.0166888889
260_6,0.0166888889
266_2,0.0166888889
1900_37,0.0166888889
266_27,0.0166888889
533_24,0.0166888889
334_37,0.0166888889
334_52,0.0166888889
1155_1556,0.0166888889
1527_37,0.0166888889
1144_2,0.0166888889
641_27,0.0166888889
7690_24,0.0166888889
1527_52,0.0166888889
3529_6,0.0166888889
2846_2,0.0166888889
3529_15,0.0166888889
5796_159,0.0166888889
1824_25,0.0166888889
1824_6,0.0166888889
125_2,0.0166888889
124_5796,0.0166888889
128_52,0.0166888889
1027_2724,0.0166888889
1028_25,0.0166888889
126_124,0.0166888889
683_124,0.0166888889
3178_15,0.0166888889
3178_894,0.0166888889
2768_27,0.0166888889
3854_27,0.0166888889
2237_2,0.0166888889
2013_384,0.0166888889
1585_25,0.0166888889
2594_53,0.0166888889
70_2,0.0166888889
1402_27,0.0166888889
623_1200,0.0166888889
625_27,0.0166888889
625_124,0.0166888889
765_25,0.0166888889
4480_15,0.0166888889
9692_6,0.0166888889
1645_2,0.0166888889
1642_2298,0.0166888889
1106_159,0.0166888889
743_27,0.0166888889
349_2,0.0166888889
210_124,0.0166888889
194_6,0.0166888889
2461_2,0.0166888889
218_25,0.0166888889
1106_2,0.0166888889
730_27,0.0166888889
1936_2,0.0166888889
3204_15,0.0166888889
1848_15,0.0166888889
3510_15,0.0166888889
6982_27,0.0166888889
1242_27,0.0166888889
518_0,0.0166888889
512_27,0.0166888889
230_9484,0.0166888889
4779_27,0.0166888889
230_1632,0.0166888889
3116_2,0.0166888889
385_2,0.0166888889
277_2,0.0166888889
9454_2,0.0166888889
8170_15,0.0166888889
353_53,0.0166888889
2411_2,0.0166888889
2411_24,0.0166888889
1679_2,0.0166888889
2411_15,0.0166888889
2030_2,0.0166888889
354_27,0.0166888889
95_2,0.0166888889
371_159,0.0166888889
21009_2,0.0166888889
7_4313,0.0166888889
7_173,0.0166888889
7_3139,0.0166888889
7_588,0.0166888889
6_18571,0.0166888889
6_1632,0.0166888889
6_763,0.0166888889
6_179,0.0166888889
2_3150,0.0166888889
7_10531,0.0166888889
6_260,0.0166888889
6_2461,0.0166888889
6_10180,0.0166888889
7_1966,0.0166888889
7_1843,0.0166888889
6_16855,0.0166888889
6_1591,0.0166888889
0_2440,0.0166888889
2_533,0.0166888889
7_12853,0.0166888889
7_3881,0.0166888889
2_2666,0.0166888889
2_1914,0.0166888889
6_151,0.0166888889
7_4344,0.0166888889
6_1274,0.0166888889
3150_1557,0.0166888889
3150_2298,0.0166888889
4325_2,0.0166888889
726_2,0.0166888889
815_2,0.0166888889
3152_2,0.0166888889
3404_2,0.0166888889
2343_2,0.0166888889
30_1992,0.0166888889
38_743,0.0166888889
37_623,0.0166888889
81_53,0.0166888889
4243_15,0.0166888889
1556_124,0.0166888889
1372_25,0.0166888889
209_15,0.0166888889
1472_27,0.0166888889
205_124,0.0166888889
209_25,0.0166888889
679_37,0.0166888889
457_53,0.0166888889
2832_0,0.0166888889
392_2,0.0166888889
2832_6,0.0166888889
2832_25,0.0166888889
3346_52,0.0166888889
6274_2,0.0166888889
2149_2,0.0166888889
15_2363,0.0166888889
6837_2,0.0166888889
15_3415,0.0166888889
15_4045,0.0166888889
15_2062,0.0166888889
15_548,0.0166888889
2149_37,0.0166888889
2408_2,0.0166888889
27_3_7_377_1027,0.0146888889
6_7_3_7_2,0.0146888889
6_7_3_7_53,0.0146888889
6_7_3_7_25,0.0146888889
6_7_3_0_6,0.0146888889
63_6_7_3_0,0.0146888889
2_6_7_3_2,0.0146888889
27_6_7_15,0.0146888889
27_1642_3_7,0.0146888889
868_203_618_25,0.0146888889
2_25_6_27,0.0146888889
1632_1527_2_25,0.0146888889
2_6_7_2,0.0146888889
25_32_27,0.0146888889
6_2411_2,0.0146888889
124_53_377,0.0146888889
63_6_2,0.0146888889
27_25_332,0.0146888889
6_1537_27,0.0146888889
384_27_25,0.0146888889
63_25_3,0.0146888889
25_1966_15,0.0146888889
371_2_6,0.0146888889
1900_2_6,0.0146888889
74_25_3,0.0146888889
6_449_27_3_2,0.0146888889
63_6_7_3_25,0.0146888889
27_6_2_3_7,0.0146888889
2_6_7_3_0,0.0146888889
27_3_2013_384,0.0146888889
0_2_25_6,0.0146888889
6_27_3_2,0.0146888889
618_360_27_25,0.0146888889
25_6_7_15,0.0146888889
25_2155_2832_0,0.0146888889
2_6_7_25,0.0146888889
0_412_37_25,0.0146888889
0_2_3,0.0146888889
25_959_15,0.0146888889
0_5914,0.0142888889
2_6_7_3_7_15,0.0136888889
25_3_3452,0.0136888889
2_3_0,0.0136888889
25_3_47,0.0136888889
2_3_159,0.0136888889
25_3_1980,0.0136888889
24_25_3,0.0136888889
384_27_3,0.0136888889
27_3_5,0.0136888889
27_3_76,0.0136888889
27_3_159,0.0136888889
2_3_74,0.0136888889
159_25_3,0.0136888889
378_2_25_6,0.0126888889
2_3_15,0.0126888889
3_15_6,0.0125309942
378_2_3_50_6,0.0116888889
6_7_3_0_97,0.0116888889
6_7_3_0_29,0.0116888889
63_6_7_3_7,0.0116888889
1356_2_25_6,0.0116888889
2_6_7_33,0.0116888889
378_159_25_6,0.0116888889
25_3_128,0.0116888889
25_3_171,0.0116888889
128_27_3,0.0116888889
0_29_124,0.0116888889
0_29_1517,0.0116888889
1611_2_25,0.0116888889
52_25_89,0.0116888889
0_991_124,0.0116888889
412_58,0.0116888889
297_68,0.0116888889
1790_63_6_7_3_0_29,0.0116888889
25_3_449,0.0116888889
27_3_2013,0.0116888889
3_50_6_4480,0.0115309942
3_0_6,0.0115309942
3_1969_306,0.0115309942
3_15_124,0.0115309942
743_2_25_6_449_27,0.0106888889
2_6_7_3_7_33,0.0106888889
1537_27_3_7,0.0106888889
1527_406_3_364,0.0106888889
5_832_27_25,0.0106888889
384_27_3_7,0.0106888889
743_2_25_6,0.0106888889
25_3_1200,0.0106888889
63_6_95,0.0106888889
24_3_6,0.0106888889
1632_1527_412,0.0106888889
872_991,0.0106888889
3608_2293,0.0106888889
273_30,0.0106888889
230_1556,0.0106888889
97_648,0.0106888889
1007_1611,0.0106888889
2292_27_3,0.0106888889
1057_463,0.0106888889
2013_160,0.0106888889
3_7_377_1027_0,0.0105309942
3_7_15_52,0.0105309942
3_194_6,0.0105309942
3_406_6,0.0105309942
3_7_2844,0.0105309942
3_7_4344,0.0105309942
371_2_25_6_449,0.0096888889
27_25_3_1537_27,0.0096888889
2_6_7_1848,0.0096888889
2_3_7_15,0.0096888889
99_25_377,0.0096888889
37_3_6,0.0096888889
1537_27_6,0.0096888889
2_1675_3,0.0096888889
2263_2593_27,0.0096888889
1557_3099_8995,0.0096888889
130_27_3,0.0096888889
0_29_30,0.0096888889
377_1027_2724,0.0096888889
1517_6_1632,0.0096888889
1632_1525_3,0.0096888889
53_558,0.0096888889
56_384,0.0096888889
27_141,0.0096888889
25_4283,0.0096888889
25_3098,0.0096888889
27_1643,0.0096888889
27_3899,0.0096888889
27_4243,0.0096888889
27_1961,0.0096888889
29_68,0.0096888889
27_3175,0.0096888889
27_2666,0.0096888889
27_3182,0.0096888889
27_3713,0.0096888889
561_53,0.0096888889
1448_561,0.0096888889
3098_2,0.0096888889
532_159,0.0096888889
2360_6,0.0096888889
1028_6,0.0096888889
2298_99,0.0096888889
478_25,0.0096888889
476_37,0.0096888889
2463_15,0.0096888889
1843_0,0.0096888889
371_15,0.0096888889
97_204,0.0096888889
375_2,0.0096888889
375_1356,0.0096888889
378_124,0.0096888889
7_221,0.0096888889
7_76,0.0096888889
6_1537,0.0096888889
5_111,0.0096888889
0_412,0.0096888889
2_671,0.0096888889
37_8,0.0096888889
37_377,0.0096888889
1556_24,0.0096888889
453_2,0.0096888889
3455_6,0.0096888889
15_452,0.0096888889
15_5610,0.0096888889
2516_6,0.0096888889
2_3_50_6_449,0.0096888889
6_128_27,0.0096888889
991_1057_24,0.0096888889
52_111,0.0096888889
53_832,0.0096888889
25_141,0.0096888889
25_1255,0.0096888889
25_1833,0.0096888889
27_3167,0.0096888889
25_181,0.0096888889
27_713,0.0096888889
27_3037,0.0096888889
27_7996,0.0096888889
29_207,0.0096888889
9418_6,0.0096888889
1611_306,0.0096888889
1611_334,0.0096888889
2358_2,0.0096888889
149_25,0.0096888889
1027_15,0.0096888889
124_111,0.0096888889
683_47,0.0096888889
872_29,0.0096888889
1405_27,0.0096888889
2879_2,0.0096888889
2038_6,0.0096888889
375_24,0.0096888889
378_159,0.0096888889
6_558,0.0096888889
7_273,0.0096888889
6_162,0.0096888889
2_141,0.0096888889
32_27,0.0096888889
816_56,0.0096888889
30_53,0.0096888889
507_2,0.0096888889
507_27,0.0096888889
15_641,0.0096888889
15_1900,0.0096888889
15_402,0.0096888889
15_141,0.0096888889
15_81,0.0096888889
15_2666,0.0096888889
15_1642,0.0096888889
6_1632_1527_2_3_7,0.0086888889
37_6_2_3_7,0.0086888889
2_6_7_53_449,0.0086888889
27_3_2_25,0.0086888889
3099_27_3_7,0.0086888889
37_3_50_6,0.0086888889
27_3_50_6,0.0086888889
159_25_6_7,0.0086888889
6_2_3_7,0.0086888889
2_6_2_3,0.0086888889
1537_27_6_15,0.0086888889
2_25_6_3261,0.0086888889
27_25_377_1027,0.0086888889
159_6_2_3,0.0086888889
52_111_27_25,0.0086888889
2_3_7_1848,0.0086888889
2_3_7_9617,0.0086888889
52_2149_2,0.0086888889
124_53_3,0.0086888889
52_1106_37,0.0086888889
159_25_3975,0.0086888889
2_25_1557,0.0086888889
2_25_128,0.0086888889
52_111_27,0.0086888889
124_111_27,0.0086888889
0_25_89,0.0086888889
0_25_1274,0.0086888889
1556_15_6,0.0086888889
95_1527_27,0.0086888889
27_25_47,0.0086888889
1166_832_27,0.0086888889
1992_5_53,0.0086888889
25_1642_2298,0.0086888889
1555_679_37,0.0086888889
1555_679_159,0.0086888889
29_1356_2,0.0086888889
29_52_53,0.0086888889
15_56_1803,0.0086888889
0_991_52,0.0086888889
1966_181,0.0086888889
221_128,0.0086888889
8296_2041,0.0086888889
872_97,0.0086888889
38_89,0.0086888889
596_56,0.0086888889
2_3_50_6_4480,0.0086888889
449_27_6_7_3,0.0086888889
6_15_1642_3,0.0086888889
25_6_2_3,0.0086888889
371_15_581_2,0.0086888889
128_27_6,0.0086888889
0_25_306,0.0086888889
25_306_52,0.0086888889
0_29_1900,0.0086888889
27_25_833,0.0086888889
872_29_52,0.0086888889
1445_3604,0.0086888889
311_392,0.0086888889
18571_2358,0.0086888889
3197_471,0.0086888889
3_449_27_6_7,0.0085309942
15_1557_3,0.0080000000
15_1966_3,0.0080000000
15_3_6,0.0080000000
2_3167_3,0.0080000000
3_50_6_2,0.0078421053
3_50_6_15,0.0078421053
3_15_52,0.0078421053
25_377_1027_47_1571_27_3_7,0.0076888889
27_25_377_1027_47_1571_27_3,0.0076888889
581_2_25_6_449_27_3,0.0076888889
6_7_3_7_377_1027_47,0.0076888889
6_7_3_7_377_1027_894,0.0076888889
6_2_3_7_377_3703,0.0076888889
0_412_37_25_3854_27,0.0076888889
2_25_6_7_3_7,0.0076888889
25_6_384_27_3_7,0.0076888889
25_6_449_27_3_7,0.0076888889
25_6_1274_1105_2_3,0.0076888889
306_27_25_377_1027_47,0.0076888889
6_124_53_449_2_25,0.0076888889
27_25_377_1027_47_10161,0.0076888889
3191_9692_6_1164_2_3,0.0076888889
452_453_2_25_6,0.0076888889
1632_1527_2_3_7,0.0076888889
2_25_1571_27_3,0.0076888889
25_6_27_3_7,0.0076888889
25_6_2411_2_3,0.0076888889
25_141_3178_216_2461,0.0076888889
25_3_449_27_6,0.0076888889
449_27_3_7_1824,0.0076888889
97_124_1992_99_25,0.0076888889
15_6_1537_27_3,0.0076888889
2_25_2155_2832_0,0.0076888889
159_25_2298_3099_27,0.0076888889
618_25_3_1537_27,0.0076888889
0_25_384_618,0.0076888889
1571_27_3_7,0.0076888889
2_1642_3_7,0.0076888889
25_375_1057_24,0.0076888889
25_1642_2298_3035,0.0076888889
6_449_27_3,0.0076888889
371_2_3_7,0.0076888889
25_1571_27_3,0.0076888889
25_730_27_25,0.0076888889
52_1905_2_25,0.0076888889
0_29_52_371,0.0076888889
25_1117_27_6,0.0076888889
452_453_159,0.0076888889
1537_27_24928,0.0076888889
1992_99_25,0.0076888889
260_384_124,0.0076888889
1632_1515_0,0.0076888889
868_203_618,0.0076888889
679_2_6,0.0076888889
0_5_53,0.0076888889
230_9484_306,0.0076888889
33_29_1517,0.0076888889
332_27_25,0.0076888889
641_27_25,0.0076888889
2013_27_6,0.0076888889
2_25_260,0.0076888889
2_25_1505,0.0076888889
29_15_56,0.0076888889
0_25_375,0.0076888889
15403_3455_15,0.0076888889
24_25_2155,0.0076888889
334_159_25,0.0076888889
683_27_25,0.0076888889
1792_2_25,0.0076888889
1792_2_6,0.0076888889
3455_6_7,0.0076888889
1556_24_25,0.0076888889
6_1274_1105,0.0076888889
4987_27_25,0.0076888889
124_1905_2,0.0076888889
1405_27_25,0.0076888889
378_24_25,0.0076888889
47_1118_384,0.0076888889
25_6_4480,0.0076888889
25_6_1405,0.0076888889
625_2_25,0.0076888889
230_1632_1527,0.0076888889
128_2_25,0.0076888889
15_6_3346,0.0076888889
25_2974_27,0.0076888889
6_3261_0,0.0076888889
25_384_618,0.0076888889
334_124_53,0.0076888889
29_52_581,0.0076888889
449_2_25,0.0076888889
1106_37_25,0.0076888889
3099_27_25,0.0076888889
25_512_27,0.0076888889
1966_7929,0.0076888889
2724_2773,0.0076888889
221_2009,0.0076888889
3107_3406,0.0076888889
14898_625,0.0076888889
10721_3069,0.0076888889
1616_7853,0.0076888889
1448_1792,0.0076888889
15692_2293,0.0076888889
1833_1922,0.0076888889
1274_1105,0.0076888889
1834_2293,0.0076888889
412_1985,0.0076888889
576_2730,0.0076888889
709_3208,0.0076888889
648_963,0.0076888889
7896_2293,0.0076888889
9808_306,0.0076888889
2298_8539,0.0076888889
2298_3035,0.0076888889
2298_1472,0.0076888889
7929_2293,0.0076888889
216_2461,0.0076888889
179_3140,0.0076888889
368_1527,0.0076888889
2692_894,0.0076888889
3359_126,0.0076888889
47_1118,0.0076888889
384_1574,0.0076888889
230_1527,0.0076888889
991_1517,0.0076888889
3403_3404,0.0076888889
816_8617,0.0076888889
695_12,0.0076888889
1076_432,0.0076888889
1557_2327,0.0076888889
2263_625,0.0076888889
203_1574,0.0076888889
1557_3035,0.0076888889
5051_683,0.0076888889
6274_1527,0.0076888889
4543_1611,0.0076888889
3592_2705,0.0076888889
2_3_7_377_3703_0,0.0076888889
52_371_2_25_6_449,0.0076888889
124_53_334_159_25,0.0076888889
449_27_3_7_9418,0.0076888889
2_6_7_377_1027,0.0076888889
4575_37_3191_8657,0.0076888889
5_832_27_53,0.0076888889
159_25_2587_27,0.0076888889
25_743_27,0.0076888889
25_266_27,0.0076888889
730_27_25,0.0076888889
53_1396_27,0.0076888889
3404_15_6,0.0076888889
181_27_25,0.0076888889
8860_868_203,0.0076888889
25_683_27,0.0076888889
7_33_97,0.0076888889
2_623_27,0.0076888889
2197_24_25,0.0076888889
83_27_25,0.0076888889
25_2298_2463,0.0076888889
2931_260,0.0076888889
1448_1356,0.0076888889
684_19,0.0076888889
78_306,0.0076888889
47_2511,0.0076888889
230_1936,0.0076888889
230_1972,0.0076888889
3_2_377_1027_1028_0,0.0075309942
3_2517_6837_2,0.0075309942
3_518_0,0.0075309942
3_1537_27,0.0075309942
3_47_1118,0.0075309942
3_1575_6,0.0075309942
76_25_3,0.0070000000
2_25_6_449_27_3_7_377_1027,0.0066888889
449_27_3_7_377_1027_894,0.0066888889
3191_8657_3996_1556_2_25_6,0.0066888889
6_449_27_3_7_377_1027,0.0066888889
1632_1527_2_6_7_3,0.0066888889
452_453_2_25_6_449,0.0066888889
25_6_449_27_1643_3,0.0066888889
25_6_558_27_3_7,0.0066888889
377_1027_47_1571_27_3,0.0066888889
360_27_25_3_1537_27,0.0066888889
7_377_3703_1790_63_6,0.0066888889
6_449_27_1643_3,0.0066888889
377_3703_1790_63_6,0.0066888889
25_6_384_27_3,0.0066888889
63_6_1632_1527_2,0.0066888889
25_6_384_27,0.0066888889
25_377_1027_2724,0.0066888889
6_7_3167_3,0.0066888889
24_3_7_33,0.0066888889
2_25_1833_1922,0.0066888889
25_1557_3099_27,0.0066888889
124_111_27_25,0.0066888889
0_29_52_1905,0.0066888889
4575_2_25,0.0066888889
1117_27_6,0.0066888889
29_452_453,0.0066888889
124_53_3620,0.0066888889
1164_2_6,0.0066888889
159_25_1966,0.0066888889
2_25_2298,0.0066888889
1905_2_25,0.0066888889
24_25_1966,0.0066888889
124_815_816,0.0066888889
25_6982_27,0.0066888889
63_6_7,0.0066888889
1527_124_53,0.0066888889
25_6_558,0.0066888889
27_25_2155,0.0066888889
52_1905_37,0.0066888889
15_6_1537,0.0066888889
25_3150_2298,0.0066888889
37_25_181,0.0066888889
625_27_25,0.0066888889
24_2594_53,0.0066888889
673_27_25,0.0066888889
159_6_7,0.0066888889
25_6_449_27_3_7_377_1027_894,0.0066888889
25_6_449_27_1642_3,0.0066888889
2_1914_221_8034,0.0066888889
6_5610_2_3,0.0066888889
7_53_449_2,0.0066888889
377_1027_1028_6,0.0066888889
449_159_25,0.0066888889
1514_2358_2,0.0066888889
25_1827_27,0.0066888889
76_56_375,0.0066888889
58_6_7,0.0066888889
25_1242_27,0.0066888889
3_1537_27_6_7,0.0065309942
3_50_6_3261,0.0065309942
3_50_6_449,0.0065309942
3_6_7,0.0065309942
3_4322_4323,0.0065309942
52_371_15_581_2_25,0.0060000000
6_2_3_7_377_1027,0.0060000000
53_449_2_3_7,0.0060000000
2_377_1027_47_15,0.0060000000
25_3_7_10531_15,0.0060000000
27_25_6_449_27,0.0060000000
25_3_1537_27_6,0.0060000000
27_25_6_2411,0.0060000000
27_3_15_25,0.0060000000
449_27_3_15,0.0060000000
27_3_7_15,0.0060000000
27_6_2_3,0.0060000000
1571_27_3_2,0.0060000000
122_5_25_6,0.0060000000
377_3703_0_25,0.0060000000
24_3_50_6,0.0060000000
15_6_2_3,0.0060000000
1295_2_25,0.0060000000
711_2_25,0.0060000000
1164_2_25,0.0060000000
53_378_2,0.0060000000
2358_2_6,0.0060000000
0_596_25,0.0060000000
25_6_3578,0.0060000000
27_25_150,0.0060000000
453_159_25,0.0060000000
27_25_377,0.0060000000
0_0_97,0.0060000000
378_15_6,0.0060000000
0_0_29,0.0060000000
2740_2_25,0.0060000000
1966_27_25,0.0060000000
1527_2_25,0.0060000000
6_1611_15,0.0060000000
2298_27_25,0.0060000000
1134_743_2,0.0060000000
3_2_377_1027_894,0.0058421053
449_27_3_2_377_1027_1028,0.0056888889
10161_412_37_25_3854_27,0.0056888889
25_3_1537_27_6_7,0.0056888889
2_25_6_27_3_7,0.0056888889
51_2_25_6_449_27,0.0056888889
371_15_581_2_25_6,0.0056888889
412_2_25_6_558_27,0.0056888889
27_25_3_1571_27,0.0056888889
832_27_3_2013_384,0.0056888889
25_3975_3_1969_306,0.0056888889
412_2_25_6_449,0.0056888889
25_6_449_2_3,0.0056888889
2_6_7_3167_3,0.0056888889
412_2_3_50,0.0056888889
159_25_512_27,0.0056888889
6_1164_2_3,0.0056888889
6_7_53_449,0.0056888889
52_1905_37_25,0.0056888889
2_25_3_234,0.0056888889
111_27_25_332,0.0056888889
2330_25_1537_27,0.0056888889
111_27_25_89,0.0056888889
15_52_1905_2,0.0056888889
377_1027_1028_25,0.0056888889
25_3_7_8170,0.0056888889
377_1027_47_3875,0.0056888889
27_377_1027_1028,0.0056888889
25_8295_8296_306,0.0056888889
306_27_25_3,0.0056888889
6_124_832_27,0.0056888889
618_360_27,0.0056888889
1611_159_25,0.0056888889
1245_1057_24,0.0056888889
25_354_27,0.0056888889
124_53_378,0.0056888889
52_410_2,0.0056888889
56_375_1057,0.0056888889
159_25_3150,0.0056888889
24_25_959,0.0056888889
3454_27_6,0.0056888889
141_3178_894,0.0056888889
146_27_25,0.0056888889
25_1229_907,0.0056888889
25_6_10180,0.0056888889
1918_27_25,0.0056888889
25_6_2013,0.0056888889
25_83_27,0.0056888889
1166_122_5,0.0056888889
2298_6_7,0.0056888889
872_991_52,0.0056888889
29_1900_159,0.0056888889
25_20_27,0.0056888889
52_81_2,0.0056888889
52_1088_2,0.0056888889
6_2038_3,0.0056888889
6_1632_1515,0.0056888889
25_1966_3657,0.0056888889
859_6_859,0.0056888889
375_1057_24,0.0056888889
384_124_412,0.0056888889
6223_1030,0.0056888889
15403_3455,0.0056888889
3101_3069,0.0056888889
2274_3455,0.0056888889
1833_2539,0.0056888889
141_3322,0.0056888889
1502_507,0.0056888889
1148_2411,0.0056888889
10531_2360,0.0056888889
1415_3404,0.0056888889
3460_4323,0.0056888889
1093_122,0.0056888889
4095_2463,0.0056888889
230_1502,0.0056888889
3403_1155,0.0056888889
3403_3455,0.0056888889
3401_2411,0.0056888889
8862_2360,0.0056888889
14748_3069,0.0056888889
907_183,0.0056888889
1316_16348,0.0056888889
2517_6837,0.0056888889
2_25_6_449_27_3_7_9418,0.0056888889
2_25_6_449_27_3_7_1824,0.0056888889
1985_25_47,0.0056888889
159_25_2298,0.0056888889
159_25_1557,0.0056888889
1537_4_5,0.0056888889
24_25_2298,0.0056888889
5_111_27,0.0056888889
2583_2584,0.0056888889
681_1150,0.0056888889
2497_1437,0.0056888889
1259_453,0.0056888889
4691_1980,0.0056888889
3_7_588_25_1537_27,0.0055309942
3_7_6_7,0.0055309942
3_7_8170_15,0.0055309942
3_230_1972,0.0055309942
3_681_1150,0.0055309942
37_25_3,0.0050000000
3_0_2,0.0048421053
3_471_27,0.0048421053
3_449_27,0.0048421053
3_159_25,0.0048421053
3_2517_6837,0.0048421053
3_37_25,0.0048421053
3_24_25,0.0048421053
2_6_7_3_7_377_1027_894,0.0046888889
2_6_7_3_7_377_1027_47,0.0046888889
37_3191_8657_3996_1556_2_25_6,0.0046888889
15359_27_3_2517_6837_2_6,0.0046888889
6_558_27_3_7_377_1027,0.0046888889
2_6_7_3_7_377_1529,0.0046888889
124_53_377_1027_47_2013_160,0.0046888889
37_56_743_2_6_7_3,0.0046888889
25_377_1027_47_1571_27_3,0.0046888889
618_360_27_25_3_1537_27,0.0046888889
15359_27_3_2517_6837_2,0.0046888889
2_25_449_27_6_7,0.0046888889
6_7_3_7_53_449,0.0046888889
6_7_3_7_1824_0,0.0046888889
6_7_3_7_377_3703,0.0046888889
3026_3_7_3139_437_3140,0.0046888889
6_7_3_7_377_1027,0.0046888889
6_7_3_7_377_1529,0.0046888889
2_25_3_449_27_6,0.0046888889
7_97_124_1992_99_25,0.0046888889
25_3_7_10531_15_6,0.0046888889
412_37_25_3854_27,0.0046888889
37_25_1557_3099_8995,0.0046888889
25_1557_3099_8995_2358,0.0046888889
124_53_377_1027_47,0.0046888889
37_6_5610_2_3,0.0046888889
6_1632_1527_2_3,0.0046888889
449_27_2666_2_3,0.0046888889
25_6_27_1643_3,0.0046888889
37_8_8801_2987_2343,0.0046888889
2_25_3_1571_27,0.0046888889
37_6_95_2_3,0.0046888889
1918_27_25_377_1027,0.0046888889
6_1274_1105_2_3,0.0046888889
24940_3069_24941_24942,0.0046888889
7_377_3703_25,0.0046888889
25_1833_1922_1923,0.0046888889
1966_2360_24940_3069,0.0046888889
25_10885_27_3,0.0046888889
25_3164_27_3,0.0046888889
141_3178_216_2461,0.0046888889
6_7_1643_3,0.0046888889
6_7_377_1529,0.0046888889
25_6_27_2666,0.0046888889
53_3620_334_159,0.0046888889
6_7_2_25,0.0046888889
334_159_25_8295,0.0046888889
3528_3529_3527_3069,0.0046888889
6_95_1527_27,0.0046888889
37_25_3854_27,0.0046888889
37_25_9085_9086,0.0046888889
2298_3099_27_3,0.0046888889
25_3_1571_27,0.0046888889
25_3_9483_9484,0.0046888889
29_52_1905_37,0.0046888889
25_3_471_27,0.0046888889
7_53_449_27,0.0046888889
37_25_181_27,0.0046888889
6_95_2_3,0.0046888889
1632_1527_124_53,0.0046888889
3975_3_1969_306,0.0046888889
7_377_1529_2155,0.0046888889
124_53_1918_27,0.0046888889
25_141_3178_216,0.0046888889
24929_3836_27120_24937,0.0046888889
1242_27_25,0.0046888889
53_69_375,0.0046888889
124_53_150,0.0046888889
124_53_3034,0.0046888889
124_53_1501,0.0046888889
1642_2298_3035,0.0046888889
6_7_1843,0.0046888889
6_7_273,0.0046888889
6_7_76,0.0046888889
6_7_221,0.0046888889
8295_8296_306,0.0046888889
5796_159_25,0.0046888889
1241_7810_24,0.0046888889
4578_87_6,0.0046888889
2_533_24,0.0046888889
1027_894_377,0.0046888889
145_1076_308,0.0046888889
24_25_1557,0.0046888889
548_5_53,0.0046888889
24_25_3431,0.0046888889
546_159_24,0.0046888889
561_412_2,0.0046888889
1557_181_306,0.0046888889
25_6_22436,0.0046888889
25_6_3510,0.0046888889
25_6_3350,0.0046888889
2583_2584_27,0.0046888889
25_6_16855,0.0046888889
25_6_1332,0.0046888889
507_27_25,0.0046888889
10023_1155_1556,0.0046888889
37_56_743,0.0046888889
124_743_24,0.0046888889
2360_6_7,0.0046888889
743_9453_37,0.0046888889
52_4575_2,0.0046888889
25_3150_1557,0.0046888889
2_15_402,0.0046888889
2038_6_7,0.0046888889
24953_24929_3836,0.0046888889
37_623_1200,0.0046888889
29_1682_63,0.0046888889
3191_9692_6,0.0046888889
53_4934_27,0.0046888889
1833_1922_1923,0.0046888889
1833_1922_2196,0.0046888889
476_37_623,0.0046888889
205_124_53,0.0046888889
5_6_7,0.0046888889
53_4779_27,0.0046888889
24929_3836,0.0046888889
9085_9086,0.0046888889
2_3_7_24430_6_7_2_25,0.0046888889
25_1537_27_6_7,0.0046888889
6_7_2_3_7,0.0046888889
37_25_6_1274_1105,0.0046888889
2_3_7_24430_6,0.0046888889
37_3191_8657_3996_1556,0.0046888889
6_7_377_1027,0.0046888889
1372_25_3164_27,0.0046888889
37_8_8801,0.0046888889
2_25_3190,0.0046888889
25_3454_27,0.0046888889
159_25_959,0.0046888889
2_25_4283,0.0046888889
52_8126_532,0.0046888889
124_711_2,0.0046888889
364_124_53,0.0046888889
24_25_3172,0.0046888889
24_25_3583,0.0046888889
3150_2298_3099,0.0046888889
24_25_4495,0.0046888889
588_6_7,0.0046888889
4323_681_1150,0.0046888889
2516_6_7,0.0046888889
29_124_4575,0.0046888889
53_1402_27,0.0046888889
4045_3590,0.0046888889
2_3_7_24430_6_7,0.0040000000
7_3_7_53,0.0040000000
25_6_3578_5049,0.0040000000
2_3_2,0.0040000000
0_25_3,0.0040000000
2_1598_3,0.0040000000
25_1966_3,0.0040000000
2_1966_3,0.0040000000
3_2517_6837_2_6,0.0038421053
3_7_2_377_1027,0.0038421053
3_7_37_25,0.0038421053
3_7_6_15,0.0038421053
3_7_2_25,0.0038421053
3_7_1824_6,0.0038421053
3_7_588_25,0.0038421053
3_0_25,0.0038421053
6_7_3_1790_63_6_7_3_0,0.0030000000
25_6_558_27_3_7_377,0.0030000000
6_7_3_0_0,0.0030000000
6_7_3_0_25,0.0030000000
24_25_6_449,0.0030000000
37_56_743_2,0.0030000000
25_1537_27_6,0.0030000000
2_25_6_15,0.0030000000
25_2846_27,0.0030000000
27_1966_3,0.0030000000
206_25_6,0.0030000000
24_3_2,0.0030000000
7_203_52,0.0030000000
15_6_1611,0.0030000000
6_1611_2,0.0030000000
3_7_15_25,0.0028421053
3_7_24430_6,0.0028421053
3_6_15,0.0028421053
3_15_25,0.0028421053
27_3_7_377_1027_1028_6_7_3,0.0020000000
2_6_7_3_7_377_3703_0,0.0020000000
25_6_449_27_3_7_377_1027,0.0020000000
27_3_7_377_1027_1028_0,0.0020000000
371_2_6_7_3_7_377,0.0020000000
6_7_3_6_7_3_0,0.0020000000
6_7_3_7_377_3703_0,0.0020000000
27_3_2_377_1027_1028,0.0020000000
24_25_6_449_27_3,0.0020000000
27_3_7_377_1027_894,0.0020000000
2_6_7_3_7_2,0.0020000000
6_449_27_3_7_1824,0.0020000000
15_452_453_2_25_6,0.0020000000
6_449_27_3_7_9418,0.0020000000
2_25_6_449_2,0.0020000000
2_6_2_3_7,0.0020000000
15_452_453_2_6,0.0020000000
6_449_27_3_7,0.0020000000
25_3_7_6_15,0.0020000000
25_6_27_3_2,0.0020000000
2_25_6_2_3,0.0020000000
15_581_2_25_6,0.0020000000
124_53_449_2_25,0.0020000000
25_449_27_6_7,0.0020000000
25_6_449_27_1642,0.0020000000
25_6_558_27_25,0.0020000000
27_25_1571_27_3,0.0020000000
6_7_3_7_15,0.0020000000
377_1027_1028_6_7,0.0020000000
6_7_3_0_2,0.0020000000
2_25_6_3578_5049,0.0020000000
37_6_1632_1527_2,0.0020000000
2_25_6_27_1643,0.0020000000
52_371_2_25_6,0.0020000000
6_128_27_3_7,0.0020000000
2_3_7_33_29,0.0020000000
378_2_25_6_449,0.0020000000
6_384_27_3_7,0.0020000000
3996_1556_2_25_6,0.0020000000
37_56_743_2_6,0.0020000000
124_412_2_25_6,0.0020000000
2_25_377_1027_47,0.0020000000
2_6_7_3_15,0.0020000000
371_15_581_2_25,0.0020000000
25_6_1274_1105_2,0.0020000000
27_3_7_1824_6,0.0020000000
63_25_6_7_3,0.0020000000
1642_3_7_377_1027,0.0020000000
27_25_6_7,0.0020000000
24_6_2_3,0.0020000000
2_623_27_3,0.0020000000
97_124_1992_99,0.0020000000
6_27_1643_3,0.0020000000
6_27_3_7,0.0020000000
56_743_2_6,0.0020000000
63_6_1632_1527,0.0020000000
27_3_7_588,0.0020000000
27_3_7_2,0.0020000000
27_3_7_1848,0.0020000000
27_3_7_25,0.0020000000
27_3_7_203,0.0020000000
53_334_159_25,0.0020000000
25_2298_3099_27,0.0020000000
124_412_2_6,0.0020000000
97_124_412_2,0.0020000000
97_124_412_37,0.0020000000
159_25_6_2,0.0020000000
124_5796_159_25,0.0020000000
1057_24_25_6,0.0020000000
6_2_3_15,0.0020000000
2_25_377_1027,0.0020000000
27_1643_3_7,0.0020000000
2_3_2_25,0.0020000000
53_449_2_25,0.0020000000
6_7_2_3,0.0020000000
0_2_3_7,0.0020000000
37_8_8801_2987,0.0020000000
53_449_27_3,0.0020000000
47_27_3_2,0.0020000000
832_27_25_6,0.0020000000
832_27_25_3,0.0020000000
15_581_2_6,0.0020000000
1632_1527_2_3,0.0020000000
37_25_1557_3099,0.0020000000
6_2411_2_3,0.0020000000
25_6_1274_1105,0.0020000000
6_7_15_25,0.0020000000
25_449_27_6,0.0020000000
25_6982_27_25,0.0020000000
2_3_7_25,0.0020000000
2_6_7_15,0.0020000000
25_3191_9692_6,0.0020000000
449_27_1642_3,0.0020000000
6_449_2_3,0.0020000000
679_2_25,0.0020000000
56_743_2,0.0020000000
37_3191_8657,0.0020000000
9484_306_2,0.0020000000
58_25_6,0.0020000000
124_53_1918,0.0020000000
12_25_6,0.0020000000
124_4575_37,0.0020000000
2133_2_6,0.0020000000
711_2_6,0.0020000000
1985_25_6,0.0020000000
52_412_2,0.0020000000
25_334_124,0.0020000000
3854_27_6,0.0020000000
2013_2_25,0.0020000000
159_25_8295,0.0020000000
453_2_25,0.0020000000
2_25_377,0.0020000000
2_25_1966,0.0020000000
453_2_6,0.0020000000
2_25_2155,0.0020000000
2_25_1833,0.0020000000
25_181_27,0.0020000000
25_1028_0,0.0020000000
25_449_27,0.0020000000
128_27_25,0.0020000000
124_1166_25,0.0020000000
2358_2_25,0.0020000000
1284_25_6,0.0020000000
24_25_377,0.0020000000
24_25_47,0.0020000000
5610_2_6,0.0020000000
6_124_25,0.0020000000
2009_2_6,0.0020000000
47_2_25,0.0020000000
7_1843_0,0.0020000000
581_2_25,0.0020000000
581_2_6,0.0020000000
1556_2_6,0.0020000000
384_2_25,0.0020000000
1900_37_25,0.0020000000
1557_27_25,0.0020000000
1556_2_25,0.0020000000
1456_2_25,0.0020000000
1028_0_25,0.0020000000
3996_1556_2,0.0020000000
27_2666_2,0.0020000000
623_27_25,0.0020000000
25_6_3261,0.0020000000
25_6_1274,0.0020000000
2063_2_6,0.0020000000
1557_3099_27,0.0020000000
25_6_384,0.0020000000
25_6_1809,0.0020000000
3178_216_2461,0.0020000000
27_25_1505,0.0020000000
625_2_6,0.0020000000
0_6_124,0.0020000000
27_25_89,0.0020000000
6_5610_2,0.0020000000
6_1164_2,0.0020000000
2023_2_6,0.0020000000
37_6_5610,0.0020000000
25_1833_1922,0.0020000000
37_6_1632,0.0020000000
24_3_15,0.0020000000
743_2_6,0.0020000000
743_24_25,0.0020000000
25_2298_6,0.0020000000
384_27_6,0.0020000000
1527_2_6,0.0020000000
743_2_25,0.0020000000
51_2_25,0.0020000000
2_1687_124,0.0020000000
449_27_25,0.0020000000
37_25_1557,0.0020000000
384_124_53,0.0020000000
0_2_1914,0.0020000000
37_25_3191,0.0020000000
2298_3099_27,0.0020000000
2298_3099_15,0.0020000000
1274_1105_2,0.0020000000
959_27_25,0.0020000000
1905_37_25,0.0020000000
25_3204_15,0.0020000000
371_2_25,0.0020000000
306_27_25,0.0020000000
0_15359_27,0.0020000000
25_625_27,0.0020000000
25_1274_52,0.0020000000
7_1824_25,0.0020000000
25_9085_9086,0.0020000000
