6_33_23_24_26,0.9515699970
26_37_14_943_4_6,0.9267944364
61_14_764_4_14_623_252,0.9234081006
61_18_668_14_58,0.9161924013
61_18_219_14_58,0.9160936416
252_21_18_64_14_58,0.9151202780
66_7_14_27_4_6,0.9132271311
152_37_14_27_4_6,0.9118848351
252_21_18_219_14_58,0.9096410825
920_52_771_607_66,0.9094564745
920_11_771_607_66,0.9073206405
26_37_14_27_4_6,0.9055549199
61_2_72_4_44,0.9046147886
58_38_883_4_26,0.8974939615
26_7_14_27_4_6,0.8920158445
11_278_11_277_11,0.8695111026
764_4_272_252_21_18_64,0.8645045157
7891_65_7892_66_11,0.8611373865
11_277_11_458_11,0.8563775181
27_4_6_65_6_66,0.8525103318
914_2647_340_2648_915,0.8479882149
12378_2648_915,0.8479882149
9523_6988_65_6_66,0.8479882149
61_5180_4641_5181,0.8479882149
629_193_2730,0.8475562729
2928_8256,0.8470869747
6499_2045,0.8470869747
284_66_4872_224_65,0.8463096435
45_591_2377,0.8458777015
65_472_473_474_475_66_864,0.8458777015
26_37_2054_6_456,0.8456278233
2310_2380,0.8454084032
340_2648_915_65_6_66,0.8449515873
793_1374,0.8449303331
793_185,0.8448250699
885_1410,0.8448250699
218_61_18_219_14_58,0.8432725692
44_24_629_11934_6,0.8405716586
1325_920_11_771_607_66,0.8348546305
1640_340_2648_915,0.8348546305
914_12378_2648,0.8348546305
914_2647_340_2648,0.8348546305
12396_1734_383,0.8348546305
4923_268_73,0.8333700568
66_33_1554_811_18,0.8156768330
43_7_14_27_4_6,0.8107257088
44_24_247_18_248_249,0.8102807910
61_272_252_2631,0.8102807910
117_61_14_117_4_272_252,0.8059772519
409_1641_931,0.8044332231
4736_4667,0.8044332231
8000_8001,0.8044332231
938_2245,0.8044332231
1522_1306,0.8044332231
914_2647_340_2648_915_65_6_66,0.8044332231
3157_1099_3659,0.8044332231
1787_872_1163,0.8044332231
941_922,0.8044332231
2376_2380,0.8044332231
2108_625,0.8001371776
5545_7534,0.8001371776
1213_7834,0.8001371776
8880_3352,0.8001371776
1227_14362,0.8001371776
2095_4853,0.8001371776
11509_10785,0.8001371776
777_7936,0.8001371776
587_588_451,0.7987175870
1554_5666,0.7987175870
2067_69,0.7977702186
3226_582,0.7977702186
5789_5791,0.7977702186
3622_3036,0.7977702186
931_3727,0.7977175870
422_713,0.7977175870
1585_1750,0.7976649554
5388_10955,0.7976649554
4305_5658,0.7976649554
58_38_1059_4_26_7,0.7972644710
943_38_27_4_6,0.7971839399
6_33_1554_811_18,0.7959933678
152_18_1463_6_38,0.7941629585
921_922,0.7912996386
6995_5645,0.7912996386
2641_4_6_65_6_66,0.7912996386
45_929_4536_6,0.7912996386
464_935_462,0.7912996386
1641_931,0.7912996386
914_12963_2028_6,0.7912996386
587_588_3163,0.7912996386
14590_12716,0.7912996386
6532_6607,0.7912996386
7389_12168,0.7912996386
11490_11491,0.7912996386
315_1145,0.7912996386
219_14_58_4_26,0.7912179990
60_61_26_53_2,0.7911603125
388_18_26_65_26_66,0.7903092043
379_152_37_14_27_4,0.7882024018
311_65_771_607_66,0.7877852108
2054_4494_38_2610,0.7870035932
875_876,0.7870035932
3550_6069,0.7870035932
3198_1332,0.7870035932
1539_1750,0.7870035932
2444_2445,0.7855840025
1554_811,0.7855840025
682_683,0.7855840025
4923_1189,0.7855840025
2209_87,0.7848869091
1641_870,0.7848869091
5157_5453,0.7848869091
5023_5024,0.7848869091
587_588,0.7848869091
4435_4952,0.7848869091
1130_296,0.7848869091
807_808_607_920,0.7848869091
4189_1738_4_1739,0.7848869091
1429_7033,0.7848869091
11506_4113,0.7848869091
1214_749,0.7848869091
625_203,0.7848869091
1601_1293,0.7848869091
1195_963,0.7846366341
5789_5746,0.7845840025
1213_7834_3865,0.7845313709
193_2730,0.7845313709
299_1146,0.7845313709
1067_383,0.7845313709
286_843_5155,0.7845313709
311_65_771_842_66,0.7842347352
464_65_606_607_66,0.7834429545
65_606_607_11_920,0.7830253424
152_37_14_27_4_6_38,0.7830055377
27_4_248_18_466,0.7820631127
27_4_247_18_248,0.7820631127
1136_206_238_127,0.7812565612
2095_9133,0.7809558062
1951_747,0.7805908637
13339_2006,0.7805908637
2081_5604,0.7805908637
4344_6338,0.7805908637
5023_4952,0.7805908637
11_318_319_26_11,0.7796958445
252_21_519_276,0.7793091928
119_2421,0.7791712730
973_422_713,0.7791712730
710_2909,0.7791712730
975_976,0.7791712730
769_684,0.7791712730
503_4125,0.7791712730
4435_4662,0.7791712730
12963_2028,0.7791712730
61_272_252_2631_18,0.7783074022
7959_1461,0.7782239046
3483_1192,0.7782239046
4112_4113,0.7782239046
538_2058,0.7782239046
379_1982,0.7782239046
503_486,0.7782239046
4042_4278,0.7782239046
3178_475,0.7782239046
13276_785,0.7782239046
401_423,0.7781712730
2858_1986,0.7781712730
6377_805,0.7781712730
1539_2445,0.7781712730
538_4125,0.7781186414
369_370,0.7781186414
4305_6530,0.7781186414
2095_9826,0.7781186414
807_808_607_246,0.7781186414
4811_1496,0.7781186414
951_952,0.7781186414
931_2009,0.7781186414
591_2377,0.7781186414
1214_2006,0.7781186414
61_272_252_21_2757_18,0.7773147048
938_939,0.7737518716
66_11_26_65_26_66_11,0.7715817031
764_4_272_252_21_18_338,0.7708496467
117_4_272_252_21_18_219,0.7708496467
58_4_26_7_14_27_4,0.7689633085
1099_3659,0.7656293672
2376_2290,0.7656293672
11_606_607_66_34,0.7653769826
252_21_18_798_634,0.7644884008
252_21_18_798_14,0.7635465444
117_61_14_117_4_272,0.7613723865
1706_1333,0.7608610995
61_14_764_4_14_623,0.7604311467
26_237_1108_238,0.7584922212
218_4_272_252_21_18_219,0.7575723613
6_33_23_24_2,0.7557253251
252_21_18_219_14,0.7553176959
1975_11_920_1297_18,0.7543147086
152_7_14_27_4_6,0.7539930379
52_606_607_66,0.7539930379
464_935_2_695,0.7539930379
7153_312,0.7520750307
420_152_37_14_27_4,0.7507136489
420_152_7_14_27_4,0.7507136489
4_629_38_45_6,0.7482871166
629_11934_6988_65,0.7433843385
17833_6988_65,0.7433843385
66_53_420_152,0.7424830982
938_313,0.7421843849
11_52_920_1297_11,0.7419006783
4923_268,0.7417870077
24389_65_26_66_11,0.7406086512
26_53_420_152,0.7382922012
58_38_1059_4_26_65,0.7379125582
6988_65_6_66_11,0.7376856027
269_65_2071_66_11,0.7372395696
65_26_66_4872_224,0.7371408099
7_44_24_45_6,0.7347741496
1325_839_808_224,0.7338317087
38_388_18_26_65,0.7337741496
2105_451,0.7330357316
15443_2745,0.7329304685
764_4_272_252_21_18_219,0.7313039800
117_4_272_252_21_18_64,0.7313039800
764_4_272_252_21_18_668,0.7313039800
764_4_272_252_21_18_798,0.7313039800
252_21_18_64_14,0.7302600223
423_15,0.7292232316
12396_1734,0.7288703756
8001_1981,0.7288703756
3472_2874,0.7288703756
2062_268,0.7288703756
16720_2551,0.7288703756
3576_5558,0.7288703756
4288_4276,0.7288703756
9523_6988,0.7288703756
5499_843,0.7288703756
81_1056,0.7288703756
1641_1223,0.7288703756
1900_4875,0.7288703756
2998_2648,0.7288703756
16868_5558,0.7288703756
12378_2648,0.7288703756
4042_4278_4276,0.7288703756
988_989,0.7288703756
1455_358,0.7288703756
2850_6489,0.7284384336
1181_2107,0.7284384336
503_793,0.7284384336
683_684,0.7284384336
4344_184,0.7284384336
1_1584,0.7284384336
5298_1496,0.7284384336
3035_591,0.7281706000
3350_1786,0.7280718403
990_989,0.7279691353
990_6929,0.7279691353
4378_2015,0.7279691353
5802_805,0.7279691353
4238_805,0.7279691353
1854_1662,0.7279691353
4503_4056,0.7279691353
737_5157,0.7279691353
3244_792,0.7279691353
119_3673,0.7279691353
512_513,0.7279691353
876_792,0.7279691353
749_3244,0.7279691353
785_664,0.7274910652
4374_4999,0.7274910652
4863_3953,0.7274910652
4553_4554,0.7274910652
3166_4214,0.7274910652
1514_1729,0.7274910652
11895_749,0.7274910652
1496_1364,0.7274910652
3271_8570,0.7274910652
4998_403,0.7274910652
3934_18234,0.7274910652
25049_11908,0.7274910652
2547_2548,0.7274910652
1176_1179,0.7274910652
7803_11895,0.7274910652
7834_3865,0.7274674112
625_1695,0.7273858020
3157_1099,0.7273858020
2745_9122,0.7273858020
10146_187,0.7273858020
11908_2006,0.7273858020
143_2199,0.7264910652
3014_1124,0.7264910652
7349_4554,0.7264910652
1162_1163,0.7264910652
3105_571,0.7264910652
4999_4998,0.7264910652
7_14_846_311_65,0.7244306909
6_142_3231_4_26,0.7235166501
66_4873_224_4744_2227_224,0.7234237817
2227_224_6_808_1476_73,0.7234237817
603_61_2_72_4_44,0.7234237817
808_1476_73_40_2227_224,0.7234237817
3014_1124_864_1297_866,0.7234237817
457_11_278_11_277,0.7234237817
2647_340_2648_915,0.7234237817
6_2199_749_1648,0.7234237817
629_5646_4_6,0.7234237817
629_10727_6988_65,0.7234237817
1900_4875_178,0.7234237817
629_17833_6988,0.7234237817
920_3014_1124,0.7234237817
81_1056_1057,0.7234237817
25049_11908_2006,0.7234237817
25482_2006_65,0.7234237817
65_839_808_224_1325_839_808_224,0.7234237817
178_808_1476_585_95_2227_224,0.7234237817
4875_178_2227_224,0.7234237817
2227_224_4332_245,0.7234237817
808_1476_73_40,0.7234237817
224_2547_2548,0.7234237817
4998_792_65,0.7229918397
5802_805_65,0.7229918397
45_9523_6988,0.7229918397
3271_8570_340,0.7229918397
7_44_24_23384_2745,0.7228887653
311_65_606_607_66,0.7225263221
920_3014_1124_65_1297_66,0.7225225415
44_24_629_11934_6988,0.7225225415
8570_340_3865_65,0.7225225415
1554_811_18_690,0.7220444713
4288_4276_805,0.7219918397
689_518_65_5072_66,0.7219392081
10146_187_65,0.7219392081
65_606_607_11_920_66,0.7212879477
11_52_920_1297_11_66,0.7212879477
7891_11_9147_11_26,0.7212879477
44_24_247_18_248_249_6,0.7208560057
11_920_1297_18_66,0.7205842440
65_606_607_11_920_66_11,0.7205842440
1020_65_1987_66_26,0.7203867074
6_943_7_44_24_2745_2768,0.7203867074
65_606_607_66_34,0.7203639616
4999_4998_792,0.7200444713
26_53_379_152,0.7198033741
26_1710_65_24997_66,0.7193490326
44_24_248_18_466,0.7189984631
1298_24_250_76_748,0.7184081046
64_14_58_38_1059,0.7143899177
4_26_7_14_27_4_6,0.7100213972
14_1059_38_58_4_26,0.7089323828
37_14_27_4_6_11,0.7089323828
21_18_64_14_58,0.7049146419
63_61_14_764_4,0.7010296692
519_276,0.7005107600
607_52_771_607_66,0.6983493353
1357_1680,0.6968187175
24_247_18_248_249,0.6967256012
8_2227_224_1757_2227_224,0.6963032911
218_61_14_218_4,0.6962698007
117_61_18_64_14,0.6957782827
23384_2745_2768,0.6954020509
81_3248,0.6948187175
7_2745_2768_65_3391_66,0.6917617057
6_808_1476_73,0.6910233639
24_247_18_248_249_6,0.6905937988
14_58_38_1059_4_26,0.6863044786
67_38_892_4,0.6838805346
237_1108_238_18_157_43,0.6829753292
6_943_7_44_24,0.6798753731
272_1455_358,0.6780696129
6_44_23_24_26,0.6779346171
218_61_14_764_4_272,0.6764116671
1_2_3_4,0.6764116671
61_18_64_14_58_4,0.6764116671
943_4_6_7_44_24,0.6764116671
60_61_6_53_2,0.6762001390
218_61_18_338_14,0.6757352264
218_61_18_252_14,0.6747376523
63_61_18_219_14,0.6747352264
63_61_18_64_14,0.6746825948
63_61_18_668_14,0.6746825948
117_61_18_219_14,0.6746825948
2628_2937,0.6726103455
189_157_1886_7,0.6718798400
1544_18_474_387_7891_38,0.6715930281
2631_18_219_14,0.6708272084
872_1163,0.6696058409
2368_1544,0.6696058409
1974_839_808_224,0.6696058409
1279_2030,0.6696058409
7942_1783,0.6696058409
7955_2858,0.6696058409
1213_1215,0.6696058409
1019_2888,0.6696058409
2261_102,0.6696058409
7920_540,0.6696058409
7926_2874,0.6696058409
1520_200,0.6696058409
15678_124,0.6696058409
11251_102,0.6696058409
4429_540,0.6696058409
18368_538,0.6696058409
1854_4129,0.6696058409
4639_4513,0.6696058409
8869_915,0.6696058409
11531_102,0.6696058409
27624_124,0.6696058409
2446_2023,0.6696058409
340_2984,0.6696058409
14254_3659,0.6696058409
2293_13693,0.6696058409
9815_3659,0.6696058409
1109_281,0.6696058409
7926_3472,0.6696058409
886_844,0.6696058409
681_7864,0.6696058409
5023_4662,0.6696058409
749_3544,0.6696058409
5438_360,0.6696058409
2368_388,0.6696058409
17104_4482,0.6696058409
538_486,0.6696058409
388_18_26_65_26_66_11,0.6694226426
65_839_808_224_180_839_808_224,0.6659147109
879_839_808_224_4558,0.6659147109
3934_18234_7897,0.6659147109
6068_21112,0.6659147109
920_1325_920_11_771_607_66,0.6659147109
1640_340_2648_915_65_6_66,0.6659147109
629_17833_6_65_11924_66,0.6659147109
1975_11_920_1297_18_66,0.6659147109
7891_11_9147_11_7905,0.6659147109
44_24_833_6_205,0.6659147109
464_2831_2_695,0.6659147109
65_920_1974_920,0.6659147109
73_5438_360,0.6659147109
72_990_989,0.6659147109
8000_8001_1981,0.6659147109
920_1854_1662,0.6659147109
11915_11895_749,0.6659147109
2310_2290,0.6659147109
9122_3769,0.6659147109
5930_5951,0.6659147109
4880_224_4881_224_4882_224_4883_224_4884_2612_224,0.6659147109
2227_224_8_2227_224_1757_2227_224,0.6659147109
2647_340_2648_915_65_6_66,0.6659147109
12378_2648_915_65_6_66,0.6659147109
920_3014_1124_864_1297_866,0.6659147109
2316_6_65_7895_66,0.6659147109
941_26_65_3565_66,0.6659147109
2227_224_1712_2227_224,0.6659147109
4566_26_65_11504_66,0.6659147109
1900_4875_178_2227_224,0.6659147109
4871_224_4872_224_65,0.6659147109
879_522_839_808_224,0.6659147109
52_920_3014_1124,0.6659147109
44_24_1114_1400,0.6659147109
3350_1786_6_187,0.6659147109
1383_11_1403_11,0.6659147109
1900_463_2227_224,0.6659147109
2045_34_86_6,0.6659147109
72_990_6929,0.6659147109
938_939_486,0.6659147109
7803_11895_749,0.6659147109
2688_2690,0.6659147109
181_2756,0.6659147109
72_988_989,0.6659147109
218_61_14_764_4,0.6653965132
15443_2745_2768,0.6653097954
2558_915,0.6653097954
69_144,0.6653097954
1835_1955,0.6653097954
4503_4649,0.6653097954
3949_441,0.6653097954
13893_102,0.6653097954
1876_9811,0.6653097954
25_942,0.6653097954
5995_1986,0.6653097954
1267_2139,0.6653097954
845_1099,0.6653097954
3678_2117,0.6653097954
953_1955,0.6653097954
355_6_65_8187_66,0.6652625370
2780_1358,0.6638902048
3390_713,0.6638902048
1485_1278,0.6638902048
977_87,0.6638902048
1130_141,0.6638902048
927_6917,0.6638902048
878_6499,0.6638902048
1277_1278,0.6638902048
961_4711,0.6638902048
17507_365,0.6638902048
2687_1358,0.6638902048
534_370,0.6638902048
56_3021,0.6638902048
5123_664,0.6638902048
3020_1299,0.6638902048
3671_1513,0.6638902048
3025_5310,0.6638902048
3527_389,0.6638902048
892_863,0.6629428364
3697_2101,0.6629428364
2615_693,0.6629428364
422_752,0.6629428364
1670_417,0.6629428364
712_713,0.6629428364
965_1895,0.6629428364
4909_664,0.6629428364
1078_964,0.6629428364
5694_538,0.6629428364
6791_1152,0.6629428364
8041_755,0.6629428364
538_1374,0.6629428364
1601_4818,0.6629428364
420_1982,0.6629428364
1151_1152,0.6629428364
512_781,0.6629428364
357_782,0.6629428364
4214_327,0.6629428364
4554_4346,0.6628902048
1024_1602,0.6628902048
2996_540,0.6628902048
4477_4056,0.6628902048
877_3678,0.6628902048
876_403,0.6628902048
215_2732,0.6628902048
3180_2862,0.6628902048
5530_168,0.6628902048
7270_2161,0.6628902048
2172_9891,0.6628902048
5179_15,0.6628375732
4675_2032,0.6628375732
1099_1557,0.6628375732
215_4393,0.6628375732
281_502,0.6628375732
422_4543,0.6628375732
2917_90,0.6628375732
3_3003,0.6628375732
4818_441,0.6628375732
3472_657,0.6628375732
1167_3918,0.6628375732
970_971,0.6628375732
1520_3725,0.6628375732
4477_4547,0.6628375732
72_684,0.6628375732
4756_4513_65_4755_66,0.6619836079
44_24_629_11934_6_65_11924_66,0.6618965239
1709_26_1710_65_24997_66,0.6616186654
4923_268_269_65_2071_66,0.6616186654
1078_11_278_11_277,0.6616186654
4042_4278_4276_805,0.6616186654
2172_749_3244,0.6616186654
1641_1223_863,0.6616186654
5023_5024_1955,0.6616186654
278_689_518_65_5072_66,0.6616186654
2062_268_269_65_2071_66,0.6616186654
278_11_277_11_458,0.6616186654
44_24_23384_2745_2768,0.6616186654
3166_4214_327,0.6616186654
1513_1514_1729,0.6616186654
4096_312_1729,0.6616186654
1050_1051,0.6616186654
7978_2928,0.6616186654
2850_6489_187,0.6616186654
64_14_1059_38_58_4,0.6615903224
668_14_58_38_1059_4,0.6615903224
816_1346_1379,0.6610879636
401_423_15,0.6610879636
482_3257_6_65_27964_66,0.6610879636
45_737_1352_451,0.6610879636
119_2421_4346,0.6610879636
4553_4554_4346,0.6610879636
749_3244_792,0.6610879636
2928_8256_4232,0.6610879636
119_3673_4346,0.6610879636
4112_4113_403,0.6610879636
3093_3094,0.6610879636
9231_9232,0.6610879636
884_885,0.6610879636
245_807_808_607_246,0.6601405952
4378_2015_61,0.6601405952
4374_4999_4998,0.6601405952
815_2721,0.6601405952
1624_1625,0.6601405952
11734_2595,0.6601405952
2594_2595,0.6601405952
4407_2529_38_603_61,0.6601405952
4374_4999_4998_792,0.6601405952
503_793_185,0.6601405952
503_793_1374,0.6601405952
3271_8570_340_3865,0.6601405952
16370_16371,0.6601405952
3035_591_2377,0.6600353321
4923_268_269,0.6600353321
277_11_458_459,0.6600353321
5298_1496_5773,0.6600353321
749_3244_403,0.6600353321
7349_4554_4346,0.6600353321
6_2199_12996,0.6600353321
7270_9232,0.6600353321
45_2105_451,0.6600353321
1181_2107_952,0.6600353321
467_6_451_65_6_66,0.6592959948
65_65_770_66_66,0.6580195973
33_1554_811_18_690,0.6571341956
6_24389_65_26_66,0.6568606864
58_11_1059_11_38,0.6566239791
935_462,0.6563741759
61_2_72_4_44_24,0.6561155435
764_4_272_252_21_18_338_14,0.6560489378
764_4_272_252_21_18_64_14,0.6560489378
117_4_272_252_21_18_219_14,0.6560489378
61_14_218_4_272_252_21_18,0.6560489378
218_4_272_252_21_18_219_14,0.6560489378
40_37_14_27_4,0.6560489378
3104_3105_571,0.6557382183
3493_1162_1163,0.6557382183
607_11_771_607_66,0.6547197039
44_24_247_18_248_6,0.6527301171
603_61_272_21_2,0.6522766430
252_21_18_668_14,0.6519898312
252_21_18_338_14,0.6512240114
879_522_839_808,0.6503869928
607_11_920_1297_607,0.6493364265
65_606_607_66_33,0.6466726139
245_807_808_607,0.6460400600
218_61_18_219_14_58_38_1059_4,0.6458950721
218_61_18_64_14_58_4,0.6458950721
95_2227_224_6_808_1476,0.6439413003
61_14_764_4_272,0.6435777462
4497_11_920_1297_18,0.6425971005
1554_5666_18_690,0.6415005804
65_920_1325_920_11_771,0.6409344355
920_3014_1124_65_1297_66_18,0.6409344355
2858_287_459_4,0.6409344355
6_65_6_66_4_14,0.6409344355
66_4873_224_4744,0.6409344355
18_668_14_58_38,0.6398900539
6_65_7895_66_53,0.6395044838
7_44_24_833_6,0.6361751420
14_943_4_898_6,0.6361569029
18_668_14_58_4,0.6359074967
7_44_24_990_6,0.6351751420
24_6_33_23_24,0.6335169935
7_14_27_4_629_6,0.6329688613
1731_1732,0.6318019850
14_943_38_27_4,0.6300741634
18_219_14_58_38,0.6292180777
771_607_66_11_38,0.6287844809
27_4_6_7_44_24,0.6283302170
61_18_64_14_178_4,0.6283302170
2745_2768,0.6282775216
4_26_7_14_996_4,0.6280890740
1296_952,0.6275059395
14_58_38_1059_4_26_7,0.6273693474
1017_1814,0.6270337173
286_843,0.6270337173
216_4736_4667,0.6255971391
61_14_218_4_272_252_21,0.6254444622
5673_805,0.6250337173
1346_1379,0.6250337173
219_14_58_38_1059_4,0.6244518094
65_770_66_66_11,0.6241123685
18_64_14_58_4,0.6237060408
2062_268_269,0.6223981428
247_18_248_6,0.6212623087
787_1023,0.6200714986
580_234_43_211,0.6192702513
252_21_2345_18,0.6192702513
37_14_27_4_6_7,0.6187262921
510_14_2728_127,0.6182176197
4_26_7_14_27_4,0.6173747883
920_38_920_11_1187,0.6161904690
7_44_24_878_6,0.6147345209
218_61_18_798_634,0.6147301931
37_14_943_4_898_6,0.6147214052
7_14_27_4_45_6,0.6147214052
7_14_27_4_6_61,0.6147214052
37_6_943_7_44,0.6146168738
7_44_24_249_6,0.6137175322
14_27_4_466_6,0.6133514670
14_27_4_878_6,0.6133514670
14_27_4_2295_6,0.6133514670
14_27_4_45_6,0.6133514670
216_72_988_34_990,0.6133514670
14_27_4_4504_6,0.6133514670
4_272_252_53_18,0.6129200942
37_6_943_7_3391,0.6122156330
7_14_623_252_11,0.6121048848
14_592_1801_152,0.6118702797
14_58_38_883_4,0.6108148306
218_61_18_798_14,0.6106708124
2_743_2185_7_6,0.6099481890
21_2757_18_219,0.6098702797
237_1108_420_152,0.6098702797
218_61_18_668_14,0.6091401107
17649_312,0.6085561862
218_61_18_64_14,0.6084684315
37_14_27_4_6_38,0.6080120064
38_26_7_14_27_4,0.6080120064
170_61_7_44_24,0.6076413011
764_4_14_623_252_21_18,0.6072727379
7_44_24_990_6_65,0.6065468897
18_690_96_26,0.6062225409
18_798_634_26,0.6062225409
53_152_7_14_27_4,0.6045519716
1108_152_7_14_27_4,0.6045519716
21_18_219_14_58_4,0.6045519716
60_61_26_65_26_66,0.6033206556
26_53_29_4_14,0.6027877200
57_4_14_178_4,0.6027877200
24_629_11934_6_65,0.6016669162
18_6_24389_65_26,0.6012366867
399_400,0.6009929310
4096_312,0.6009929310
2051_1172,0.6009929310
939_4125,0.6002122911
5874_317,0.5999402994
939_486,0.5987956245
37_14_27_4_2295,0.5980253425
7_14_27_4_914,0.5980253425
1108_238_18_157_43,0.5978756059
44_24_6_65_6_66,0.5972988267
1191_34_7_491_24,0.5968622034
18_219_14_58_4_26,0.5959717823
1191_38_7_491_24,0.5947058887
61_26_65_26_66_53,0.5907486100
26_65_26_66_11_2,0.5887486100
26_65_26_66_7_14,0.5882152766
14_764_4_14_252,0.5855780761
14_764_4_272_252,0.5847376701
764_4_272_252_21_18,0.5835001105
218_4_272_252_21_18,0.5835001105
117_4_272_252_21_18,0.5835001105
764_4_272_252_53_18,0.5835001105
271_65_839_66_224,0.5830655168
943_4_898_6_65_913_66_216,0.5827630199
65_4497_11_920_1297_18,0.5827630199
16868_5558_4,0.5827630199
2_499_25_365,0.5816084611
839_808_224_4558,0.5809583897
839_808_224_3550,0.5809583897
839_808_224_809,0.5809583897
839_808_224_1325_839_808_224,0.5803597014
14_27_4_6_65_6_66,0.5803597014
603_61_2_72_4,0.5801989177
271_65_839_66_224_26,0.5792238674
2_1078_11_278_11,0.5792238674
2_278_11_277_11,0.5783522567
26_65_8099_66_53,0.5775538899
26_65_26_66_237_1108,0.5755049201
33_278_18_690_96,0.5692953337
218_61_18_219_14,0.5691645755
272_252_21_2757_18,0.5670696304
26_37_14_943_4,0.5634614551
7_14_27_4_6_11,0.5571043111
82_839_808_224_18_839_808_224,0.5571043111
629_11934_6988,0.5566287170
14_996_4_2054_6,0.5515663991
37_474_387_654,0.5488583805
33_278_18_690,0.5488583805
14_592_379_152,0.5488583805
7_44_24_247_18,0.5476298825
33_1554_5666_18_690,0.5476078537
18_64_14_58_38,0.5466815075
11934_6988,0.5462564935
17833_6988,0.5462564935
474_779_748_4,0.5459424476
18_798_14_58_38,0.5455917551
37_6_943_7_44_24,0.5447964309
250_1292_619_7,0.5430913222
272_252_848_18,0.5430913222
4998_792,0.5426881453
53_379_152_37,0.5426746555
53_420_152_37,0.5426746555
21_22_23_24,0.5410913222
18_219_14_1059_38,0.5407584218
14_232_4_272_252,0.5384390071
474_2_365_4_464,0.5384390071
14_117_4_272_252,0.5384390071
741_21_630_743_744,0.5338035563
741_33_630_743_1156,0.5338035563
18_64_14_178_4,0.5292463849
14_265_38_1059_4,0.5292463849
18_219_14_58_4,0.5292463849
2_72_4_44_24,0.5292463849
18_219_14_140_4,0.5292463849
14_27_4_1047_24,0.5292463849
18_338_14_140_4,0.5292463849
18_798_14_140_4,0.5292463849
18_219_14_178_4,0.5292463849
0_460_14_140_4,0.5292463849
18_520_14_178_4,0.5292463849
14_27_4_1798_37,0.5292463849
0_131_14_178_4,0.5292463849
26_65_26_66_53_2,0.5288456446
237_1108_152_7_14,0.5265210193
7_260_18_219_14,0.5251547919
33_580_1279_7_14,0.5251547919
237_1108_238_18_157,0.5202532866
839_808_224_3126,0.5185860571
14_2547_2548,0.5159247517
272_1_1584,0.5149247517
18_798_634_14,0.5124570720
14_764_4_272_252_53,0.5120923157
7_14_996_4_44_24,0.5120923157
53_43_7_14_27_4,0.5120923157
474_14_903_4_14,0.5120923157
4_272_252_21_18,0.5120923157
18_157_319_43_319,0.5101504593
272_252_21_18_219,0.5006611838
278_18_690_96,0.4954667559
65_839_66_224_26,0.4941923956
2_499_25_365_4,0.4915188032
2_2940_1417_4,0.4895729969
14_764_4_14_252_21,0.4876579829
18_510_14_2728,0.4856555093
438_1474_655_127,0.4821937329
33_1554_811_18_690_96,0.4821937329
231_232_655_127,0.4821937329
438_1132_655_127,0.4821937329
438_232_655_127,0.4821937329
272_252_2631_18,0.4813702035
7_44_228_82,0.4803702035
7_14_623_252_11_0,0.4752839371
0_460_14_178_4,0.4715392719
18_338_14_178_4,0.4715392719
14_58_38_1482_4,0.4715392719
14_67_38_892_4,0.4715392719
0_1_2_3_4,0.4715392719
18_668_14_140_4,0.4715392719
474_387_319_43_319,0.4657704877
7_272_252_11_0,0.4618606919
37_14_27_4_44_24,0.4532516623
7_14_27_4_6_7,0.4532516623
37_14_943_38_27_4,0.4532516623
7_14_27_4_44_24,0.4532516623
14_619_4_26_7_14,0.4532516623
14_764_4_14_252_21_18,0.4522516623
53_29_4_14_592,0.4522516623
4_272_252_33_18,0.4522516623
479_53_2447_127,0.4503995448
319_250_7007_18,0.4503995448
33_234_4590_18,0.4489828782
237_1108_1119_18,0.4483995448
206_1108_238_18,0.4483995448
231_218_21_18,0.4471738415
14_1059_38_58_4,0.4448681676
237_1108_238_18,0.4237284406
14_95_4_26_7_14,0.4017935727
37_14_27_4_6_65,0.3604112508
843_5155,0.3564851308
18_26_65_26_66_11,0.3548952183
3195_3460,0.3496544529
1787_11501,0.3496544529
24611_2006,0.3496544529
2199_12996,0.3469914484
790_571,0.3294041779
1056_1057,0.3272989147
15423_939,0.3114390969
4_26_37_14_27_4,0.3085602450
4_14_58_38_1059_4,0.3085602450
37_14_943_4_6_7,0.3085602450
14_58_38_1059_4_14,0.3085602450
25482_2006,0.3013733847
535_13222,0.3013733847
548_15651,0.3013733847
535_3042,0.2987103801
7232_340,0.2980773392
3305_102,0.2980773392
9813_1417,0.2980773392
8382_102,0.2966577486
1442_102,0.2966051170
61_18_64_14_58_38_1059,0.2672631241
61_18_219_14_58_38_1059,0.2657512193
44_7_14_26_311,0.2541455789
764_4_14_252,0.2516575054
232_4_272_252,0.2516575054
57_4_14_58,0.2516575054
57_4_14_178,0.2516575054
58_4_14_491,0.2516575054
117_4_272_252,0.2516575054
26_37_27_4_6,0.2512841939
1544_18_474_387_7891,0.2512841939
27_4_6_24_26,0.2512841939
27_4_6_7_44,0.2512841939
1059_38_58_4_26,0.2512841939
943_4_6_38_81,0.2512841939
52_771_607_66,0.2508339760
65_606_607_11,0.2450657890
11_606_607_66,0.2450657890
252_21_18_520,0.2450155307
189_157_250_43,0.2447308730
388_18_474_387,0.2442615748
65_771_607_11,0.2437880112
11_771_607_66,0.2437880112
238_18_157_43,0.2436782414
1298_24_250_76,0.2434380454
1279_7_14_26_311,0.2433890803
1191_34_7_491,0.2420215096
252_21_18_219,0.2411391566
66_53_2_482,0.2398613788
66_237_1108_152,0.2379688780
26_53_2_432,0.2377994971
6_53_2_482,0.2377994971
26_237_1108_152,0.2370865250
61_7_2_278,0.2360064928
26_53_250_43,0.2343704171
61_7_272_252,0.2320798604
26_37_14_943,0.2319139802
66_7_14_26_311,0.2310221358
11_318_319_26,0.2295139463
6_7_14_3119,0.2286105622
58_38_1059_4_26,0.2259803379
66_7_44_24_6,0.2213184892
26_7_44_24_6,0.2207851559
65_606_607_66,0.2188571711
1191_38_7_491,0.2175793934
65_771_607_66,0.2175793934
252_21_18_338,0.2167602601
252_21_18_64,0.2158779072
252_21_18_668,0.2148684473
40_37_14_27,0.2073434534
3863_224_4863_3953_3863_224,0.2066822547
184_65_66_224,0.2066822547
4482_65_1236_66,0.2066822547
2384_4_355_6,0.2066822547
2316_6_65_7895,0.2066822547
463_2227_224,0.2066822547
522_839_808,0.2066822547
2934_6_386,0.2066822547
737_1352_451,0.2066822547
66_53_224_65_2494_66_2495_224_2496_224_2497_224,0.2066822547
4871_224_4872_224_65_8102_284_66_4872_224_65,0.2066822547
4872_224_65_8102_284_66_4872_224_65,0.2066822547
66_53_224_65_2494_66_2495_224,0.2066822547
2227_224_73_40_11_491_2227_224,0.2066822547
943_4_898_6_65_913_66,0.2066822547
4872_224_65_26_66_4872_224,0.2066822547
808_1476_73_8323_1900_168,0.2066822547
12396_1734_383_65_6_66,0.2066822547
3863_224_68_459_3863_224,0.2066822547
3934_6_65_735_66,0.2066822547
808_1476_1139_2227_224,0.2066822547
66_4872_224_8133_65,0.2066822547
65_4497_11_920_1297,0.2066822547
2227_224_465_2227_224,0.2066822547
4883_224_4884_2612_224,0.2066822547
2227_224_8102_8314_1900,0.2066822547
920_65_920_1297,0.2066822547
52_920_1297_11,0.2066822547
4503_140_4_26,0.2066822547
394_65_7934_66,0.2066822547
808_1476_766_1900,0.2066822547
996_4_45_6,0.2066822547
65_271_66_224,0.2066822547
284_66_4872_224,0.2066822547
748_4_886_6,0.2066822547
4880_224_4881_224,0.2066822547
27_4_898_6,0.2066822547
27_4_466_6,0.2066822547
748_4_898_6,0.2066822547
499_365_4_26,0.2066822547
95_2227_224_6,0.2066822547
27_4_4504_6,0.2066822547
388_4_355_6,0.2066822547
215_6_507_459,0.2066822547
1975_11_920_1297,0.2066822547
4756_4513_65,0.2066822547
65_807_808,0.2066822547
988_34_990,0.2066822547
920_1297_920,0.2066822547
1640_340_2648,0.2066822547
4782_38_4231,0.2066822547
864_1297_866,0.2066822547
252_3863_224,0.2066822547
268_269_11,0.2066822547
311_317_65,0.2066822547
864_920_866,0.2066822547
994_11_1070,0.2066822547
462_37_417,0.2066822547
2341_82_44,0.2066822547
1550_4_553,0.2066822547
629_587_187,0.2066822547
40_2227_224,0.2066822547
2831_462_11,0.2066822547
1_2_3,0.2066822547
808_1476_73,0.2066822547
985_4_986,0.2066822547
61_5180_4641,0.2066822547
224_3620_224,0.2066822547
2227_224_73,0.2066822547
920_1974_920,0.2066822547
11_920_3014,0.2066822547
61_839_808,0.2066822547
4872_224_8132_65_7891_66_4872_224_8133_65,0.2066822547
4871_224_4872_224_65_8102_284_66,0.2066822547
2494_66_2495_224_2496_224_2497_224,0.2066822547
2485_224_2486_224_2487_2488_224,0.2066822547
808_1476_585_95_2227_224,0.2066822547
4864_224_2547_2548_4865_224,0.2066822547
3863_224_4863_3953_4864_224,0.2066822547
224_2492_224_53_224_65,0.2066822547
4880_224_4881_224_4882_224,0.2066822547
1516_269_65_1390_66,0.2066822547
2227_224_1495_2227_224,0.2066822547
1067_383_65_1068_66,0.2066822547
2227_224_8_2227_224,0.2066822547
4873_224_4744_2227_224,0.2066822547
522_839_808_224_246,0.2066822547
2227_224_1757_2227_224,0.2066822547
629_17833_6_65_11924,0.2066822547
68_459_3863_224,0.2066822547
996_4_2054_6,0.2066822547
754_773_4_26,0.2066822547
1020_65_4684_66,0.2066822547
76_748_4_6,0.2066822547
5561_4_355_6,0.2066822547
7922_65_7935_66,0.2066822547
943_4_898_6,0.2066822547
920_1297_607_66,0.2066822547
27_4_947_6,0.2066822547
808_1476_585_95,0.2066822547
2655_65_66_808,0.2066822547
73_65_270_66,0.2066822547
1709_1367_4_26,0.2066822547
920_1297_18_52,0.2066822547
65_920_1325_920,0.2066822547
518_65_5072_66,0.2066822547
7891_11_11732_11,0.2066822547
2316_65_5923_66,0.2066822547
4871_224_4872_224,0.2066822547
52_771_842_66,0.2066822547
66_4872_224_65,0.2066822547
3231_4_11982_26,0.2066822547
26_66_4872_224,0.2066822547
27_4_2295_6,0.2066822547
1458_11_1383_11,0.2066822547
5759_3231_6,0.2066822547
6_12168_1729,0.2066822547
755_4_1346,0.2066822547
1185_11_1183,0.2066822547
65_920_3014,0.2066822547
2384_4_2934,0.2066822547
45_737_1352,0.2066822547
1046_38_971,0.2066822547
134_4_553,0.2066822547
1020_4756_4513,0.2066822547
281_1386_11,0.2066822547
2647_340_2648,0.2066822547
1805_915_6,0.2066822547
355_6_3350,0.2066822547
65_879_744,0.2066822547
4334_6_15,0.2066822547
178_2227_224,0.2066822547
4448_224_4862,0.2066822547
944_898_6,0.2066822547
914_2647_340,0.2066822547
1974_839_808,0.2066822547
144_4_4952,0.2066822547
695_37_417,0.2066822547
65_735_66,0.2066822547
67_38_892,0.2066822547
7840_68_3626,0.2066822547
1167_18_1751,0.2066822547
2045_34_86,0.2066822547
1325_839_808,0.2066822547
2227_224_1757,0.2066822547
2227_224_8318,0.2066822547
180_839_808,0.2066822547
2227_224_8102,0.2066822547
2227_224_980,0.2066822547
245_2227_224,0.2066822547
629_10727_6988,0.2066822547
268_73_65,0.2066822547
872_1411_65,0.2066822547
4448_224_4862_3863_224,0.2066822547
5561_4_26_388,0.2066822547
27_4_878_6,0.2066822547
864_140_4_26,0.2066822547
2579_4_9811,0.2066822547
464_2831_462,0.2066822547
1114_1400_6,0.2066822547
689_518_65,0.2066822547
245_18_246,0.2058555074
1176_232_61,0.2058555074
228_82_6,0.2058555074
1551_38_603_61,0.2058555074
11_4138_252,0.2058555074
44_12_1847,0.2058555074
44_245_246,0.2058555074
68_459_937,0.2058555074
189_157_152,0.2058555074
420_152_18_1463,0.2058555074
252_2631_18_64,0.2058555074
278_18_690,0.2058555074
6226_872_1411,0.2058555074
1179_1113_61,0.2058555074
1136_206_238,0.2058555074
798_634_26,0.2058555074
6_2384_2341,0.2058555074
1383_11_1403,0.2058555074
2631_18_338,0.2058555074
811_18_690,0.2058555074
248_34_466,0.2058555074
61_29_30,0.2058555074
65_472_473_474_475_66,0.2058555074
218_61_18_520,0.2058555074
457_11_277_11,0.2050300807
44_24_2745_2768_65_3391_66,0.2050300807
1020_26_65_12288_66,0.2050300807
12283_451_65_6_66,0.2050300807
44_24_629_11934,0.2050300807
7891_65_2038_66,0.2050300807
943_7_44_24_2745_2768,0.2050300807
629_11934_6988_65_6_66,0.2050300807
65_311_317_66,0.2050300807
7891_11_9147_11,0.2050300807
4042_4278_4276_805_65_6_66,0.2049081390
379_152_18_1463,0.2049081390
1060_18_219,0.2049081390
6_34_5673,0.2049081390
278_68_459,0.2049081390
355_6_7930,0.2049081390
278_689_518,0.2049081390
12283_451_65,0.2049081390
2757_18_798,0.2049081390
247_34_248,0.2049081390
10900_10901,0.2049081390
45_1019_2377,0.2049081390
248_249_6,0.2049081390
12_298_1006,0.2049081390
1245_994_170_61,0.2049081390
7252_7253_61,0.2049081390
2447_127_26,0.2049081390
2631_18_798,0.2049081390
269_65_2071_66,0.2048555074
629_10727_6_65_385_66,0.2043241984
394_11_7891_11,0.2043241984
1513_1514_1729_65_5179_66,0.2037511517
947_6_65_15650_66,0.2037511517
629_17833_6,0.2037511517
833_6_205,0.2037511517
625_2768_65,0.2037511517
7583_872_1411,0.2037511517
11_1083_252,0.2037511517
3195_11_986,0.2037511517
3025_6_65_3550_66,0.2035464206
26_65_6812_66,0.2035464206
11_920_1297_61,0.2035464206
920_26_24_255,0.2035464206
1544_18_7891_11,0.2035464206
7891_65_2038_66_491_37_654_65,0.2035464206
898_6_65_913_66,0.2035464206
465_44_24_629,0.2035464206
11_278_11_458,0.2035464206
65_771_807_66,0.2035464206
580_234_43,0.2035057621
393_127_26,0.2035057621
61_231_232,0.2035057621
510_14_2728,0.2035057621
117_61_14_764,0.2034974512
872_1411_65_6164_66,0.2033862092
1729_65_5179_66,0.2033862092
458_11_277,0.2033862092
1513_6_1729,0.2033862092
268_269_65,0.2033862092
6126_1352_6,0.2033862092
5629_11_6536,0.2033862092
247_18_248,0.2033862092
4494_38_2610,0.2033862092
2295_2290_6,0.2033862092
45_1734_6,0.2033862092
6_2199_749,0.2033862092
2831_462_65,0.2033862092
2831_462_66,0.2033862092
13_1514_187,0.2033862092
1267_216_124,0.2033862092
629_10727_6,0.2033862092
13_1514_187_65_6_66,0.2033862092
8105_37_451_168_38_943,0.2033862092
72_990_6929_65_6930_66,0.2033862092
119_2421_4346_65_4741_66,0.2033862092
4513_65_4755_66,0.2033862092
73_152_18_1463,0.2033862092
1140_38_8934,0.2033862092
535_25_3389,0.2033862092
1675_25_3389,0.2033862092
842_809_66,0.2033862092
1278_2_695,0.2033862092
25_3389_65,0.2033862092
3385_6_456,0.2033862092
11_458_459,0.2033862092
340_3865_65,0.2033862092
929_4536_6,0.2033862092
1954_38_2458,0.2033862092
2745_2768_65_15444_66,0.2033862092
2501_224_2502_224,0.2033862092
4276_805_65,0.2033862092
2831_2_695,0.2033862092
2529_38_603_61,0.2032559651
990_6_65_6_66,0.2030766186
65_5923_66_6_65_6_66,0.2030766186
1378_38_1299,0.2028555074
45_6348_6,0.2028555074
3104_287_538,0.2028555074
72_1641_1005,0.2028555074
4741_6_1283,0.2028555074
1710_65_24997_66,0.2028555074
1120_2054_90,0.2028555074
278_689_459,0.2028555074
1001_689_518,0.2028555074
189_157_43,0.2028555074
1283_33_580_1279,0.2028028758
754_26_773,0.2028028758
467_6_451,0.2028028758
675_38_3949,0.2028028758
252_2529_61,0.2028028758
1615_2_743,0.2028028758
2199_749_1648,0.2028028758
508_38_73_766_65_2263_66,0.2028028758
277_11_458_252,0.2028028758
63_61_18_798,0.2028028758
8105_37_451_168,0.2028028758
6160_872_1411,0.2028028758
5666_18_690,0.2028028758
1642_254_26,0.2028028758
12_33_622,0.2028028758
11_4978_311,0.2028028758
1786_6_187,0.2028028758
2757_18_219,0.2028028758
2047_1732_451,0.2028028758
742_743_744,0.2028028758
508_38_73_766,0.2028028758
540_390_355_6,0.2028028758
8570_340_3865,0.2028028758
66_33_1554,0.2028028758
65_879_522,0.2028028758
189_157_1530,0.2028028758
499_25_365,0.2028028758
26_540_390,0.2028028758
482_3257_6,0.2028028758
986_38_3245,0.2028028758
165_61_272_252,0.2027196734
170_61_272_252,0.2027196734
65_839_66_224,0.2026640677
65_771_842_66,0.2026640677
11_7905_11_38_7922,0.2026640677
11_771_842_66,0.2026640677
26_65_15367_66,0.2026640677
2629_65_6_66,0.2026640677
920_1297_18_66,0.2026640677
920_1297_18_11,0.2026640677
26_65_1385_66,0.2026640677
65_464_462_66,0.2026640677
65_920_1297_11,0.2026640677
920_1297_11_66,0.2026640677
65_864_866_66,0.2026640677
629_11934_6_65,0.2026640677
65_2655_65_66,0.2026640677
65_920_1297_66,0.2026640677
277_11_278_11,0.2021640677
11_920_1297_11,0.2021640677
65_7986_66_11,0.2021640677
44_12_1006_26,0.2021640677
26_65_7902_66,0.2021640677
11_277_11_278,0.2021640677
218_61_272_252,0.2018373204
60_38_117_61,0.2018373204
117_61_18_798,0.2018028758
68_58_38_1059,0.2017723050
278_11_277_252,0.2017340353
277_11_458_11,0.2017340353
26_65_932_66,0.2013862899
44_24_3934_6,0.2013862899
61_65_1984_66,0.2013862899
218_61_14_218,0.2013862899
26_65_7935_66,0.2013862899
388_7_355_6,0.2013862899
252_131_14_58,0.2013862899
2648_915_65_6_66,0.2013862899
26_2655_65_66,0.2013862899
26_65_7986_66,0.2013862899
26_65_9464_66,0.2013862899
63_61_272_252,0.2011507019
278_11_458_11,0.2006153177
61_14_623_252,0.2005595427
6_52_705_11,0.2005595427
61_2_60_61,0.2004214268
6_1283_33_580,0.2002503751
2551_65_6_66,0.2000635386
131_24_846_11,0.2000635386
6_7_44_961,0.1999731509
44_24_1544_6,0.1999731509
44_24_45_6,0.1999589715
26_65_11504_66,0.1993680222
6_943_7_3391,0.1993680222
26_65_3565_66,0.1993680222
44_24_286_843_65_6_66,0.1993244081
7891_11_26_11_7922,0.1993244081
7891_11_26_11_7905,0.1993244081
65_770_66_66,0.1993244081
66_11_9147_65,0.1993244081
26_65_11933_66,0.1993244081
6_7_44_24_2745_2768,0.1993244081
6_65_7895_66,0.1993244081
44_24_9123_6,0.1993244081
26_65_1382_66,0.1993244081
65_5923_66_6,0.1993244081
6_142_26_3231,0.1992578598
152_18_1463_6,0.1992367913
44_24_878_6,0.1991953731
7891_65_7892_66_38_26_65_26_66,0.1990040137
743_2185_7_6,0.1988680222
278_11_277_11,0.1988680222
26_65_669_66,0.1987871411
44_24_947_6,0.1987871411
61_2_218_61,0.1987871411
843_65_6_66,0.1987871411
26_65_409_66,0.1987871411
44_24_914_6,0.1987871411
6988_65_6_66,0.1987871411
26_65_770_66,0.1987871411
44_24_3025_6,0.1987871411
920_11_920_11_38_920,0.1987871411
44_24_1352_6,0.1987871411
6_65_8187_66,0.1987846889
248_18_466_6,0.1987846889
60_38_63_61,0.1987846889
60_61_272_252,0.1987846889
65_770_66_11,0.1987157125
44_24_1025_6,0.1982846889
26_65_8099_66,0.1980902444
465_44_24_6,0.1979603938
65_1987_66_26,0.1979603938
66_38_7922_65,0.1977871411
24389_65_26_66,0.1977871411
44_24_833_6,0.1977871411
6_65_11924_66,0.1977871411
66_11_394_65,0.1977871411
44_24_1154_6,0.1975595427
26_66_53_420,0.1975502925
603_38_232_61,0.1975069111
26_65_13018_66,0.1975069111
805_65_6_66_11,0.1970278686
44_38_603_61,0.1966771054
61_2_278_11,0.1966771054
1298_24_26_388,0.1963933052
43_7_1291_6,0.1962367913
44_24_466_6,0.1960729107
65_7892_66_11,0.1960283627
44_24_1114_6,0.1954910956
629_38_45_6,0.1949077622
44_24_990_6,0.1948560381
2006_65_26_66,0.1944910956
44_24_249_6,0.1944910956
44_24_6_23_24,0.1908084670
218_61_14_117_4,0.1879699162
920_1297_11_771_607,0.1879699162
1241_58_38_1059_4,0.1879699162
6_451_65_6_66,0.1859798439
1020_26_65_26_66,0.1850732578
63_61_18_668,0.1821656866
252_21_2345,0.1821656866
247_18_248_249_6,0.1820450654
7891_65_7892_66,0.1820450654
1738_4_1739,0.1820450654
66_4873_224,0.1820450654
4863_3953_3863_224,0.1820450654
4863_3953_4864_224,0.1820450654
1757_2227_224,0.1820450654
8102_8314_1900,0.1820450654
929_930_931,0.1820450654
26_65_26_66_224,0.1818916523
189_157_1886,0.1812183181
63_61_18_64,0.1805135126
629_11934_6_65_11924_66,0.1803928915
1020_65_1987_66,0.1803928915
61_26_65_26_66,0.1803071112
6_65_6_66_27,0.1803071112
6_65_6_66_44,0.1803071112
11_26_65_26_66_11,0.1797737779
66_38_26_65_26_66,0.1797737779
66_6_65_6_66,0.1797737779
457_11_278_11,0.1789092313
9147_11_7905,0.1787490199
2858_287_459,0.1787490199
2858_287_252,0.1787490199
2745_2768_65_3391_66,0.1787490199
2631_18_219,0.1787490199
218_61_14_764,0.1781474996
218_61_18_668,0.1780824841
218_61_18_338,0.1775135126
11_277_11_458,0.1774617885
63_61_14_764,0.1770968460
117_61_18_64,0.1765135126
63_61_18_219,0.1765135126
117_61_18_219,0.1765135126
218_61_18_219,0.1751474996
218_61_18_798,0.1750298525
1078_11_278_11,0.1747308329
338_14_140_4,0.1746942832
943_38_27_4,0.1746942832
73_4_1798_37,0.1746942832
460_14_140_4,0.1746942832
219_14_140_4,0.1746942832
668_14_140_4,0.1746942832
64_14_178_4,0.1746942832
883_4_26_38,0.1746942832
219_14_265_4,0.1746942832
6_16_3231_4,0.1746942832
520_14_178_4,0.1746942832
946_14_140_4,0.1746942832
1059_38_883_4,0.1746942832
6_142_3231_4,0.1746942832
265_38_1059_4,0.1746942832
131_14_178_4,0.1746942832
58_38_1482_4,0.1746942832
131_14_58_4,0.1746942832
27_4_247_18,0.1746942832
920_52_771_607,0.1746942832
61_2_57_4,0.1746942832
1018_14_178_4,0.1746942832
64_14_58_4,0.1746942832
460_14_178_4,0.1746942832
219_14_178_4,0.1746942832
668_14_58_4,0.1746942832
27_4_1047_24,0.1746942832
2136_14_67_4,0.1746942832
27_4_1798_37,0.1746942832
64_14_265_4,0.1746942832
338_14_178_4,0.1746942832
2136_14_748_4,0.1746942832
1_14_3_4,0.1746942832
152_37_27_4,0.1746942832
26_53_29_4,0.1746942832
1307_14_748_4,0.1746942832
798_14_140_4,0.1746942832
148_14_140_4,0.1746942832
11_278_11_277,0.1742308329
218_61_18_64,0.1741474996
26_37_6_943_7,0.1739127350
65_920_66_7_14,0.1739127350
311_65_771_607,0.1738707538
58_11_1059_11,0.1731499518
218_61_18_252,0.1718078400
65_26_66_53_2,0.1716402204
61_18_798_634,0.1708107881
2757_18_64_14,0.1708107881
920_11_771_607,0.1704685799
269_11_318_319,0.1704685799
65_6_66_53_2,0.1701316749
66_65_606_607,0.1688084492
252_21_2757_18,0.1674086142
311_131_24_14,0.1669116238
252_21_608_18,0.1666308364
11_0_2631_18,0.1666308364
61_0_1060_2,0.1666308364
26_1753_18_157,0.1666308364
1047_38_2074_24,0.1663414898
65_770_66_38,0.1653743567
152_7_491_24,0.1653743567
11_0_460_14,0.1644707057
61_18_520_14,0.1644707057
58_38_1059_7,0.1643743567
170_61_7_272,0.1638516581
66_33_131_7,0.1631504286
653_7_44_24,0.1631504286
846_7_44_24,0.1631504286
66_11_20_53,0.1626787045
66_33_23_24,0.1626787045
11_33_23_24,0.1626787045
11_0_131_14,0.1626787045
117_61_14_117_4,0.1626660602
252_21_1060_18,0.1625782048
26_53_234_43,0.1624070569
26_189_157_2,0.1623143910
219_14_58_38,0.1623143910
420_152_37_14,0.1622791852
580_1279_7_14,0.1617791852
12_33_23_24,0.1616958519
26_66_237_1108,0.1613143910
420_152_7_14,0.1611958519
52_705_11_14,0.1611958519
60_61_26_11_2,0.1610687133
64_14_1059_38,0.1604180741
11_0_946_14,0.1603823598
743_744_7,0.1602700819
22_23_24,0.1602700819
1136_655_127,0.1602700819
252_782_127,0.1602700819
27_3907_37,0.1602700819
866_52_771,0.1602700819
534_1267_216,0.1602700819
743_4177_7,0.1602700819
379_152_7,0.1602700819
1474_655_127,0.1602700819
232_655_127,0.1602700819
5871_40_37,0.1602700819
252_1615_127,0.1602700819
232_910_127,0.1602700819
232_1615_127,0.1602700819
1011_43_7,0.1602700819
232_1422_127,0.1602700819
2152_224_38,0.1602700819
189_550_18,0.1602700819
1132_655_127,0.1602700819
629_5646_4,0.1602301625
11_1059_11_38_883_4,0.1602301625
2934_6_2384_2341_82,0.1602301625
2227_224_6_808_1476,0.1602301625
2227_224_26_808_1476,0.1602301625
52_920_1297_18,0.1602301625
1900_463_808_1476,0.1602301625
1325_920_11_771,0.1602301625
65_3013_607,0.1602301625
2384_1544_18,0.1602301625
1357_1358_4,0.1602301625
4873_224_4744,0.1602301625
985_664_4,0.1602301625
842_808_607,0.1602301625
74_265_4,0.1602301625
454_5561_4,0.1602301625
2831_462_37,0.1602301625
2227_224_1476,0.1602301625
2940_1417_4,0.1602301625
65_66_11_7949_839,0.1602301625
807_808_607,0.1602301625
743_744_254,0.1602301625
743_1156_254,0.1602301625
936_1220_4,0.1602301625
4189_1738_4,0.1602301625
5742_178_4,0.1602301625
131_14_58_38,0.1600904629
6_33_278_18,0.1600904629
61_272_252_21,0.1597990265
603_61_7_272,0.1597990265
26_65_771_607,0.1597990265
252_18_219_14,0.1597736642
1018_7_44_24,0.1596187388
946_7_44_24,0.1596187388
68_518_206,0.1588677050
66_33_278_18,0.1588450927
44_33_23_24,0.1588450927
61_18_338_14,0.1588450927
14_140_4_26_65,0.1588029744
14_140_4_26_11,0.1588029744
14_27_4_629_6,0.1588029744
14_95_4_26_65,0.1588029744
14_178_4_26_65,0.1588029744
61_26_237_1108,0.1582617594
872_1411_7,0.1578007837
6_21_23_24,0.1576360414
23_24_26_34,0.1576360414
805_65_6_66_38,0.1576016922
6_218_61_18,0.1576016922
27_1053_37,0.1572700819
1292_619_7,0.1572174503
748_749_37,0.1572174503
743_1156_7,0.1572174503
252_848_18,0.1572174503
580_1279_211,0.1572174503
748_822_37,0.1572174503
29_30_38,0.1572174503
11_920_1297_18,0.1569178578
920_1297_11_18,0.1569178578
61_18_64_14,0.1566211647
619_4_26_7_14,0.1561517862
58_38_1059_4_14,0.1561517862
140_4_26_142_14,0.1561517862
26_7_14_27_4,0.1561517862
95_4_26_7_14,0.1561517862
152_7_14_27_4,0.1561517862
61_14_218_4_272,0.1561517862
61_14_117_4_272,0.1561517862
27_4_6_7_14,0.1561517862
58_4_26_7_14,0.1561517862
26_37_14_27_4,0.1561517862
178_4_26_142_14,0.1561517862
73_7_14_27_4,0.1561517862
73_37_14_27_4,0.1561517862
2264_37_14_27_4,0.1561517862
26_7_14_996_4,0.1561517862
43_7_14_27_4,0.1561517862
26_7_14_943_4,0.1561517862
61_14_764_4_14,0.1561517862
846_7_14_27_4,0.1561517862
269_37_14_27_4,0.1561517862
152_37_14_27_4,0.1561517862
66_37_14_27_4,0.1561517862
3634_18_26_7,0.1560378314
603_61_7_2,0.1560378314
26_218_61_18,0.1555889801
11_26_237_1108,0.1555661072
61_18_668_14,0.1555661072
61_18_798_14,0.1555661072
441_7_44_24,0.1555661072
26_311_65_771,0.1550210324
37_6_943_7_2745,0.1548443891
26_21_1298_24,0.1541667432
6_65_913_66_7,0.1539554895
6_53_1298_24,0.1535834098
26_53_1298_24,0.1535834098
7764_11_26_11_38,0.1532401984
60_61_6_53,0.1532176312
589_61_26_53,0.1520609519
252_218_61_18,0.1520083203
218_61_26_53,0.1515261107
2054_6_168_7,0.1510543865
60_61_26_53,0.1507483329
7_14_26_311_65,0.1507415330
60_61_26_237,0.1504710532
117_61_26_53,0.1504710532
603_61_44_24,0.1504710532
52_606_607,0.1494728724
61_606_607,0.1494728724
1279_211_127,0.1494728724
807_34_607,0.1494728724
12_1000_133,0.1494728724
1010_18_157,0.1489400531
382_318_319,0.1489400531
12_1470_133,0.1489400531
4590_18_157,0.1489400531
233_18_157,0.1489400531
269_318_319,0.1489400531
798_634_14,0.1489400531
764_4_14_623_252_21,0.1484856653
58_38_883_4,0.1484856653
219_14_58_4,0.1484856653
61_2_72_4,0.1484856653
29_4_14_592,0.1484728724
131_24_132_4,0.1484728724
561_18_127_4,0.1484728724
131_24_127_4,0.1484728724
24_6_23_24_26,0.1482710386
7_44_24_6_65,0.1475753864
7_44_24_6_11,0.1475753864
1753_18_157_2,0.1471165237
12_298_1108,0.1469400531
4272_18_157,0.1464707549
393_127_14,0.1464707549
284_318_319,0.1458874215
189_133_157,0.1458874215
29_34_234,0.1458874215
189_157_234,0.1458874215
66_319_787_319,0.1454693912
7891_11_26_11_38,0.1448260425
61_741_21_630,0.1440638921
26_65_26_66_53_14,0.1435535279
26_65_26_66_37,0.1435535279
6_65_6_66_53,0.1435535279
311_211_7_14,0.1433092605
11_741_21_630,0.1432450515
26_65_26_66_18,0.1430201946
271_65_839_66,0.1429628101
37_943_4_898,0.1429628101
2_72_4_44,0.1429628101
14_27_4_2295,0.1429628101
14_27_4_914,0.1429628101
4_629_38_45,0.1429628101
16_14_534_1267,0.1429628101
14_996_4_2054,0.1429628101
4_6_34_81,0.1429628101
4_1798_37_6,0.1429628101
14_996_4_45,0.1429628101
14_996_4_629,0.1429628101
2_365_4_464,0.1429628101
4_248_18_466,0.1429628101
4_14_623_252,0.1429628101
14_73_4_1798,0.1429628101
26_65_26_66_237,0.1422741491
44_24_38_736,0.1419963413
11_24_34_736,0.1417719935
6_65_606_607,0.1413220535
66_53_14_592,0.1412391742
6_319_787_319,0.1410849208
11_20_53_2,0.1410763413
0_2631_18_64,0.1397168795
21_1060_18_64,0.1397168795
234_43_211_846,0.1397168795
3930_9115,0.1397168795
1108_152_18_1463,0.1391039763
272_252_21_2757,0.1391039763
61_272_21_2,0.1389942238
250_43_38_432,0.1388933501
26_53_14_592,0.1385459479
7_44_24_1025,0.1382534467
606_607_66_11,0.1382534467
26_237_1108_14,0.1380742238
771_607_66_11,0.1377534467
0_623_2_3,0.1367168795
464_2831_2,0.1365802610
44_228_82,0.1365802610
7_44_24_2745,0.1360828692
7_44_24_915,0.1360828692
7_44_24_1544,0.1360828692
474_387_319_43,0.1357168795
7_2_1673_1358,0.1357168795
7_44_24_990,0.1356915649
7_44_24_249,0.1356915649
7_44_24_587,0.1356915649
7_44_24_833,0.1356915649
7_14_168_311,0.1356915649
319_43_319_26,0.1356915649
7_44_24_990_6_65_6_66,0.1356905737
72_988_34,0.1355929732
603_61_272_21,0.1354872340
7_44_24_914,0.1350828692
53_250_43_27,0.1350075160
18_64_14_265,0.1350075160
234_43_211_26,0.1350075160
272_56_252,0.1341613270
2_743_2123,0.1341613270
2_277_11_458,0.1341613270
474_387_413,0.1341613270
319_4070_61,0.1341613270
630_743_1156,0.1341613270
592_1801_152,0.1341613270
42_379_152,0.1341613270
1108_420_152,0.1341613270
2_742_743,0.1341613270
272_252_460,0.1341613270
630_742_743,0.1341613270
42_420_152,0.1341613270
231_232_655,0.1341613270
21_580_912,0.1341613270
438_232_655,0.1341613270
133_580_926,0.1341613270
272_252_2631,0.1335484238
839_808_224_180_839_808_224,0.1333073725
4_7891_11_26_11,0.1333073725
18_7891_65_7892,0.1333073725
607_52_920_1297,0.1333073725
4_7891_11_9147,0.1333073725
4_629_11934_6,0.1333073725
7_44_961_72,0.1333073725
4_534_1798,0.1333073725
4_1516_269,0.1333073725
132_12_1006,0.1333073725
142_872_1411,0.1333073725
24_629_10727,0.1333073725
216_72_990,0.1333073725
24_629_17833,0.1333073725
216_72_988,0.1333073725
37_629_11934,0.1333073725
4_2934_6_2384,0.1333073725
839_808_224,0.1333073725
24_6_33_23,0.1332877079
7_44_24_248,0.1328369386
3014_1124_65_1297_66,0.1325213202
571_65_791_66,0.1325213202
65_27964_66,0.1325213202
7_1047_38_2074,0.1324911762
21_946_7_44,0.1324456343
24_248_18_466,0.1320075160
18_219_14_265,0.1320075160
1108_23_24_26,0.1318369386
37_14_534_1167,0.1315908494
127_26_53_43,0.1312240354
33_1011_43,0.1311613270
474_779_748,0.1311613270
2_697_252,0.1311096029
18_219_14_1059,0.1310908494
18_668_14_58,0.1310908494
18_219_14_140,0.1310908494
18_338_14_58,0.1310908494
53_152_18_1463,0.1310075160
2_432_38_43,0.1310075160
66_7_14_27_4,0.1308255213
66_53_29_4_14,0.1308255213
319_5871_40,0.1307446603
319_6301_40,0.1307446603
474_387_29,0.1307446603
2_3_1,0.1307446603
21_580_1279,0.1307446603
2_5378_365,0.1307446603
2_2858_287,0.1307446603
630_743_744,0.1307446603
2_1709_1367,0.1307446603
37_2054_6_996,0.1306715385
18_798_14_58,0.1305075160
7_44_24_1154,0.1305075160
21_1018_7_44,0.1301847647
592_379_152,0.1301613270
474_387_654,0.1301613270
7_1360_246,0.1301613270
216_215_124,0.1301613270
2_56_252,0.1301613270
61_18_219_14,0.1298292135
318_319_26_11,0.1294694250
7_44_24_3391,0.1294694250
14_623_252_11,0.1294636112
14_168_311_65,0.1293487871
18_64_14_58,0.1291847647
312_65_26_66,0.1290009610
7_44_24_247,0.1288369386
37_2054_6_168,0.1286096567
24_629_11934_6,0.1286088263
2_277_11_278,0.1286088263
14_1059_38_58,0.1284202720
318_319_26_65,0.1284202720
7_44_24_1114,0.1284202720
33_23_24_26,0.1283502212
37_14_27_4_45,0.1282975061
37_14_27_4_629,0.1282975061
37_14_27_4_44,0.1282975061
37_14_943_4_6,0.1282975061
37_14_996_4_6,0.1282975061
14_218_4_272_252,0.1282975061
7_14_943_4_6,0.1282975061
14_764_4_14_623,0.1282975061
37_14_943_4_898,0.1282975061
7_14_996_4_6,0.1282975061
7_14_27_4_629,0.1282975061
7_14_27_4_44,0.1282975061
37_2054_6_456,0.1281088263
37_654_65_66,0.1280009610
37_2316_6_65,0.1280009610
18_6_24389_65,0.1280009610
14_58_11_1059,0.1280009610
6_33_23_24,0.1279581253
14_846_311_65,0.1275254930
26_65_771_842,0.1272253555
24_990_6_65,0.1264382489
170_61_7_44,0.1262604923
14_27_4_1798,0.1254093529
34_7_491_24_26,0.1231340962
24_7891_11_26_38,0.1218491597
37_6_65_6_66,0.1217328457
7_260_18_219,0.1213398929
4_14_592_482,0.1208566875
606_607_52,0.1208566875
82_839_808,0.1208566875
21_839_808,0.1208566875
607_839_808,0.1208566875
7_14_846_311,0.1201999894
741_21_630_743,0.1201379033
954_157_1530,0.1201379033
166_157_152,0.1201379033
298_1108_23,0.1201379033
1000_133_801,0.1201379033
741_33_630_743,0.1201379033
234_211_246,0.1201379033
935_2_695,0.1201379033
206_1108_238,0.1201379033
206_1108_1119,0.1201379033
2157_133_801,0.1201379033
1172_2_90,0.1201379033
1000_133_175,0.1201379033
237_1108_1362,0.1201379033
21_474_387,0.1201379033
237_1108_349,0.1201379033
237_1108_1018,0.1201379033
1000_133_580,0.1195250001
11_319_787_319,0.1192607734
18_219_14_58,0.1181381077
741_21_630_744,0.1181379033
37_998_246,0.1181379033
1000_133_3730,0.1181379033
18_157_234_43,0.1179122000
1000_133_2136,0.1177212367
319_250_7007,0.1177212367
954_157_152,0.1177212367
7_44_24_286,0.1175294120
53_379_152,0.1171792984
438_1474_655,0.1171792984
250_1292_619,0.1171792984
53_420_152,0.1171792984
21_22_23,0.1171792984
272_252_848,0.1171792984
53_787_1677,0.1171379033
741_33_630_1156,0.1171379033
2038_216_124,0.1171379033
14_592_593,0.1171379033
53_152_7_14_27,0.1169790376
53_14_592_482,0.1168977073
607_11_920_1297,0.1163253438
53_14_592_379,0.1163143739
741_21_2_743,0.1163143739
24_34_736_26,0.1155957942
18_157_250_43,0.1140118732
272_53_14_534,0.1139285399
7_44_24_23384,0.1134540588
2_278_11_277,0.1120434643
37_14_27_4_6,0.1116264018
7_14_27_4_45,0.1116264018
14_4503_58_4,0.1111310947
14_4503_178_4,0.1111310947
250_76_748_4,0.1111310947
4_898_6_216,0.1111310947
4_491_40_24,0.1111310947
14_585_58_4,0.1111310947
2_1673_1358_4,0.1111310947
2_1241_252_4,0.1111310947
4_6_2184_137,0.1111310947
2_278_459_4,0.1111310947
2_499_365_4,0.1111310947
4_218_61_18,0.1111310947
14_4503_140_4,0.1111310947
4_26_65_26_66_7,0.1110618386
2_1078_11_278,0.1110434643
7_14_623_252,0.1108668147
26_65_606_607,0.1077250436
771_842_66_38,0.1071276135
64_14_58_38,0.1071059960
946_14_58_38,0.1071059960
7_44_12_298,0.1066276135
38_920_11_1187,0.1066276135
37_6_168_216,0.1053998703
33_580_1279_7,0.1049132242
272_252_946_14,0.1047483496
18_1463_6_7,0.1044298172
127_26_189_157,0.1042483496
272_252_131_14,0.1042483496
250_43_27_37,0.1042483496
237_1108_1119,0.1034667990
237_1108_420,0.1034667990
237_1108_238,0.1034667990
2384_2341_82,0.1018318062
14_623_252_21,0.1017483496
7_1444_44_24,0.1013316829
2_743_2185_7,0.1007483496
7_218_61_18,0.1004298172
14_4503_58_38,0.1002126353
272_252_11_0,0.1002126353
37_6_456_216,0.1002126353
7_3119_44_24,0.1002126353
65_8099_66_53,0.1001796323
38_63_61_14,0.1000756638
24_218_61_18,0.1000756638
7_465_44_24,0.0996039397
24_6_12_33,0.0994923305
18_1463_44_24,0.0990206063
21_18_219_14_58_38_1059_4,0.0970973696
14_58_4_26_7,0.0970973696
14_27_4_6_24,0.0970973696
4_26_37_27_4,0.0970973696
14_140_4_26_142,0.0970973696
37_27_4_6_38,0.0970973696
14_996_4_6_7,0.0970973696
14_178_4_26_142,0.0970973696
14_996_4_44_24,0.0970973696
14_95_4_26_37,0.0970973696
14_95_4_26_38,0.0970973696
14_95_4_26_319,0.0970973696
37_27_4_6_7,0.0970973696
38_883_4_26_7,0.0970973696
14_27_4_44_24,0.0970973696
18_668_14_178_4,0.0970973696
14_95_4_26_7,0.0970973696
38_1059_4_26_7,0.0970973696
14_491_4_26_38,0.0970973696
14_178_4_26_38,0.0970973696
53_234_43_211,0.0905663383
21_234_43_211,0.0905663383
479_237_1108,0.0905663383
237_274_1108,0.0905663383
133_981_1108,0.0905663383
18_798_526,0.0905663383
157_1886_37,0.0905663383
21_18_798_634,0.0905663383
133_1842_18,0.0905663383
42_1184_18,0.0905663383
20_237_1108,0.0905663383
0_1967_127,0.0905663383
0_778_127,0.0905663383
53_2208_137,0.0905663383
0_118_2,0.0905663383
741_53_630,0.0905663383
157_234_43_211,0.0905663383
1108_238_18_157,0.0905663383
231_764_21_18,0.0905663383
206_238_127,0.0905663383
14_1642_254,0.0905663383
206_349_127,0.0905663383
0_655_127,0.0905663383
33_278_400,0.0905663383
53_581_211,0.0905663383
21_2345_18,0.0905663383
0_680_18,0.0905663383
195_1000_133,0.0905663383
474_14_1167_4,0.0904184557
16_14_534_2038,0.0904184557
7_14_628_4,0.0904184557
2_3_4_2,0.0904184557
142_14_262_4,0.0904184557
7_14_674_4,0.0904184557
4_272_252_33,0.0904184557
18_246_880,0.0904184557
7_14_27_4_6_38,0.0904184557
4_14_623_252_21_18,0.0904184557
4_14_252_21_18,0.0904184557
4_231_252_21_18,0.0904184557
24_2_677_4,0.0904184557
37_14_5561_4,0.0904184557
474_2_365_4,0.0904184557
7_2_3021_4,0.0904184557
319_2_2088_4,0.0904184557
319_250_1531_18,0.0904184557
474_14_903_4,0.0904184557
142_14_1736_4,0.0904184557
7_14_332_4,0.0904184557
770_607_52_771,0.0904184557
14_764_4_272,0.0904184557
14_764_4_231,0.0904184557
630_1156_254,0.0904184557
157_1530_37,0.0904184557
82_5112_18,0.0904184557
0_206_1018_14,0.0897428088
319_250_431_18,0.0895949263
606_607_66_33,0.0895949263
254_5112_38,0.0885663383
21_778_18_157,0.0883406349
237_1108_1298_24,0.0883406349
237_1108_152_37,0.0883406349
606_607_66_34,0.0881927524
33_4832_18,0.0881496716
21_4442_319,0.0881496716
166_133_157,0.0881496716
237_3381_2,0.0875663383
319_1611_137,0.0875663383
237_133_1108,0.0875663383
741_42_630,0.0875663383
206_133_1108,0.0875663383
630_744_7,0.0875663383
18_338_634,0.0875663383
234_4590_18,0.0875663383
954_133_157,0.0875663383
21_133_1298_24,0.0875628572
237_1108_152_18,0.0875628572
319_787_319_14,0.0874149746
53_319_43_319,0.0874149746
18_157_3634_18,0.0874149746
7_272_252_0,0.0870628572
771_607_66_38,0.0869149746
1108_152_7_14,0.0864541615
33_131_24_132,0.0863406349
33_23_24_2,0.0863062790
157_319_43_319,0.0859239683
237_1108_152_7,0.0855628572
21_238_18_157,0.0853406349
33_131_7_2,0.0849574948
21_18_668_14,0.0846461905
319_787_319_7,0.0845628572
272_252_21_18,0.0844541615
21_1298_24_2,0.0842199812
21_18_338_14,0.0840628572
53_250_43_38,0.0840628572
53_2_432_38,0.0840628572
21_18_798_14,0.0840374948
21_18_219_14,0.0840374948
318_319_26_38,0.0840374948
7_44_24_6_34,0.0839560343
24_26_7_44_24,0.0839560343
157_43_7_14,0.0834541615
53_1298_24_2,0.0834541615
24_96_26_34,0.0834541615
18_157_43_7,0.0834541615
24_1114_1400,0.0811445509
14_619_4_26_7,0.0804262653
14_58_38_1059_4,0.0804262653
33_234_4590,0.0790821624
479_53_2447,0.0790821624
0_393_127,0.0738952340
4_272_252_53,0.0737473514
231_218_21,0.0732823307
607_11_771_607,0.0729238220
21_18_64_14,0.0667830572
