6_33_23_24_26,0.9513122228
1059_38_58_4_26,0.9300539813
61_2_72_4_44,0.9300539813
61_18_219_14_58,0.9291343726
61_14_764_4_14_623_252,0.9289555800
61_18_668_14_58,0.9288843726
920_11_771_607_66,0.9279555800
920_52_771_607_66,0.9269555800
252_21_18_64_14_58,0.9082407062
117_61_14_117_4_272_252,0.9077045109
26_37_14_943_4_6,0.9075513357
252_21_18_219_14_58,0.9022822514
66_7_14_27_4_6,0.8937118991
26_37_14_27_4_6,0.8937118991
152_37_14_27_4_6,0.8937118991
43_7_14_27_4_6,0.8842018653
152_7_14_27_4_6,0.8842018653
464_935_2_695,0.8842018653
52_606_607_66,0.8842018653
943_38_27_4_6,0.8829610830
27_4_248_18_466,0.8829610830
27_4_247_18_248,0.8829610830
1298_24_250_76_748,0.8829610830
6_142_3231_4_26,0.8829610830
11_318_319_26_11,0.8824716438
64_14_58_38_1059,0.8817325571
44_24_248_18_466,0.8817325571
764_4_272_252_21_18_668,0.8502758427
764_4_272_252_21_18_798,0.8502758427
764_4_272_252_21_18_219,0.8502758427
117_4_272_252_21_18_64,0.8502758427
682_683,0.8337829277
2444_2445,0.8337829277
1554_811,0.8337829277
587_588_451,0.8313902120
3483_1192,0.8313902120
3622_3036,0.8313902120
4435_4662,0.8313902120
3178_475,0.8313902120
4112_4113,0.8313902120
65_472_473_474_475_66_864,0.8313902120
3271_8570_340,0.8313902120
45_591_2377,0.8313902120
710_2909,0.8313902120
13276_785,0.8313902120
5789_5791,0.8313902120
975_976,0.8313902120
7959_1461,0.8313902120
379_1982,0.8313902120
4042_4278,0.8313902120
12963_2028,0.8313902120
1554_5666,0.8313902120
538_2058,0.8313902120
503_4125,0.8313902120
2067_69,0.8313902120
629_193_2730,0.8313902120
973_422_713,0.8313902120
3226_582,0.8313902120
769_684,0.8313902120
119_2421,0.8313902120
793_1374,0.8313902120
5789_5746,0.8296093365
61_14_764_4_14_623,0.8284177742
914_2647_340_2648,0.8282285316
12396_1734_383,0.8282285316
1539_1750,0.8282285316
3198_1332,0.8282285316
875_876,0.8282285316
6532_6607,0.8282285316
11490_11491,0.8282285316
45_929_4536_6,0.8282285316
7389_12168,0.8282285316
315_1145,0.8282285316
3550_6069,0.8282285316
1641_931,0.8282285316
2054_4494_38_2610,0.8282285316
3157_1099_3659,0.8282285316
914_12378_2648,0.8282285316
11_278_11_277_11,0.8280915316
286_843_5155,0.8272285316
1213_7834_3865,0.8272285316
1067_383,0.8272285316
4923_268_73,0.8272285316
193_2730,0.8272285316
299_1146,0.8272285316
340_2648_915_65_6_66,0.8269127390
422_713,0.8262935440
1539_2445,0.8262935440
401_423,0.8262935440
931_3727,0.8262935440
2858_1986,0.8262935440
6377_805,0.8262935440
1325_920_11_771_607_66,0.8259127390
311_65_771_842_66,0.8259127390
9523_6988_65_6_66,0.8259127390
8000_8001,0.8249127390
914_2647_340_2648_915_65_6_66,0.8249127390
27_4_6_65_6_66,0.8249127390
2641_4_6_65_6_66,0.8249127390
914_12963_2028_6,0.8249127390
4189_1738_4_1739,0.8249127390
12378_2648_915,0.8249127390
587_588_3163,0.8249127390
409_1641_931,0.8249127390
1787_872_1163,0.8249127390
5023_5024,0.8249127390
5157_5453,0.8249127390
11506_4113,0.8249127390
2928_8256,0.8249127390
5545_7534,0.8249127390
1522_1306,0.8249127390
4435_4952,0.8249127390
6995_5645,0.8249127390
1951_747,0.8249127390
587_588,0.8249127390
1130_296,0.8249127390
2376_2380,0.8249127390
1214_749,0.8249127390
938_2245,0.8249127390
6499_2045,0.8249127390
1227_14362,0.8249127390
1641_870,0.8249127390
4344_6338,0.8249127390
914_2647_340_2648_915,0.8249127390
61_5180_4641_5181,0.8249127390
807_808_607_920,0.8249127390
5023_4952,0.8249127390
11509_10785,0.8249127390
1429_7033,0.8249127390
2209_87,0.8249127390
4736_4667,0.8249127390
2095_9133,0.8249127390
1854_4129,0.8249127390
1854_695,0.8249127390
2095_4853,0.8249127390
1213_7834,0.8249127390
625_203,0.8249127390
2081_5604,0.8249127390
13339_2006,0.8249127390
941_922,0.8249127390
2108_625,0.8249127390
8880_3352,0.8249127390
777_7936,0.8249127390
2310_2380,0.8249127390
764_4_272_252_21_18_64,0.8244133207
885_1410,0.8239127390
807_808_607_246,0.8239127390
591_2377,0.8239127390
2095_9826,0.8239127390
369_370,0.8239127390
931_2009,0.8239127390
793_185,0.8239127390
4305_5658,0.8239127390
4305_6530,0.8239127390
4811_1496,0.8239127390
8570_340_3865,0.8239127390
1585_1750,0.8239127390
951_952,0.8239127390
5388_10955,0.8239127390
538_4125,0.8239127390
44_24_247_18_248_249_6,0.7866214659
4378_2015_61,0.7861227191
1624_1625,0.7861227191
245_807_808_607_246,0.7861227191
45_737_1352_451,0.7861227191
4374_4999_4998_792,0.7861227191
3271_8570_340_3865,0.7861227191
4112_4113_403,0.7861227191
11895_749_65,0.7861227191
45_9523_6988,0.7861227191
401_423_15,0.7861227191
4553_4554_4346,0.7861227191
749_3244_792,0.7861227191
884_885,0.7861227191
11734_2595,0.7861227191
815_2721,0.7861227191
2594_2595,0.7861227191
3093_3094,0.7861227191
4923_1189,0.7861227191
9231_9232,0.7861227191
16370_16371,0.7861227191
482_3257_6_65_27963_66,0.7861227191
4407_2529_38_603_61,0.7861227191
1554_811_18_690,0.7861227191
5802_805_65,0.7861227191
4374_4999_4998,0.7861227191
4999_4998_792,0.7861227191
3104_287_538,0.7861227191
503_793_1374,0.7861227191
503_793_185,0.7861227191
816_1346_1379,0.7861227191
119_2421_4346,0.7861227191
3493_1162_1163,0.7861227191
3104_3105_571,0.7861227191
2928_8256_4232,0.7861227191
119_3673_4346,0.7861227191
4998_792_65,0.7861227191
1195_963,0.7861227191
311_65_606_607_66,0.7858280316
1706_1333,0.7834793386
920_1325_920_11_771_607_66,0.7824223330
629_17833_6_65_11924_66,0.7824223330
4566_26_65_11504_66,0.7824223330
1078_11_278_11_277,0.7824223330
457_11_278_11_277,0.7824223330
2316_6_65_7895_66,0.7824223330
278_11_277_11_458,0.7824223330
44_24_833_6_205,0.7824223330
7891_11_9147_11_7905,0.7820889997
72_990_6929,0.7820889997
66_4872_224_65_26_66_4872_224,0.7820889997
65_839_808_224_180_839_808_224,0.7820889997
2227_224_8_2227_224_1757_2227_224,0.7820889997
1640_340_2648_915_65_6_66,0.7820889997
808_1476_73_40_2227_224,0.7820889997
4923_268_269_65_2071_66,0.7820889997
1513_1514_1729_65_5179_66,0.7820889997
12378_2648_915_65_6_66,0.7820889997
66_4873_224_4744_2227_224,0.7820889997
603_61_2_72_4_44,0.7820889997
4756_4513_65_4755_66,0.7820889997
3014_1124_864_1297_866,0.7820889997
2227_224_1712_2227_224,0.7820889997
941_26_65_3565_66,0.7820889997
1900_463_2227_224,0.7820889997
629_11934_6988_65,0.7820889997
2045_34_86_6,0.7820889997
2227_224_4332_245,0.7820889997
65_920_1974_920,0.7820889997
1640_340_2648_915,0.7820889997
464_2831_2_695,0.7820889997
25048_11908_2006,0.7820889997
629_17833_6988,0.7820889997
73_5438_360,0.7820889997
17833_6988_65,0.7820889997
4096_312_1729,0.7820889997
938_939_486,0.7820889997
1900_4875_178,0.7820889997
2647_340_2648,0.7820889997
8000_8001_1981,0.7820889997
81_1056_1057,0.7820889997
2850_6489_187,0.7820889997
3166_4214_327,0.7820889997
914_2647_340,0.7820889997
3934_18234_7897,0.7820889997
5930_5951,0.7820889997
1050_1051,0.7820889997
9122_3769,0.7820889997
921_922,0.7820889997
181_2756,0.7820889997
7978_2928,0.7820889997
2310_2290,0.7820889997
4880_224_4881_224_4882_224_4883_224_4884_2612_224,0.7820889997
65_839_808_224_1325_839_808_224,0.7820889997
178_808_1476_585_95_2227_224,0.7820889997
2647_340_2648_915_65_6_66,0.7820889997
278_689_518_65_5072_66,0.7820889997
2062_268_269_65_2071_66,0.7820889997
1975_11_920_1297_18_66,0.7820889997
920_3014_1124_65_1297_66,0.7820889997
920_3014_1124_864_1297_866,0.7820889997
2227_224_6_808_1476_73,0.7820889997
1709_26_1710_65_24996_66,0.7820889997
4871_224_4872_224_65,0.7820889997
1900_4875_178_2227_224,0.7820889997
44_24_629_11934_6988,0.7820889997
44_24_23384_2745_2768,0.7820889997
52_771_842_66,0.7820889997
52_920_3014_1124,0.7820889997
4875_178_2227_224,0.7820889997
808_1476_73_40,0.7820889997
44_24_1114_1400,0.7820889997
4042_4278_4276_805,0.7820889997
2647_340_2648_915,0.7820889997
1513_1514_1729,0.7820889997
2172_749_3244,0.7820889997
11915_11895_749,0.7820889997
1641_1223_863,0.7820889997
920_3014_1124,0.7820889997
7803_11895_749,0.7820889997
65_1296_952,0.7820889997
5023_5024_1955,0.7820889997
224_2547_2548,0.7820889997
72_990_989,0.7820889997
920_1854_1662,0.7820889997
464_935_462,0.7820889997
2688_2690,0.7820889997
6068_21112,0.7820889997
879_839_808_224_4558,0.7820889997
879_522_839_808_224,0.7820889997
394_65_7934_66,0.7820889997
3350_1786_6_187,0.7820889997
629_5646_4_6,0.7820889997
1383_11_1403_11,0.7820889997
72_988_989,0.7820889997
14590_12716,0.7820889997
219_14_58_4_26,0.7820273335
4288_4276_805,0.7819491280
355_6_65_8187_66,0.7817907541
65_606_607_11_920_66_11,0.7817892664
44_24_247_18_248_6,0.7817082182
6_24388_65_26_66,0.7815995605
65_771_807_66,0.7815877466
65_606_607_11_920_66,0.7808604738
1020_65_1987_66_26,0.7808604738
44_24_629_11934_6_65_11924_66,0.7808604738
6_943_7_44_24_2745_2768,0.7808604738
65_26_66_4872_224,0.7808604738
467_6_451_65_6_66,0.7808480899
7891_11_9147_11_26,0.7808480899
11_920_1297_18_66,0.7808480899
6988_65_6_66_11,0.7805995605
65_65_770_66_66,0.7802745605
66_53_420_152,0.7802700774
689_518_65_5072_66,0.7795683230
508_38_73_766,0.7795683230
1283_33_580_1279,0.7795683230
5298_1496_5773,0.7795683230
1181_2107_952,0.7795683230
6_2199_12996,0.7795683230
2199_749_1648,0.7795683230
7270_9232,0.7795683230
277_11_458_459,0.7795683230
10146_187_65,0.7795683230
4923_268_269,0.7795683230
7349_4554_4346,0.7795683230
45_2105_451,0.7795683230
3035_591_2377,0.7795683230
749_3244_403,0.7795683230
44_24_247_18_248_249,0.7765635686
2376_2290,0.7765635686
4923_268,0.7765635686
1099_3659,0.7765635686
6_44_23_24_26,0.7751400524
57_4_14_178,0.7633153675
57_4_14_58,0.7633153675
117_4_272_252,0.7633153675
764_4_14_252,0.7633153675
232_4_272_252,0.7633153675
388_18_474_387,0.7633153675
58_4_14_491,0.7633153675
26_7_14_27_4_6,0.7633153675
52_771_607_66,0.7627042564
1298_24_250_76,0.7627042564
60_61_26_53_2,0.7509204516
252_21_18_520,0.7493854976
189_157_250_43,0.7484280681
238_18_157_43,0.7475842925
66_33_1554_811_18,0.7456042751
65_606_607_11,0.7438659613
11_606_607_66,0.7438659613
252_21_18_219,0.7430238560
61_18_64_14_58_38_1059,0.7422531292
65_771_607_11,0.7394092319
11_771_607_66,0.7394092319
1191_34_7_491,0.7368980814
66_237_1108_152,0.7344857652
764_4_272_252_21_18_338,0.7330305917
218_4_272_252_21_18_219,0.7330305917
117_4_272_252_21_18_219,0.7330305917
2745_2768,0.7317398293
2062_268_269,0.7302191526
26_237_1108_152,0.7281348862
66_53_2_482,0.7261028571
61_18_219_14_58_38_1059,0.7259993269
252_21_519_276,0.7256542634
6_7_14_3119,0.7214224647
61_7_2_278,0.7214224647
388_18_26_65_26_66_11,0.7213600979
60_61_26_65_26_66,0.7213600979
26_53_2_432,0.7202712273
6_53_2_482,0.7192712273
420_152_7_14_27_4,0.7181891743
379_152_37_14_27_4,0.7181891743
938_313,0.7181891743
1136_206_238_127,0.7171891743
26_53_250_43,0.7169985000
11_318_319_26,0.7138214779
58_38_1059_4_26_7,0.7113286063
7153_312,0.7113286063
218_61_18_219_14_58_38_1059_4,0.7108101245
938_939,0.7103286063
66_11_26_65_26_66_11,0.7094027794
61_7_272_252,0.7081037059
26_37_14_943,0.7061742226
892_863,0.7060196909
3527_389,0.7060196909
914_12378_2648_915,0.7060196909
1176_1179,0.7060196909
7349_4554,0.7060196909
712_713,0.7060196909
4189_1738,0.7060196909
2547_2548,0.7060196909
3014_1124,0.7060196909
6791_1152,0.7060196909
785_664,0.7060196909
927_6917,0.7060196909
357_782,0.7060196909
4374_4999,0.7060196909
4998_403,0.7060196909
4999_4998,0.7060196909
1514_1729,0.7060196909
1181_2107,0.7060196909
3934_18234,0.7060196909
683_684,0.7060196909
2687_1358,0.7060196909
1485_1278,0.7060196909
17507_365,0.7060196909
3271_8570,0.7060196909
1130_141,0.7060196909
423_15,0.7060196909
422_752,0.7060196909
420_1982,0.7060196909
2780_1358,0.7060196909
3671_1513,0.7060196909
3390_713,0.7060196909
512_781,0.7060196909
4863_3953,0.7060196909
5694_538,0.7060196909
8041_755,0.7060196909
1496_1364,0.7060196909
1277_1278,0.7060196909
1162_1163,0.7060196909
1357_1358,0.7060196909
5298_1496,0.7060196909
1078_964,0.7060196909
503_486,0.7060196909
1670_417,0.7060196909
538_1374,0.7060196909
1151_1152,0.7060196909
5123_664,0.7060196909
11895_749,0.7060196909
3_1361,0.7060196909
3166_4214,0.7060196909
3105_571,0.7060196909
56_3021,0.7060196909
25048_11908,0.7060196909
977_87,0.7060196909
3025_5310,0.7060196909
878_6499,0.7060196909
4553_4554,0.7060196909
2615_693,0.7060196909
3020_1299,0.7060196909
7803_11895,0.7060196909
965_1895,0.7060196909
961_4711,0.7060196909
2199_749,0.7060196909
4214_327,0.7060196909
1496_1346,0.7060196909
2850_6489,0.7060196909
3697_2101,0.7060196909
534_370,0.7060196909
503_793,0.7060196909
2105_451,0.7060196909
4909_664,0.7060196909
4344_184,0.7060196909
1_1584,0.7060196909
1601_4818,0.7060196909
6_33_1554_811_18,0.7034576082
6_943_7_44_24,0.7033215967
218_61_18_798_634,0.7031242748
24388_65_26_66_11,0.7027896237
7270_2161,0.7010768690
3180_2862,0.7010768690
876_403,0.7010768690
877_3678,0.7010768690
4554_4346,0.7010768690
1024_1602,0.7010768690
4477_4056,0.7010768690
8570_340,0.7010768690
2996_540,0.7010768690
5530_168,0.7010768690
2172_9891,0.7010768690
215_2732,0.7010768690
218_61_18_219_14_58,0.7006960640
218_61_18_668_14,0.6990622388
63_61_18_219_14,0.6990622388
27623_124,0.6986960640
58_38_1059_4_26_65,0.6986960640
284_66_4872_224_65,0.6986960640
1974_839_808_224,0.6986960640
4042_4278_4276,0.6986960640
15443_2745_2768,0.6986960640
4675_2032,0.6986960640
5023_4662,0.6986960640
1876_9811,0.6986960640
7926_3472,0.6986960640
2745_9122,0.6986960640
5802_805,0.6986960640
7920_540,0.6986960640
7926_2874,0.6986960640
16868_5558,0.6986960640
953_1955,0.6986960640
886_844,0.6986960640
2261_102,0.6986960640
2368_1544,0.6986960640
2368_388,0.6986960640
16720_2551,0.6986960640
482_3257,0.6986960640
8006_269,0.6986960640
4378_2015,0.6986960640
17104_4482,0.6986960640
5995_1986,0.6986960640
9523_6988,0.6986960640
2446_2023,0.6986960640
1513_1514,0.6986960640
1854_1662,0.6986960640
681_7864,0.6986960640
5438_360,0.6986960640
1019_2888,0.6986960640
749_3244,0.6986960640
3157_1099,0.6986960640
215_4393,0.6986960640
979_1140,0.6986960640
72_684,0.6986960640
1214_2006,0.6986960640
7955_2858,0.6986960640
876_792,0.6986960640
3949_441,0.6986960640
12396_1734,0.6986960640
3472_657,0.6986960640
14254_3659,0.6986960640
12283_451,0.6986960640
2661_350,0.6986960640
3678_2117,0.6986960640
11251_102,0.6986960640
5179_15,0.6986960640
4639_4513,0.6986960640
512_513,0.6986960640
81_1056,0.6986960640
281_502,0.6986960640
625_1695,0.6986960640
5499_843,0.6986960640
1099_1557,0.6986960640
1279_2030,0.6986960640
119_3673,0.6986960640
3035_591,0.6986960640
1167_3918,0.6986960640
1267_2139,0.6986960640
845_1099,0.6986960640
2293_13693,0.6986960640
15678_124,0.6986960640
9815_3659,0.6986960640
11908_2006,0.6986960640
2062_268,0.6986960640
990_6929,0.6986960640
1109_281,0.6986960640
4238_805,0.6986960640
990_989,0.6986960640
12378_2648,0.6986960640
538_486,0.6986960640
2917_90,0.6986960640
1455_358,0.6986960640
4288_4276,0.6986960640
4503_4056,0.6986960640
4818_441,0.6986960640
25_942,0.6986960640
3576_5558,0.6986960640
18368_538,0.6986960640
3_3003,0.6986960640
10146_187,0.6986960640
15443_2745,0.6986960640
2998_2648,0.6986960640
1520_3725,0.6986960640
1520_200,0.6986960640
7942_1783,0.6986960640
8001_1981,0.6986960640
737_5157,0.6986960640
454_5561,0.6986960640
988_989,0.6986960640
970_971,0.6986960640
872_1163,0.6986960640
1213_1215,0.6986960640
749_3544,0.6986960640
422_4543,0.6986960640
11531_102,0.6986960640
3472_2874,0.6986960640
69_144,0.6986960640
3244_792,0.6986960640
1835_1955,0.6986960640
281_1386,0.6986960640
7834_3865,0.6986960640
4477_4547,0.6986960640
1601_1293,0.6986960640
3350_1786,0.6986960640
8869_915,0.6986960640
1900_463,0.6986960640
340_2984,0.6986960640
13893_102,0.6986960640
2558_915,0.6986960640
1641_1223,0.6986960640
3711_1726,0.6986960640
4503_4649,0.6986960640
4429_540,0.6986960640
170_61_7_44_24,0.6978885657
60_61_6_53_2,0.6978885657
218_61_18_252_14,0.6967635657
61_272_252_2631_18,0.6964210905
218_61_18_798_14,0.6963723892
920_38_920_11_1187,0.6963723892
63_61_14_764_4,0.6963377572
58_4_26_7_14_27_4,0.6957583274
117_61_18_219_14,0.6956938178
63_61_18_668_14,0.6956938178
218_61_18_219_14,0.6956938178
63_61_18_64_14,0.6956938178
252_21_18_798_634,0.6949636301
252_21_2757_18,0.6927537380
252_21_18_798_14,0.6920942348
580_234_43_211,0.6914204047
6_33_23_24_2,0.6901008137
152_37_14_27_4_6_38,0.6896669902
65_606_607_66_34,0.6887258137
252_21_2345_18,0.6863237366
61_18_64_14_178_4,0.6846338870
61_18_64_14_58_4,0.6846338870
420_152_37_14_27_4,0.6846338870
943_4_6_7_44_24,0.6846338870
218_61_14_764_4_272,0.6846338870
1544_18_474_387_7891_38,0.6846338870
27_4_6_7_44_24,0.6846338870
1_2_3_4,0.6846338870
61_272_252_21_2757_18,0.6839899476
2631_18_219_14,0.6832886489
510_14_2728_127,0.6829553156
7_44_24_45_6,0.6683192277
519_276,0.6664479014
603_61_272_21_2,0.6642836418
1357_1680,0.6611088174
1017_1814,0.6611088174
286_843,0.6611088174
33_1554_811_18_690,0.6601170419
764_4_14_623_252_21_18,0.6596309413
65_606_607_66,0.6586531264
1191_34_7_491_24,0.6567243969
218_4_272_252_21_18_219_14,0.6566897649
26_53_29_4_14,0.6566897649
764_4_272_252_21_18_338_14,0.6566897649
117_4_272_252_21_18_219_14,0.6566897649
61_14_764_4_272_252_21_18,0.6566897649
61_14_764_4_14,0.6566897649
40_37_14_27_4,0.6566897649
57_4_14_178_4,0.6566897649
61_14_218_4_272_252_21_18,0.6566897649
764_4_272_252_21_18_64_14,0.6566897649
252_21_18_338_14,0.6560458255
1191_38_7_491_24,0.6559743969
7_14_846_311_65,0.6559080106
8_2227_224_1757_2227_224,0.6541930474
23384_2745_2768,0.6541930474
1731_1732,0.6541930474
3104_287,0.6541930474
81_3248,0.6541930474
5673_805,0.6541930474
1900_4875,0.6541930474
1346_1379,0.6541930474
1296_952,0.6541930474
65_771_607_66,0.6512776122
1191_38_7_491,0.6512776122
252_21_18_338,0.6511923748
252_21_18_668,0.6511923748
7_44_24_23384_2745,0.6502074024
4_629_38_45_6,0.6502074024
27_4_6_7_44,0.6495685694
27_4_6_24_26,0.6495685694
26_37_27_4_6,0.6495685694
1544_18_474_387_7891,0.6495685694
943_4_6_38_81,0.6495685694
26_37_6_943_7,0.6471200872
252_21_18_64,0.6438346582
603_61_2_72_4,0.6429885867
117_4_272_252_21_18,0.6418477117
764_4_272_252_21_18,0.6418477117
218_4_272_252_21_18,0.6418477117
26_65_26_66_237_1108,0.6387624252
6_65_7895_66_53,0.6327543941
58_11_1059_11_38,0.6322043941
65_920_1325_920_11_771,0.6321119190
26_65_8099_66_53,0.6318132177
943_4_898_6_65_913_66_216,0.6317785856
65_4497_11_920_1297_18,0.6317785856
6_65_6_66_4_14,0.6317785856
66_4873_224_4744,0.6317785856
16868_5558_4,0.6317785856
920_3014_1124_65_1297_66_18,0.6317785856
1975_11_920_1297_18,0.6317785856
117_61_14_117_4_272,0.6288497959
61_26_65_26_66_53,0.6282092815
26_65_26_66_53_14,0.6272092815
40_37_14_27,0.6259525495
38_388_18_26_65,0.6256733308
1279_7_14_26_311,0.6233683756
7_44_24_878_6,0.6227320866
33_1554_5666_18_690,0.6204371211
237_1108_420_152,0.6184580020
2628_2937,0.6184580020
24_247_18_248_249,0.6170308441
37_6_943_7_44,0.6162621137
7_44_24_990_6,0.6160537803
14_27_4_878_6,0.6152234827
14_27_4_466_6,0.6152234827
216_72_988_34_990,0.6152234827
14_996_4_2054_6,0.6152234827
14_27_4_4504_6,0.6152234827
14_27_4_2295_6,0.6152234827
14_27_4_45_6,0.6152234827
7_44_24_833_6,0.6150537803
44_7_14_26_311,0.6134063591
37_6_943_7_3391,0.6129949568
14_58_38_1059_4_26,0.6127236869
37_14_27_4_6_11,0.6127236869
14_1059_38_58_4_26,0.6127236869
935_462,0.6127236869
2_743_2185_7_6,0.6123566331
24_247_18_248_249_6,0.6068999229
26_37_14_943_4,0.6009056738
2051_1172,0.6003511522
399_400,0.6003511522
4096_312,0.6003511522
4_26_7_14_27_4_6,0.5950620708
14_592_379_152,0.5942146841
33_278_18_690,0.5942146841
14_592_1801_152,0.5942146841
37_474_387_654,0.5942146841
607_11_771_607_66,0.5921208943
219_14_58_38_1059_4,0.5920399092
61_2_72_4_44_24,0.5920399092
668_14_58_38_1059_4,0.5920399092
5874_317,0.5920399092
64_14_1059_38_58_4,0.5920399092
3325_254,0.5920399092
17649_312,0.5920399092
21_18_64_14_58,0.5920032472
607_52_771_607_66,0.5911208943
790_571,0.5909006341
65_770_66_66_11,0.5901118209
7_14_27_4_45_6,0.5900010457
82_839_808_224_18_839_808_224,0.5900010457
7_14_27_4_6_11,0.5900010457
37_14_943_4_898_6,0.5900010457
7_14_27_4_6_61,0.5900010457
7_14_27_4_629_6,0.5900010457
237_1108_238_18_157_43,0.5898210555
1056_1057,0.5885935810
21_2757_18_219,0.5864803690
18_690_96_26,0.5859791159
26_65_26_66_53_2,0.5809127711
26_65_26_66_7_14,0.5800922583
26_65_26_66_11_2,0.5800922583
245_807_808_607,0.5787175916
787_1023,0.5781122080
14_2547_2548,0.5772014034
272_1455_358,0.5772014034
879_522_839_808,0.5742246817
1554_5666_18_690,0.5742246817
7_14_623_252_11,0.5741839332
61_14_764_4_272,0.5733782931
18_6_24388_65_26,0.5728180627
3195_3460,0.5726134638
1787_11501,0.5726134638
24610_2006,0.5726134638
839_808_224_1325_839_808_224,0.5719877650
14_27_4_6_65_6_66,0.5719877650
216_4736_4667,0.5719877650
58_38_1059_4_26,0.5717414308
2_278_11_277_11,0.5715827685
272_1_1584,0.5711047354
2_1078_11_278_11,0.5706415921
271_65_839_66_224_26,0.5704865119
741_33_630_743_1156,0.5699480511
1108_238_18_157_43,0.5699480511
741_21_630_743_744,0.5699480511
2199_12996,0.5659631955
843_5155,0.5659631955
37_14_27_4_2295,0.5659616855
14_232_4_272_252,0.5659616855
7_14_27_4_914,0.5659616855
14_117_4_272_252,0.5659616855
474_2_365_4_464,0.5659616855
272_252_21_2757,0.5538688900
26_66_4872_224,0.5535677807
6_943_7_2745_2768,0.5535677807
184_65_66_224,0.5535677807
65_271_66_224,0.5535677807
7891_11_11732_11,0.5535677807
754_773_4_26,0.5532344474
808_1476_585_95_2227_224,0.5532344474
4864_224_2547_2548_4865_224,0.5532344474
224_2492_224_53_224_65,0.5532344474
3863_224_4863_3953_4864_224,0.5532344474
8105_37_451_168_38_943,0.5532344474
119_2421_4346_65_4741_66,0.5532344474
1067_383_65_1068_66,0.5532344474
2227_224_8_2227_224,0.5532344474
518_65_5072_66,0.5532344474
2655_65_66_808,0.5532344474
920_65_920_1297,0.5532344474
7922_65_7935_66,0.5532344474
27_4_466_6,0.5532344474
5561_4_355_6,0.5532344474
4503_140_4_26,0.5532344474
4448_224_4862,0.5532344474
65_8743_66,0.5532344474
340_3865_65,0.5532344474
842_809_66,0.5532344474
464_2831_462,0.5532344474
180_839_808,0.5532344474
65_879_744,0.5532344474
2227_224_980,0.5532344474
52_771_842,0.5532344474
65_807_808,0.5532344474
458_11_277,0.5532344474
45_737_1352,0.5532344474
5759_3231_6,0.5532344474
61_5180_4641,0.5532344474
268_269_65,0.5532344474
45_1734_6,0.5532344474
1267_216_124,0.5532344474
66_53_224_65_2494_66_2495_224_2496_224_2497_224,0.5532344474
4871_224_4872_224_65_8102_284_66_4872_224_65,0.5532344474
4872_224_8132_65_7891_66_4872_224_8133_65,0.5532344474
4872_224_65_8102_284_66_4872_224_65,0.5532344474
2227_224_73_40_11_491_2227_224,0.5532344474
2494_66_2495_224_2496_224_2497_224,0.5532344474
66_53_224_65_2494_66_2495_224,0.5532344474
4871_224_4872_224_65_8102_284_66,0.5532344474
943_4_898_6_65_913_66,0.5532344474
2485_224_2486_224_2487_2488_224,0.5532344474
808_1476_73_8323_1900_168,0.5532344474
4880_224_4881_224_4882_224,0.5532344474
72_990_6929_65_6930_66,0.5532344474
12396_1734_383_65_6_66,0.5532344474
3863_224_4863_3953_3863_224,0.5532344474
3863_224_68_459_3863_224,0.5532344474
13_1514_187_65_6_66,0.5532344474
4883_224_4884_2612_224,0.5532344474
947_6_65_15650_66,0.5532344474
808_1476_1139_2227_224,0.5532344474
2745_2768_65_15444_66,0.5532344474
4448_224_4862_3863_224,0.5532344474
522_839_808_224_246,0.5532344474
66_4872_224_8133_65,0.5532344474
4873_224_4744_2227_224,0.5532344474
629_17833_6_65_11924,0.5532344474
65_4497_11_920_1297,0.5532344474
2227_224_1757_2227_224,0.5532344474
3934_6_65_735_66,0.5532344474
2227_224_8102_8314_1900,0.5532344474
2227_224_1495_2227_224,0.5532344474
1516_269_65_1390_66,0.5532344474
65_920_1325_920,0.5532344474
996_4_2054_6,0.5532344474
748_4_886_6,0.5532344474
2384_4_355_6,0.5532344474
73_152_18_1463,0.5532344474
996_4_45_6,0.5532344474
748_4_898_6,0.5532344474
499_365_4_26,0.5532344474
5561_4_26_388,0.5532344474
388_4_355_6,0.5532344474
66_4872_224_65,0.5532344474
2316_65_5923_66,0.5532344474
4871_224_4872_224,0.5532344474
920_1297_18_52,0.5532344474
864_140_4_26,0.5532344474
215_6_507_459,0.5532344474
1975_11_920_1297,0.5532344474
68_459_3863_224,0.5532344474
4880_224_4881_224,0.5532344474
3231_4_11982_26,0.5532344474
6_34_81_3248,0.5532344474
27_4_4504_6,0.5532344474
920_1297_607_66,0.5532344474
808_1476_766_1900,0.5532344474
1709_1367_4_26,0.5532344474
284_66_4872_224,0.5532344474
27_4_45_6,0.5532344474
1458_11_1383_11,0.5532344474
808_1476_585_95,0.5532344474
27_4_2295_6,0.5532344474
27_4_878_6,0.5532344474
943_4_898_6,0.5532344474
2316_6_65_7895,0.5532344474
4482_65_1236_66,0.5532344474
1729_65_5179_66,0.5532344474
27_4_947_6,0.5532344474
73_65_270_66,0.5532344474
4513_65_4755_66,0.5532344474
76_748_4_6,0.5532344474
2501_224_2502_224,0.5532344474
95_2227_224_6,0.5532344474
52_920_1297_11,0.5532344474
4276_805_65,0.5532344474
808_1476_73,0.5532344474
61_839_808,0.5532344474
144_4_4952,0.5532344474
1_2_3,0.5532344474
625_2768_65,0.5532344474
629_10727_6,0.5532344474
462_37_417,0.5532344474
920_1297_920,0.5532344474
178_2227_224,0.5532344474
629_10727_6988,0.5532344474
1640_340_2648,0.5532344474
134_4_553,0.5532344474
985_4_986,0.5532344474
2579_4_9811,0.5532344474
2831_462_11,0.5532344474
2831_462_66,0.5532344474
737_1352_451,0.5532344474
1278_2_695,0.5532344474
2831_462_65,0.5532344474
1020_4756_4513,0.5532344474
1114_1400_6,0.5532344474
4782_38_4231,0.5532344474
67_38_892,0.5532344474
268_73_65,0.5532344474
11_458_459,0.5532344474
1805_915_6,0.5532344474
2934_6_386,0.5532344474
994_11_1070,0.5532344474
6126_1352_6,0.5532344474
3245_180_26,0.5532344474
1167_18_1751,0.5532344474
4494_38_2610,0.5532344474
252_21_2757,0.5532344474
5629_11_6536,0.5532344474
2831_2_695,0.5532344474
7840_68_3626,0.5532344474
872_1411_65,0.5532344474
695_37_417,0.5532344474
1513_6_1729,0.5532344474
1140_38_8934,0.5532344474
3385_6_456,0.5532344474
224_3620_224,0.5532344474
2045_34_86,0.5532344474
44_24_15443,0.5532344474
535_25_3389,0.5532344474
7583_872_1411,0.5532344474
988_34_990,0.5532344474
833_6_205,0.5532344474
2227_224_8318,0.5532344474
4334_6_15,0.5532344474
40_2227_224,0.5532344474
2227_224_8102,0.5532344474
6_12168_1729,0.5532344474
2227_224_1757,0.5532344474
920_1974_920,0.5532344474
311_317_65,0.5532344474
864_1297_866,0.5532344474
629_17833_6,0.5532344474
4756_4513_65,0.5532344474
11_1083_252,0.5532344474
6_216_4736,0.5532344474
929_4536_6,0.5532344474
25_3389_65,0.5532344474
2341_82_44,0.5532344474
1675_25_3389,0.5532344474
522_839_808,0.5532344474
755_4_1346,0.5532344474
268_269_11,0.5532344474
2295_2290_6,0.5532344474
1185_11_1183,0.5532344474
65_735_66,0.5532344474
65_920_3014,0.5532344474
2384_4_2934,0.5532344474
355_6_2384,0.5532344474
1550_4_553,0.5532344474
864_920_866,0.5532344474
3195_11_986,0.5532344474
629_587_187,0.5532344474
1974_839_808,0.5532344474
245_2227_224,0.5532344474
11_920_3014,0.5532344474
1325_839_808,0.5532344474
2227_224_465_2227_224,0.5532344474
872_1411_65_6164_66,0.5532344474
1020_65_4684_66,0.5532344474
27_4_898_6,0.5532344474
944_898_6,0.5532344474
462_37_528,0.5532344474
689_518_65,0.5532344474
1954_38_2458,0.5532344474
463_2227_224,0.5532344474
1046_38_971,0.5532344474
2227_224_73,0.5532344474
252_3863_224,0.5532344474
13_1514_187,0.5532344474
355_6_3350,0.5532344474
607_11_920_1297_607,0.5515374138
66_7_14_26_311,0.5488712213
44_24_2745_2768_65_3391_66,0.5477232378
943_7_44_24_2745_2768,0.5477232378
1020_26_65_12288_66,0.5477232378
117_61_18_64,0.5477232378
11_277_11_458,0.5477232378
65_311_317_66,0.5477232378
44_24_629_11934,0.5477232378
457_11_277_11,0.5477232378
629_11934_6988_65_6_66,0.5477232378
278_11_277_252,0.5477232378
7891_11_9147_11,0.5477232378
7891_65_2038_66,0.5477232378
277_11_458_11,0.5477232378
629_10727_6_65_385_66,0.5455416589
394_11_7891_11,0.5455416589
65_472_473_474_475_66,0.5432404255
4042_4278_4276_805_65_6_66,0.5432404255
1551_38_603_61,0.5432404255
218_61_18_520,0.5432404255
379_152_18_1463,0.5432404255
420_152_18_1463,0.5432404255
252_2631_18_64,0.5432404255
1245_994_170_61,0.5432404255
65_12288_66,0.5432404255
6226_872_1411,0.5432404255
2447_127_26,0.5432404255
68_459_937,0.5432404255
11_4138_252,0.5432404255
228_82_6,0.5432404255
278_68_459,0.5432404255
247_34_248,0.5432404255
1176_232_61,0.5432404255
798_634_26,0.5432404255
61_231_232,0.5432404255
1179_1113_61,0.5432404255
44_12_1847,0.5432404255
7252_7253_61,0.5432404255
189_157_152,0.5432404255
61_29_30,0.5432404255
278_689_518,0.5432404255
2631_18_798,0.5432404255
245_18_246,0.5432404255
2631_18_338,0.5432404255
1136_206_238,0.5432404255
1383_11_1403,0.5432404255
508_38_73,0.5432404255
44_245_246,0.5432404255
12_298_1006,0.5432404255
65_7934_66,0.5432404255
248_34_466,0.5432404255
355_6_7930,0.5432404255
2757_18_798,0.5432404255
45_1019_2377,0.5432404255
1060_18_219,0.5432404255
278_18_690,0.5432404255
811_18_690,0.5432404255
6_34_5673,0.5432404255
10900_10901,0.5432404255
11_920_1297_61,0.5430803646
11_278_11_458,0.5430803646
7891_65_2038_66_491_37_654_65,0.5430803646
3025_6_65_3550_66,0.5430803646
898_6_65_913_66,0.5430803646
278_11_458_11,0.5430803646
465_44_24_629,0.5430803646
1544_18_7891_11,0.5430803646
920_26_24_255,0.5430803646
26_65_6812_66,0.5430803646
269_65_2071_66,0.5429185864
1710_65_24996_66,0.5416718849
1378_38_1299,0.5416718849
189_157_43,0.5416718849
45_6348_6,0.5416718849
1001_689_518,0.5416718849
4741_6_1283,0.5416718849
72_1641_1005,0.5416718849
1120_2054_90,0.5416718849
26_540_390,0.5412667057
63_61_18_798,0.5412667057
66_33_1554,0.5412667057
629_11934_6988,0.5409984000
189_157_1530,0.5409333724
65_879_522,0.5409333724
508_38_73_766_65_2263_66,0.5409333724
540_390_355_6,0.5409333724
277_11_458_252,0.5409333724
754_26_773,0.5409333724
6_474_2901,0.5409333724
3634_18_846,0.5409333724
742_743_744,0.5409333724
5666_18_690,0.5409333724
1642_254_26,0.5409333724
278_689_459,0.5409333724
1786_6_187,0.5409333724
675_38_3949,0.5409333724
6160_872_1411,0.5409333724
2631_18_219,0.5409333724
1615_2_743,0.5409333724
252_2529_61,0.5409333724
467_6_451,0.5409333724
11_4978_311,0.5409333724
2047_1732_451,0.5409333724
499_25_365,0.5409333724
12_33_622,0.5409333724
2757_18_219,0.5409333724
8105_37_451_168,0.5409333724
986_38_3245,0.5409333724
117_61_18_798,0.5406115333
63_61_18_64,0.5377292159
2529_38_603_61,0.5377292159
26_65_3565_66,0.5375961523
920_1297_18_66,0.5375961523
11_7905_11_38_7922,0.5375961523
6_943_7_3391,0.5375961523
2629_65_6_66,0.5375961523
65_2655_65_66,0.5375961523
11_771_842_66,0.5375961523
65_920_1297_66,0.5375961523
65_920_1297_11,0.5375961523
920_1297_18_11,0.5375961523
26_65_15367_66,0.5375961523
920_1297_11_66,0.5375961523
65_464_462_66,0.5375961523
26_65_1385_66,0.5375961523
65_839_66_224,0.5375961523
65_864_866_66,0.5375961523
65_771_842_66,0.5375961523
629_11934_6_65,0.5375961523
11_277_11_278,0.5367540470
26_65_7902_66,0.5367540470
26_65_11504_66,0.5367540470
65_7986_66_11,0.5367540470
277_11_278_11,0.5367540470
278_11_277_11,0.5367540470
11_920_1297_11,0.5367540470
743_2185_7_6,0.5367540470
580_234_43,0.5365021417
510_14_2728,0.5365021417
248_249_6,0.5365021417
117_61_18_219,0.5361606753
63_61_14_764,0.5361606753
117_61_14_764,0.5355476370
63_61_272_252,0.5354221628
2648_915_65_6_66,0.5331518069
26_65_7935_66,0.5331518069
26_65_932_66,0.5331518069
252_131_14_58,0.5331518069
44_12_1006_26,0.5331518069
388_7_355_6,0.5331518069
26_2655_65_66,0.5331518069
218_61_14_218,0.5331518069
26_65_9464_66,0.5331394230
44_24_3934_6,0.5331394230
26_65_8099_66,0.5331394230
61_65_1984_66,0.5331394230
26_65_7986_66,0.5331394230
170_61_272_252,0.5330863427
68_58_38_1059,0.5330863427
165_61_272_252,0.5330863427
2551_65_6_66,0.5305636654
131_24_846_11,0.5305636654
26_65_11933_66,0.5300716868
44_24_9123_6,0.5300716868
44_24_286_843_65_6_66,0.5300716868
6_7_44_24_2745_2768,0.5300716868
26_65_1382_66,0.5300716868
65_5923_66_6,0.5300716868
65_7892_66_11,0.5300716868
66_11_9147_65,0.5300716868
7891_11_26_11_7922,0.5298577831
7891_11_26_11_7905,0.5298577831
6_65_7895_66,0.5298577831
65_770_66_66,0.5298577831
1298_24_26_388,0.5298577831
65_770_66_11,0.5293216868
44_24_833_6,0.5277989595
65_669_66_11,0.5277989595
6_65_11924_66,0.5277989595
66_11_394_65,0.5277989595
24388_65_26_66,0.5277989595
393_127_26,0.5276906853
66_7_44_24_6,0.5276617568
218_61_272_252,0.5276021304
2006_65_26_66,0.5270342536
44_24_990_6,0.5270342536
61_2_218_61,0.5270342536
26_65_770_66,0.5270342536
44_24_914_6,0.5270342536
44_24_3025_6,0.5270342536
6988_65_6_66,0.5270342536
66_38_7922_65,0.5270342536
44_24_947_6,0.5270342536
26_11_2919_11,0.5270342536
843_65_6_66,0.5270342536
26_65_669_66,0.5270342536
44_24_249_6,0.5270342536
26_7_44_24_6,0.5268412440
60_38_117_61,0.5267600251
61_2_60_61,0.5261056822
920_11_920_11_38_920,0.5261056822
11_920_38_920,0.5261056822
920_38_920_11,0.5261056822
11_9147_11_26,0.5261056822
2377_65_6_66,0.5261056822
44_24_1114_6,0.5261056822
26_65_409_66,0.5261056822
11_1187_66_11,0.5261056822
44_24_1352_6,0.5261056822
60_61_272_252,0.5252950773
218_61_18_64,0.5252950773
60_38_63_61,0.5252950773
248_18_466_6,0.5244529720
6_65_8187_66,0.5244529720
44_24_1025_6,0.5244529720
6_52_705_11,0.5231454010
61_14_623_252,0.5231454010
7_44_24_990_6_65,0.5218729844
44_24_1154_6,0.5215768604
272_252_21_18_219,0.5214283918
26_65_13018_66,0.5208507319
218_61_18_64_14_58,0.5208507319
603_38_232_61,0.5208383480
6_7_44_961,0.5206936391
26_11_7905_11,0.5206936391
61_2_278_11,0.5206936391
44_24_1544_6,0.5206936391
44_38_603_61,0.5206936391
65_311_2_66,0.5206936391
11_26_38_7905,0.5194679897
44_24_878_6,0.5194679897
43_7_1291_6,0.5190011029
152_18_1463_6,0.5190011029
18_219_14_58_4_26,0.5185397442
65_1987_66_26,0.5170402317
465_44_24_6,0.5170402317
7891_65_7892_66_38_26_65_26_66,0.5166072012
44_24_466_6,0.5166072012
6_142_26_3231,0.5166072012
65_5923_66_6_65_6_66,0.5164051983
990_6_65_6_66,0.5164051983
26_1367_37_6,0.5164051983
26_37_6_456,0.5164051983
2054_6_7_44,0.5164051983
66_37_6_168,0.5164051983
26_142_2054_6,0.5164051983
44_23_24_26,0.5164051983
44_24_629_6,0.5164051983
939_4125,0.5156332092
629_38_45_6,0.5147331786
2_499_25_365_4,0.5135785632
805_65_6_66_11,0.5121678428
44_24_45_6,0.5121678428
839_808_224_3126,0.5105691036
839_808_224_3550,0.5105691036
839_808_224_4558,0.5105691036
839_808_224_809,0.5105691036
33_278_18_690_96,0.5091693900
271_65_839_66_224,0.5091584391
939_486,0.5090527403
771_607_66_11_38,0.5041133280
60_61_26_65,0.5041041233
24_6_33_23_24,0.5029474294
14_764_4_14_252,0.5029369516
14_58_38_1059_4_26_7,0.5028886059
37_6_943_7_44_24,0.4990393116
15423_939,0.4968748399
231_232_655_127,0.4957364153
438_1132_655_127,0.4957364153
250_1292_619_7,0.4957364153
438_232_655_127,0.4957364153
438_1474_655_127,0.4957364153
33_1554_811_18_690_96,0.4957364153
272_252_2631_18,0.4950697486
272_252_848_18,0.4950697486
7232_340,0.4943549525
548_15651,0.4943549525
3305_102,0.4943549525
9813_1417,0.4943549525
535_13222,0.4943549525
25481_2006,0.4943549525
1108_152_7_14_27_4,0.4932024037
4_26_7_14_996_4,0.4909412669
53_152_7_14_27_4,0.4909412669
37_14_27_4_6_38,0.4909412669
37_14_27_4_6_7,0.4909412669
2_2940_1417_4,0.4897983187
2_1673_1358_4,0.4897983187
7_14_623_252_11_0,0.4897741272
535_3042,0.4893690198
914_2647,0.4893690198
21_22_23_24,0.4881197473
11934_6988,0.4878044770
17833_6988,0.4878044770
4998_792,0.4878044770
668_14_140_4,0.4877981559
883_4_26_38,0.4877981559
219_14_265_4,0.4877981559
1_14_3_4,0.4877981559
26_37_943_4,0.4877981559
460_14_140_4,0.4877981559
668_14_178_4,0.4877981559
26_53_29_4,0.4877981559
946_14_140_4,0.4877981559
73_4_1798_37,0.4877981559
219_14_140_4,0.4877981559
943_38_27_4,0.4877981559
265_38_1059_4,0.4877981559
2136_14_67_4,0.4877981559
668_14_58_4,0.4877981559
1018_14_178_4,0.4877981559
6_16_3231_4,0.4877981559
27_4_1047_24,0.4877981559
338_14_178_4,0.4877981559
148_14_140_4,0.4877981559
131_14_58_4,0.4877981559
64_14_178_4,0.4877981559
6_142_3231_4,0.4877981559
1140_4_26_7,0.4877981559
338_14_140_4,0.4877981559
61_2_57_4,0.4877981559
2136_14_748_4,0.4877981559
64_14_58_4,0.4877981559
1307_14_748_4,0.4877981559
219_14_178_4,0.4877981559
798_14_140_4,0.4877981559
460_14_178_4,0.4877981559
131_14_178_4,0.4877981559
520_14_178_4,0.4877981559
27_4_247_18,0.4877981559
152_37_27_4,0.4877981559
58_38_1482_4,0.4877981559
27_4_1798_37,0.4877981559
1059_38_883_4,0.4877981559
61_14_764_4,0.4877981559
64_14_265_4,0.4877981559
920_52_771_607,0.4877981559
311_65_771_607,0.4871870448
8382_102,0.4870312484
1047_38_2074_24,0.4865318724
1442_102,0.4862927360
2647_340,0.4862927360
920_11_771_607,0.4837606305
269_11_318_319,0.4837606305
61_18_798_634,0.4818472605
2757_18_64_14,0.4818472605
7891_65_7892_66,0.4806818186
247_18_248_249_6,0.4803484853
2745_2768_65_3391_66,0.4803484853
1283_33_580,0.4803484853
929_930_931,0.4803484853
9147_11_7905,0.4803484853
66_4873_224,0.4803484853
1757_2227_224,0.4803484853
8102_8314_1900,0.4803484853
2858_287_459,0.4803484853
4863_3953_4864_224,0.4803484853
4863_3953_3863_224,0.4803484853
1738_4_1739,0.4803484853
2858_287_252,0.4803484853
66_65_606_607,0.4773296261
1020_26_65_26_66,0.4768032039
580_1279_7_14,0.4757841715
629_11934_6_65_11924_66,0.4748372757
1020_65_1987_66,0.4748372757
18_219_14_58_38,0.4745044144
252_21_608_18,0.4744095520
26_1753_18_157,0.4744095520
61_0_1060_2,0.4744095520
11_0_2631_18,0.4744095520
63_61_18_668,0.4731260937
388_18_26_65_26_66,0.4728170639
252_21_2345,0.4727927604
189_157_1886,0.4727927604
61_272_252_21,0.4726232861
311_131_24_14,0.4726232861
11_0_946_14,0.4724093824
252_18_219_14,0.4718732861
18_219_14_58_38_1059_4,0.4717001349
247_18_248,0.4710474103
66_33_23_24,0.4703505588
152_7_491_24,0.4703505588
58_38_1059_7,0.4703505588
66_11_20_53,0.4703505588
65_770_66_38,0.4703505588
66_33_278_18,0.4703505588
61_18_338_14,0.4703505588
61_26_237_1108,0.4703505588
44_33_23_24,0.4703505588
457_11_278_11,0.4701944025
252_21_1060_18,0.4694645331
11_0_131_14,0.4694219874
11_7_1206_18,0.4694219874
11_33_23_24,0.4694219874
26_65_26_66_224,0.4688165159
7_44_24_247_18,0.4687935905
18_798_14_140_4,0.4687589585
14_943_38_27_4,0.4687589585
18_668_14_178_4,0.4687589585
18_219_14_178_4,0.4687589585
0_460_14_140_4,0.4687589585
18_64_14_178_4,0.4687589585
18_338_14_140_4,0.4687589585
18_338_14_178_4,0.4687589585
0_131_14_178_4,0.4687589585
0_460_14_178_4,0.4687589585
2_72_4_44_24,0.4687589585
14_58_38_1482_4,0.4687589585
18_668_14_140_4,0.4687589585
14_27_4_1047_24,0.4687589585
14_67_38_892_4,0.4687589585
18_668_14_58_4,0.4687589585
0_1_2_3_4,0.4687589585
18_219_14_58_4,0.4687589585
18_219_14_140_4,0.4687589585
18_520_14_178_4,0.4687589585
14_27_4_1798_37,0.4687589585
6_451_65_6_66,0.4684793574
18_798_14_58_38,0.4677935905
18_219_14_1059_38,0.4677935905
7_272_252_11_0,0.4677935905
18_668_14_58_38,0.4677935905
11_0_460_14,0.4677754805
61_18_520_14,0.4677754805
272_252_21_2757_18,0.4674137204
7_260_18_219_14,0.4671150191
33_580_1279_7_14,0.4671150191
18_510_14_2728_127,0.4670803870
474_387_319_43_319,0.4670803870
170_61_7_272,0.4670695981
218_61_18_338,0.4662747132
63_61_18_219,0.4655362007
420_152_7_14,0.4654993685
12_33_23_24,0.4654993685
52_705_11_14,0.4654993685
219_14_58_38,0.4650107746
26_189_157_2,0.4650107746
26_66_237_1108,0.4650107746
946_7_44_24,0.4650107746
1018_7_44_24,0.4650107746
218_61_14_764,0.4647101902
1078_11_278_11,0.4647101902
653_7_44_24,0.4639804706
66_33_131_7,0.4639804706
846_7_44_24,0.4639804706
61_18_64_14,0.4639804706
11_278_11_277,0.4638680849
95_2227_224_6_808_1476,0.4637599313
18_798_634_14,0.4636762109
319_250_7007_18,0.4633428776
479_53_2447_127,0.4633428776
219_14_1059_38,0.4628304616
64_14_1059_38,0.4628304616
0_206_1018_14,0.4626762109
218_61_18_668,0.4626386776
26_65_771_607,0.4623384830
603_61_7_272,0.4623384830
218_61_18_798,0.4608933275
61_18_668_14,0.4600657558
11_26_237_1108,0.4600657558
61_18_798_14,0.4600657558
441_7_44_24,0.4600657558
6_53_1298_24,0.4587552084
26_11_20_53,0.4587552084
26_21_1298_24,0.4587552084
6_33_278_18,0.4586406863
131_14_58_38,0.4586406863
37_14_27_4_44_24,0.4583897008
37_14_943_38_27_4,0.4583897008
53_43_7_14_27_4,0.4583897008
7_14_27_4_6_7,0.4583897008
14_619_4_26_7_14,0.4583897008
7_14_996_4_44_24,0.4583897008
21_18_219_14_58_4,0.4583897008
7_14_27_4_44_24,0.4583897008
14_764_4_272_252_53,0.4583897008
4_272_252_21_18,0.4577497008
4_272_252_33_18,0.4577497008
474_14_903_4_14,0.4577497008
53_29_4_14_592,0.4577497008
33_234_4590_18,0.4577497008
14_764_4_14_252_21_18,0.4577497008
44_24_6_65_6_66,0.4573768302
6_65_6_66_44,0.4573768302
61_26_65_26_66,0.4573768302
6_65_6_66_27,0.4573768302
26_53_43_7,0.4572419542
237_1108_152_7_14,0.4567843328
18_157_319_43_319,0.4567843328
66_38_26_65_26_66,0.4565563174
66_11_38_26_65,0.4565563174
231_218_21_18,0.4564044627
61_18_252_14,0.4563232544
237_1108_1119_18,0.4560711293
206_1108_238_18,0.4560711293
218_61_18_219,0.4554091152
11_26_65_26_66_11,0.4551694126
58_11_1059_11,0.4549129974
23_24_26_34,0.4543487575
6_21_23_24,0.4543487575
3634_18_26_7,0.4536956675
603_61_7_2,0.4536956675
43_7_44_24,0.4514415735
1544_18_26_38,0.4514415735
218_61_18_252,0.4486231622
26_53_1298_24,0.4484704053
61_26_53_250,0.4470351226
336_18_26_7,0.4469571511
26_53_234_43,0.4468042037
26_37_6_943,0.4366736911
218_61_14_117_4,0.4339942236
920_1297_11_771_607,0.4339942236
65_6_66_4_14,0.4339942236
1241_58_38_1059_4,0.4339942236
61_14_117_4_272_252_21_18,0.4312600267
27_4_6_7_14,0.4312600267
178_4_26_142_14,0.4312600267
26_37_14_27_4,0.4312600267
73_7_14_27_4,0.4312600267
2264_37_14_27_4,0.4312600267
619_4_26_7_14,0.4312600267
61_14_218_4_272,0.4312600267
269_37_14_27_4,0.4312600267
66_37_14_27_4,0.4312600267
846_7_14_27_4,0.4312600267
43_7_14_27_4,0.4312600267
152_7_14_27_4,0.4312600267
11_7_14_27_4,0.4312600267
61_14_117_4_272,0.4312600267
26_7_14_996_4,0.4312600267
26_7_14_943_4,0.4312600267
73_37_14_27_4,0.4312600267
95_4_26_7_14,0.4312600267
140_4_26_142_14,0.4312600267
58_38_1059_4_14,0.4312600267
58_4_26_7_14,0.4312600267
152_37_14_27_4,0.4312600267
18_64_14_58_38,0.4298970474
14_1059_38_58_4,0.4279748674
237_1108_238_18,0.4239970835
237_1108_238_18_157,0.4196893912
14_764_4_14_252_21,0.4184879626
44_24_6_23_24,0.4146518766
764_4_272_252_53_18,0.4101727780
393_127_14,0.4101727780
1279_211_127,0.4101727780
4272_18_157,0.4101727780
12_1000_133,0.4101727780
61_606_607,0.4101727780
807_34_607,0.4101727780
52_606_607,0.4101727780
382_318_319,0.4080026938
1010_18_157,0.4080026938
233_18_157,0.4080026938
12_1470_133,0.4080026938
269_318_319,0.4080026938
4590_18_157,0.4080026938
12_298_1108,0.4080026938
131_24_127_4,0.4072373234
131_24_132_4,0.4072373234
29_4_14_592,0.4072373234
561_18_127_4,0.4072373234
14_764_4_272_252,0.4062071814
11_741_21_630,0.4048549705
1753_18_157_2,0.4044561282
66_319_787_319,0.4023936762
284_318_319,0.4015248170
189_133_157,0.4015248170
189_157_234,0.4015248170
29_34_234,0.4015248170
6_319_787_319,0.4001133600
219_14_58_4,0.3996541522
1059_38_58_4,0.3996541522
61_2_72_4,0.3996541522
58_38_883_4,0.3996541522
311_211_7_14,0.3980163486
61_741_21_630,0.3979782513
11_20_53_2,0.3957436213
11_24_34_736,0.3957436213
26_237_1108_14,0.3957436213
61_272_21_2,0.3948150499
44_24_38_736,0.3948150499
66_53_14_592,0.3935735372
26_53_14_592,0.3909299240
6_65_606_607,0.3849712611
603_61_272_21,0.3803553648
65_66_11_7949_839,0.3752115860
11_1059_11_38_883_4,0.3752115860
2227_224_6_808_1476,0.3752115860
2227_224_26_808_1476,0.3752115860
2934_6_2384_2341_82,0.3752115860
1325_920_11_771,0.3752115860
1900_463_808_1476,0.3752115860
807_808_607,0.3752115860
420_152_37,0.3752115860
2940_1417_4,0.3752115860
2831_462_37,0.3752115860
985_664_4,0.3752115860
1673_1358_4,0.3752115860
629_5646_4,0.3752115860
2227_224_1476,0.3752115860
842_808_607,0.3752115860
65_3013_607,0.3752115860
4873_224_4744,0.3752115860
743_1156_254,0.3752115860
52_920_1297_18,0.3752115860
5742_178_4,0.3752115860
2384_1544_18,0.3752115860
872_1411_7,0.3752115860
74_265_4,0.3752115860
936_1220_4,0.3752115860
743_744_254,0.3752115860
65_920_66_7_14,0.3729878547
6_33_23_24,0.3713612048
189_550_18,0.3704465386
2152_224_38,0.3704465386
232_910_127,0.3704465386
5871_40_37,0.3704465386
1136_655_127,0.3704465386
232_1615_127,0.3704465386
534_1267_216,0.3704465386
1132_655_127,0.3704465386
743_744_7,0.3704465386
252_782_127,0.3704465386
1474_655_127,0.3704465386
1011_43_7,0.3704465386
866_52_771,0.3704465386
232_1422_127,0.3704465386
22_23_24,0.3704465386
1078_252_21,0.3704465386
165_61_231,0.3704465386
252_1615_127,0.3704465386
743_2123_7,0.3704465386
743_4177_7,0.3704465386
27_3907_37,0.3704465386
232_655_127,0.3704465386
61_18_219_14,0.3685516639
27_1053_37,0.3672276484
920_1297_11_18,0.3660087128
11_920_1297_18,0.3660087128
1292_619_7,0.3656067830
252_848_18,0.3656067830
580_1279_211,0.3656067830
29_30_38,0.3656067830
748_749_37,0.3656067830
748_822_37,0.3656067830
743_1156_7,0.3656067830
4_14_623_252,0.3647228974
14_2641_4_6,0.3647228974
14_27_4_248,0.3647228974
2_365_4_464,0.3647228974
4_6_34_81,0.3647228974
2_311_4_44,0.3647228974
37_943_4_898,0.3647228974
2_72_4_44,0.3647228974
14_1751_4_6,0.3647228974
4_1798_37_6,0.3647228974
14_4431_4_6,0.3647228974
14_27_4_914,0.3647228974
14_27_4_2295,0.3647228974
4_629_38_45,0.3647228974
14_996_4_629,0.3647228974
14_996_4_45,0.3647228974
14_257_4_6,0.3647228974
14_1913_4_6,0.3647228974
14_73_4_1798,0.3647228974
14_1140_4_26,0.3647228974
4_248_18_466,0.3647228974
37_943_4_6,0.3647228974
271_65_839_66,0.3647228974
14_996_4_2054,0.3647228974
16_14_534_1267,0.3647228974
68_518_206,0.3647082549
65_6_66_53_2,0.3632653229
65_26_66_53_2,0.3632653229
26_311_65_771,0.3626339236
65_669_66_38,0.3605751001
2054_6_168_7,0.3605751001
65_920_66_33,0.3596465287
11_883_11_38,0.3596465287
65_26_66_7_14,0.3570695290
37_14_534_1167,0.3562845009
117_61_14_117_4,0.3561670850
0_2631_18_64,0.3559988648
21_1060_18_64,0.3559988648
234_43_211_846,0.3559988648
3930_9115,0.3559988648
250_43_38_432,0.3553321981
60_61_26_53,0.3551194855
26_11_7905_38,0.3551194855
6_65_913_66_7,0.3549944855
218_61_26_53,0.3549944855
805_65_6_66_38,0.3549784150
6_218_61_18,0.3549784150
6_44_23_24,0.3549784150
589_61_26_53,0.3546499860
60_61_26_11_2,0.3544280626
1108_152_18_1463,0.3538062811
252_218_61_18,0.3532430243
7764_11_26_11_38,0.3520086971
7_44_24_1025,0.3518466654
606_607_66_11,0.3518466654
61_14_218_4_272_252_21,0.3512671185
18_338_14_58,0.3510045601
18_219_14_1059,0.3510045601
603_61_44_24,0.3509702970
117_61_26_53,0.3509702970
60_61_26_237,0.3509702970
0_623_2_3,0.3506294695
60_61_6_53,0.3503544381
771_607_66_11,0.3500930063
18_219_14_140,0.3500930063
18_668_14_58,0.3492106533
474_387_319_43,0.3489918224
7_2_1673_1358,0.3489918224
18_64_14_265,0.3475604683
234_43_211_26,0.3475604683
66_53_29_4_14,0.3460535230
66_7_14_27_4,0.3460535230
7_14_168_311,0.3458887337
319_43_319_26,0.3458887337
7_44_24_990,0.3458887337
7_44_24_249,0.3458887337
7_44_24_587,0.3456748299
7_44_24_833,0.3456748299
26_218_61_18,0.3453736119
7_1047_38_2074,0.3451962991
318_319_26_65,0.3451387337
7_44_24_914,0.3451387337
7_44_24_3391,0.3451387337
18_7891_38_26,0.3443850721
7_44_24_1544,0.3443740278
7_44_24_915,0.3443740278
7_44_24_2745,0.3443740278
7_44_24_1114,0.3443740278
318_319_26_11,0.3443740278
14_95_4_26_65,0.3441536668
14_27_4_6_11,0.3441536668
14_27_4_6_61,0.3441536668
14_140_4_26_11,0.3441536668
14_140_4_26_65,0.3441536668
14_178_4_26_65,0.3441536668
14_27_4_629_6,0.3441536668
53_250_43_27,0.3431226328
24_248_18_466,0.3421910729
18_219_14_265,0.3421910729
7_44_24_466,0.3421102684
7_2_277_11,0.3421102684
7_57_24_26,0.3419295422
53_152_18_1463,0.3405534259
2_432_38_43,0.3390467592
21_946_7_44,0.3371647010
7_2_278_11,0.3366566136
7_44_24_248,0.3356499952
1108_23_24_26,0.3356499952
18_798_14_58,0.3334795783
7_44_24_1154,0.3334795783
127_26_53_43,0.3334574114
21_1018_7_44,0.3315814020
7_44_24_247,0.3302805998
18_64_14_58,0.3299437549
37_6_943_7_2745,0.3297237757
24_6_33_23,0.3293329433
3014_1124_65_1297_66,0.3292001777
65_27963_66,0.3292001777
690_96_26,0.3292001777
571_65_791_66,0.3292001777
14_1059_38_58,0.3286429528
33_23_24_26,0.3267428297
21_23_24_26,0.3239635480
7891_11_26_11_38,0.3233447293
37_14_27_4_44,0.3196213035
37_14_27_4_629,0.3196213035
7_14_27_4_44,0.3196213035
7_14_996_4_6,0.3196213035
37_14_27_4_45,0.3196213035
7_14_27_4_629,0.3196213035
7_14_943_4_6,0.3196213035
14_764_4_14_623,0.3196213035
14_218_4_272_252,0.3196213035
37_14_996_4_6,0.3196213035
37_14_943_4_6,0.3196213035
37_14_943_4_898,0.3196213035
37_14_27_4_6_65,0.3191738305
26_65_26_66_37,0.3167549434
65_26_66_11_2,0.3167549434
6_65_6_66_53,0.3167549434
11_319_787_319,0.3167336537
26_65_26_66_18,0.3159344306
26_65_26_66_237,0.3137959173
21_18_219_14_58_38_1059,0.3120160136
4_7891_11_26_11,0.3112451446
4_7891_11_9147,0.3112451446
607_52_920_1297,0.3112451446
4_898_6_65,0.3112451446
4_2934_6_2384,0.3112451446
2_5378_365,0.3112451446
771_807_66,0.3112451446
37_629_11934,0.3112451446
216_72_988,0.3112451446
21_580_1279,0.3112451446
2_1709_1367,0.3112451446
142_872_1411,0.3112451446
4_534_1798,0.3112451446
4_986_180,0.3112451446
319_6301_40,0.3112451446
630_743_744,0.3112451446
24_629_17833,0.3112451446
4_6_65_6_66,0.3112451446
4_629_11934_6,0.3112451446
216_72_990,0.3112451446
2_2858_287,0.3112451446
2_697_252,0.3112451446
4_1516_269,0.3112451446
132_12_1006,0.3112451446
839_808_224,0.3112451446
474_387_29,0.3112451446
2_3_1,0.3112451446
319_5871_40,0.3112451446
24_629_10727,0.3112451446
14_27_4_1798,0.3105788938
18_7891_65_7892,0.3105784779
7_44_961_72,0.3105784779
26_65_771_842,0.3081175372
34_7_491_24_26,0.3061417815
133_580_926,0.3059511120
21_580_912,0.3059511120
21_22_23,0.3059511120
2_743_2123,0.3059511120
592_379_152,0.3059511120
231_232_655,0.3059511120
272_252_460,0.3059511120
1108_420_152,0.3059511120
2_742_743,0.3059511120
474_387_413,0.3059511120
42_420_152,0.3059511120
14_1120_2054,0.3059511120
438_232_655,0.3059511120
630_743_1156,0.3059511120
42_379_152,0.3059511120
272_56_252,0.3059511120
592_1801_152,0.3059511120
630_742_743,0.3059511120
319_4070_61,0.3059511120
2_277_11_458,0.3052844453
7_260_18_219,0.3036264915
7_14_26_311_65,0.3024936096
72_988_34,0.3023256239
7_44_24_23384,0.3021404972
24_6_23_24_26,0.3012040628
474_779_748,0.3005817167
33_1011_43,0.3005817167
7_68_483,0.3005817167
24_629_11934_6,0.3002355792
2_277_11_278,0.3002355792
170_61_7_44,0.3001890596
464_2831_2,0.2999988735
44_228_82,0.2999988735
2_56_252,0.2989440696
474_387_654,0.2989440696
216_215_124,0.2989440696
7_1360_246,0.2989440696
954_157_152,0.2985121251
606_607_52,0.2985121251
21_839_808,0.2985121251
319_250_7007,0.2985121251
607_839_808,0.2985121251
911_18_654,0.2985121251
82_839_808,0.2985121251
1000_133_2136,0.2985121251
37_2054_6_996,0.2984819201
37_2054_6_456,0.2975995672
272_252_2631,0.2971137384
37_2054_6_168,0.2968152534
14_168_311_65,0.2968152534
7_44_24_6_65,0.2964955941
7_44_24_6_11,0.2964955941
37_2316_6_65,0.2962791572
18_6_24388_65,0.2962791572
7_44_24_990_6_65_6_66,0.2961458752
7_14_846_311,0.2959490026
312_65_26_66,0.2955144513
14_58_11_1059,0.2955144513
37_654_65_66,0.2955144513
24_990_6_65,0.2955144513
4_14_592_482,0.2945766705
53_14_592_482,0.2939100039
14_623_252_11,0.2917351245
18_219_14_58,0.2915308263
18_1463_6_11,0.2914763468
206_1108_238,0.2910800148
237_1108_349,0.2910800148
206_1108_1119,0.2910800148
935_2_695,0.2910800148
1000_133_175,0.2910800148
2157_133_801,0.2910800148
237_1108_1018,0.2910800148
166_157_152,0.2910800148
237_1108_1362,0.2910800148
234_211_246,0.2910800148
1172_2_90,0.2910800148
298_1108_23,0.2910800148
954_157_1530,0.2910800148
1000_133_801,0.2910800148
21_474_387,0.2910800148
7_14_623_252,0.2909947300
7_44_24_286,0.2902300241
6_943_7_44,0.2888234424
53_152_7_14_27,0.2881749823
741_21_630_743,0.2881445602
741_33_630_743,0.2881445602
18_157_250_43,0.2873571261
1000_133_3730,0.2860555392
37_998_246,0.2860555392
18_157_234_43,0.2860042093
14_846_311_65,0.2852984921
14_592_593,0.2844178922
53_787_1677,0.2844178922
2038_216_124,0.2844178922
24_34_736_26,0.2835851106
741_21_630_744,0.2831200847
741_33_630_1156,0.2814824376
741_21_2_743,0.2808157710
53_14_592_379,0.2808157710
1000_133_580,0.2798741347
26_65_606_607,0.2787328003
64_14_58_38,0.2782408217
946_14_58_38,0.2782408217
272_53_14_534,0.2759005402
37_6_65_6_66,0.2690629590
18_26_65_26_66_11,0.2682424462
24_26_65_26_66,0.2682424462
7_14_27_4_45,0.2674147999
37_14_27_4_6,0.2674147999
14_58_38_1059_4_14,0.2631782601
4_26_37_14_27_4,0.2631782601
4_14_58_38_1059_4,0.2631782601
14_95_4_26_7_14,0.2631782601
37_14_943_4_6_7,0.2631782601
607_11_920_1297,0.2613591825
272_252_848,0.2585034469
438_1474_655,0.2585034469
53_420_152,0.2585034469
250_1292_619,0.2585034469
53_379_152,0.2585034469
26_65_26_66_53,0.2508101577
14_4503_58_4,0.2494760196
250_76_748_4,0.2494760196
2_278_459_4,0.2494760196
4_898_6_216,0.2494760196
4_491_40_24,0.2494760196
2_1241_252_4,0.2494760196
4_6_2184_137,0.2494760196
14_4503_140_4,0.2494760196
2_499_365_4,0.2494760196
14_68_58_4,0.2494760196
14_4503_178_4,0.2494760196
14_585_58_4,0.2494760196
2_1078_11_278,0.2446197110
0_206_1018,0.2432562525
237_1108_1119,0.2432562525
237_1108_238,0.2432562525
2_278_11_277,0.2426861892
33_580_1279_7,0.2409344874
272_252_946_14,0.2404747511
7_44_12_298,0.2400907650
7_1444_44_24,0.2400907650
771_842_66_38,0.2400907650
37_6_456_216,0.2385107619
38_920_11_1187,0.2382968582
14_4503_58_38,0.2382968582
272_252_11_0,0.2382968582
7_3119_44_24,0.2382968582
37_6_168_216,0.2377607619
7_465_44_24,0.2377607619
127_26_189_157,0.2374226299
237_1108_420,0.2370381859
37_6_919_7,0.2362570025
38_603_61_2,0.2362570025
24_218_61_18,0.2362570025
38_63_61_14,0.2362570025
18_190_6_7,0.2362570025
250_43_27_37,0.2356287231
272_252_131_14,0.2356287231
2_743_2185_7,0.2328580831
142_2054_6_38,0.2325900737
18_1463_6_38,0.2325900737
142_2054_6_7,0.2325900737
14_623_252_21,0.2323259619
37_6_456_7,0.2317984070
18_1463_6_7,0.2299219387
18_1463_44_24,0.2274759588
4_26_65_26_66_7,0.2265529684
24_6_12_33,0.2259721994
2384_2341_82,0.2253772334
24_7891_11_26_38,0.2247470837
7_218_61_18,0.2223052706
65_8099_66_53,0.2207341524
14_764_4_14_623_252_21,0.2146335625
14_95_4_26_37,0.2112324670
4_6_7_44_24,0.2112324670
4_26_37_27_4,0.2112324670
14_996_4_6_7,0.2112324670
14_95_4_26_7,0.2112324670
14_95_4_26_319,0.2112324670
14_178_4_26_142,0.2112324670
14_943_4_6_38,0.2112324670
38_1059_4_26_7,0.2112324670
14_491_4_26_38,0.2112324670
14_58_4_26_7,0.2112324670
14_27_4_6_7,0.2112324670
14_27_4_6_24,0.2112324670
38_883_4_26_7,0.2112324670
37_27_4_6_38,0.2112324670
14_996_4_44_24,0.2112324670
14_95_4_26_38,0.2112324670
14_140_4_26_142,0.2112324670
14_178_4_26_38,0.2112324670
4_26_7_44_24,0.2112324670
14_27_4_44_24,0.2112324670
37_27_4_6_7,0.2112324670
7_14_27_4_6_38,0.1952601233
38_26_7_14_27_4,0.1952601233
630_1156_254,0.1952601233
33_4832_18,0.1952601233
4_26_7_14_27_4,0.1952601233
21_4442_319,0.1952601233
82_5112_18,0.1952601233
474_2901_38,0.1952601233
18_246_880,0.1952601233
157_1530_37,0.1952601233
14_1642_254,0.1938839105
33_278_400,0.1938839105
53_2208_137,0.1938839105
0_655_127,0.1938839105
0_778_127,0.1938839105
0_680_18,0.1938839105
0_118_14,0.1938839105
133_1842_18,0.1938839105
53_581_211,0.1938839105
206_349_127,0.1938839105
42_1184_18,0.1938839105
206_238_127,0.1938839105
0_118_2,0.1938839105
21_2345_18,0.1938839105
0_1967_127,0.1938839105
18_798_526,0.1938839105
157_1886_37,0.1938839105
237_274_1108,0.1938839105
7_44_24_6_34,0.1924955840
474_14_1167_4,0.1923246687
7_14_628_4,0.1923246687
7_14_673_4,0.1923246687
142_14_1736_4,0.1923246687
37_14_1736_4,0.1923246687
142_14_262_4,0.1923246687
14_903_4_14,0.1923246687
14_764_4_272,0.1923246687
16_14_534_2038,0.1923246687
24_2_677_4,0.1923246687
7_14_2530_4,0.1923246687
4_272_252_53,0.1923246687
4_272_252_33,0.1923246687
319_2_2088_4,0.1923246687
4_14_252_21_18,0.1923246687
474_14_903_4,0.1923246687
770_607_52_771,0.1923246687
2_3_4_2,0.1923246687
37_14_5561_4,0.1923246687
474_2_365_4,0.1923246687
319_250_1531_18,0.1923246687
7_14_674_4,0.1923246687
7_14_332_4,0.1923246687
7_2_3021_4,0.1923246687
7_2_1358_4,0.1923246687
4_231_252_21_18,0.1923246687
14_3_4_2,0.1923246687
14_764_4_231,0.1923246687
166_133_157,0.1923246687
157_319_43_319,0.1916580021
319_250_431_18,0.1916580021
606_607_66_34,0.1916580021
606_607_66_33,0.1916580021
1108_238_18_157,0.1909484560
53_234_43_211,0.1909484560
21_234_43_211,0.1909484560
231_764_21_18,0.1909484560
195_1000_133,0.1909484560
479_237_1108,0.1909484560
133_981_1108,0.1909484560
21_18_798_634,0.1909484560
157_234_43_211,0.1909484560
20_237_1108,0.1909484560
741_53_630,0.1909484560
237_1108_1298_24,0.1902817893
21_778_18_157,0.1902817893
237_1108_152_37,0.1902817893
24_26_7_44_24,0.1898592306
38_26_7_44_24,0.1898592306
7_44_24_6_38,0.1898592306
18_157_3634_18,0.1891967078
53_319_43_319,0.1891967078
254_5112_38,0.1891321623
319_787_319_14,0.1878294350
237_1108_152_18,0.1878204950
21_18_668_14,0.1873133060
771_607_66_38,0.1873133060
234_4590_18,0.1866121623
237_3381_2,0.1866121623
630_744_7,0.1866121623
18_338_634,0.1866121623
319_1611_137,0.1866121623
33_23_24_2,0.1865633060
21_1298_24_2,0.1865633060
21_18_798_14,0.1865633060
33_131_7_2,0.1865633060
21_18_219_14,0.1865633060
318_319_26_38,0.1865633060
21_133_1298_24,0.1864532223
7_272_252_0,0.1859370933
7_1206_18_14,0.1857738323
7_2_927_24,0.1857738323
7_2386_38_7,0.1857738323
33_131_24_132,0.1855300411
1108_152_7_14,0.1851870933
741_42_630,0.1836767077
237_133_1108,0.1836767077
206_133_1108,0.1836767077
954_133_157,0.1836767077
237_1108_152_7,0.1830687468
21_238_18_157,0.1830100411
272_252_21_18,0.1804353450
319_787_319_7,0.1791814741
53_250_43_38,0.1786653450
21_18_338_14,0.1786653450
53_2_432_38,0.1786653450
24_96_26_34,0.1779153450
157_43_7_14,0.1779153450
53_1298_24_2,0.1779153450
18_157_43_7,0.1779153450
53_43_7_14,0.1765741472
24_1114_1400,0.1762954385
14_592_420,0.1710370487
33_234_4590,0.1710370487
14_619_4_26_7,0.1590259633
14_58_38_1059_4,0.1590259633
0_393_127,0.1460601483
231_218_21,0.1446175646
14_232_4_272,0.1419449625
607_11_771_607,0.1412782958
479_53_2447,0.1326828517
21_18_64_14,0.1305356388
