31_37_45_29,0.9420727782
29_13_45_31_76,0.9153538240
31_13_29_76,0.9153538240
29_13_31_76,0.9153538240
29_37_45_31,0.9153538240
31_26_45_29,0.8802400985
31_76_29_76,0.8764649351
29_76_31_76,0.8764649351
31_37_29_76,0.8289862285
29_37_45_31_76,0.8081561631
31_49_29_76,0.7994824101
365_31_13_29,0.7955805858
31_470_29_76,0.7871425003
881_45_31_76,0.7871425003
29_76_551_31,0.7871425003
492_13_45_29,0.7871425003
492_13_45_31,0.7871425003
881_45_29_76,0.7871425003
31_6_29_76,0.7871425003
31_547_29_76,0.7871425003
29_470_31_76,0.7871425003
29_555_31_76,0.7871425003
76_555_13_45_29,0.7871425003
6_13_31_76,0.7871425003
547_13_31_76,0.7871425003
12_13_29_76,0.7871425003
664_13_31_76,0.7871425003
547_13_29_76,0.7871425003
491_37_45_29,0.7871425003
31_76_29_470,0.7871425003
29_547_31_76,0.7871425003
1002_13_45_416,0.7778235460
2028_29_26_4337,0.7768235460
3448_3449_12770,0.7748235460
7209_8359_2363,0.7748235460
6638_2013,0.7748235460
6612_2592,0.7748235460
3474_3584,0.7748235460
2028_8413_4075_26_4337,0.7748235460
3554_3489_3551,0.7748235460
3367_3275,0.7748235460
839_17315,0.7748235460
7430_2363,0.7748235460
607_2604,0.7748235460
11429_3857,0.7748235460
1189_3260,0.7748235460
21_6848,0.7748235460
9985_1599,0.7748235460
1070_1391,0.7748235460
1807_39808,0.7748235460
5180_1906,0.7748235460
8413_4075,0.7748235460
8359_2363,0.7748235460
496_111,0.7748235460
664_13_29_31,0.7727634559
664_31_13_29,0.7727634559
31_26_29_470,0.7727634559
13_45_31_29_76,0.7688616315
13_29_0_31_76,0.7688616315
0_31_76_29,0.7688616315
0_29_76_31,0.7688616315
41_29_76_31,0.7688616315
13_29_76_31_76,0.7688616315
13_29_31_76,0.7688616315
29_76_45_31,0.7620370934
31_76_26_45,0.7615807245
31_664_29_76,0.7614235460
664_13_29_76,0.7614235460
29_664_31_76,0.7614235460
31_76_6_13_29_76,0.7614235460
664_13_45_29_76,0.7614235460
664_13_45_31_76,0.7614235460
2363_13_45_29_76,0.7614235460
2503_13_29_31,0.7614235460
2503_13_29_76,0.7614235460
29_6_31_76,0.7614235460
2086_365_31_7210_29,0.7521045918
2086_365_29_7210_31,0.7521045918
31_76_551_664_13_29,0.7511425003
31_76_555_13_29,0.7511425003
12_26_6_13_29,0.7511425003
555_13_45_31,0.7511425003
555_13_45_29,0.7511425003
2363_13_45_29,0.7511425003
31_76_555_13_29_76,0.7511425003
29_76_555_13_31,0.7511425003
31_76_12_13_29,0.7511425003
664_26_6_13_31,0.7511425003
664_26_6_13_29,0.7511425003
29_76_547_13_31,0.7511425003
12_26_6_13_31,0.7511425003
2087_13_45_31,0.7511425003
29_111_37_31,0.7511425003
547_13_45_31,0.7511425003
31_76_45_555_13_29,0.7511425003
31_76_551_6_13_29,0.7511425003
31_76_6_13_29,0.7511425003
31_76_547_13_29,0.7511425003
29_76_6_13_31,0.7511425003
31_111_37_29,0.7511425003
2087_13_45_29,0.7511425003
398_255,0.7491045918
12770_1227_3277,0.7491045918
8101_69270,0.7491045918
7_13333,0.7491045918
7_2287,0.7491045918
581_7981,0.7491045918
29_272_13_31,0.7457647225
29_2453_664_31,0.7428235460
31_2453_664_29,0.7428235460
29_111_13_21_26_418_6848_37_31,0.7418235460
31_111_13_21_26_418_6848_37_29,0.7418235460
3467_1044_3708,0.7398235460
3280_1044_3281,0.7398235460
1189_3260_3261,0.7398235460
3360_3458,0.7398235460
111_13_21_26_418_19771,0.7398235460
1227_3277_3280_1044_3281,0.7398235460
29_405_7430_2363,0.7398235460
8413_4075_26_31,0.7398235460
607_2604_26_31,0.7398235460
607_2604_26_29,0.7398235460
133_6554_2044,0.7398235460
3305_3306,0.7398235460
3448_3449,0.7398235460
1227_3277,0.7398235460
1807_39106,0.7398235460
3464_3465,0.7398235460
14059_13709,0.7398235460
3360_3466,0.7398235460
3260_3261,0.7398235460
111_13_21_26_418_9481,0.7398235460
111_13_21_26_418_6848,0.7398235460
46_47_48_7277_532,0.7398235460
405_7430_2363_31,0.7398235460
11510_35248,0.7398235460
14059_13390,0.7398235460
3555_3556,0.7398235460
31_13_29_26,0.7360970644
31_76_664_13_45_29,0.7347634559
31_76_45_664_13_29,0.7347634559
26_31_13_29,0.7347479060
13_29_0_31,0.7347479060
0_29_13_31,0.7347479060
0_31_13_29,0.7347479060
13_45_31_76_29_76,0.7299727426
13_45_29_31_76,0.7299727426
13_45_29_76,0.7299727426
13_45_29_76_31_76,0.7299727426
13_45_31_76,0.7299727426
7210_13_45_31_76_29,0.7254235460
7210_13_45_29_31,0.7254235460
664_13_45_29,0.7254235460
664_13_45_31,0.7254235460
7210_13_45_29_76_31,0.7254235460
7210_13_45_31_29,0.7254235460
31_76_664_13_29,0.7254235460
6_13_29_0_31,0.7254235460
29_76_664_13_31,0.7254235460
29_365_31,0.7247612314
76_45_31,0.7247612314
29_145_31,0.7247612314
31_145_29,0.7247612314
31_26_29_470_2253,0.7200457682
8359_2363_13_45_31,0.7190457682
8359_2363_13_45_29,0.7190457682
14599_13_45_29,0.7190457682
1062_31_1062_45_416,0.7161045918
1062_29_1062_45_416,0.7161045918
7_1044_31_73,0.7141045918
9857_13_3918_31_2965_133_6554_2044,0.7141045918
1062_31_1062_45_416_1837,0.7141045918
7_1044_31_2161,0.7141045918
3841_377_31_76,0.7141045918
3841_377_31,0.7141045918
9857_13_31_2965_133_6554_2044,0.7141045918
1062_29_1062_45_416_1837,0.7141045918
76_45_29,0.6980422771
13_31_0_29,0.6958590172
29_13_45_111,0.6888806717
29_76_105_491,0.6856430681
31_76_45_555,0.6856430681
491_37_31_76,0.6856430681
31_76_105_491,0.6856430681
555_13_31_76,0.6856430681
555_13_29_76,0.6841425003
29_76_31_0,0.6826914450
29_37_31_41,0.6812719526
133_398,0.6769018916
1911_2139,0.6769018916
1911_2730,0.6769018916
3467_1044,0.6769018916
256_88,0.6769018916
133_6554,0.6769018916
7236_623,0.6769018916
1599_2852,0.6769018916
2852_613,0.6769018916
31_13_45_29,0.6659285516
29_13_45_31,0.6659285516
29_26_45_31,0.6659285516
31_26_29,0.6659285516
31_0_31,0.6659285516
31_0_29,0.6659285516
31_41_29,0.6659285516
29_0_29,0.6659285516
31_13_29,0.6659285516
29_76_31,0.6659285516
29_26_31,0.6659285516
31_76_29,0.6659285516
365_45_31_76,0.6658791066
26_29_470_31,0.6658791066
13_31_470_29,0.6658791066
26_31_470_29,0.6658791066
31_76_29_0,0.6658025561
13_31_29_76,0.6652886918
13_31_0_29_76,0.6652886918
2363_13_45_31,0.6651617174
6_13_29_31,0.6651617174
491_37_45_31,0.6619241138
7210_13_45_29_76,0.6584235460
6_13_29_76,0.6584235460
7210_13_45_31_76,0.6584235460
0_31_76_551_6,0.6535391967
26_12_13_29,0.6535391967
37_29_470_31,0.6535391967
22_664_13_29,0.6535391967
365_31_664_29,0.6535391967
365_29_547_31,0.6535391967
551_31_6_29,0.6535391967
37_31_470_29,0.6535391967
551_29_6_31,0.6535391967
551_29_664_31,0.6535391967
22_664_13_31,0.6535391967
365_29_555_31,0.6535391967
61_31_470_29,0.6535391967
365_31_547_29,0.6535391967
145_45_29_76,0.6535391967
87_29_470_31,0.6535391967
87_45_31_76,0.6535391967
13_29_555_31,0.6535391967
61_29_470_31,0.6535391967
26_547_13_29,0.6535391967
551_664_13_31,0.6535391967
551_664_13_29,0.6535391967
49_45_31_76,0.6535391967
749_1281,0.6531829374
2138_12660,0.6531829374
7_1044,0.6531829374
418_2027,0.6531829374
2327_2434,0.6531829374
551_29_2503_31,0.6498503078
29_49_31,0.6484524594
551_664_26_6,0.6459091314
31_76_45_29,0.6449543795
37_45_31_76,0.6391601523
111_13_21_26_418_6848_37_29,0.6388235460
2086_365_29_7210,0.6388235460
2086_365_31_7210,0.6388235460
76_45_555_13,0.6354805120
555_13_29_0,0.6354805120
29_76_105_551,0.6354805120
664_13_31_0,0.6354805120
664_13_29_0,0.6354805120
547_13_29_0,0.6354805120
29_76_45_551,0.6354805120
547_13_31_0,0.6354805120
31_76_105_551,0.6354805120
664_13_29_87,0.6354805120
45_29_31_76,0.6311749664
26_6_13_31,0.6278202425
0_29_6_31,0.6278202425
26_6_13_29,0.6278202425
26_29_7277_31,0.6278202425
37_45_29_76,0.6278202425
76_551_6_13,0.6271615577
45_31_111_13_21,0.6259313536
21_26_418_6848_37,0.6241615577
45_29_111_13_21,0.6241313536
29_37_31_76,0.6227005095
7210_13_45_29,0.6224235460
7210_13_45_31,0.6224235460
551_2503_13_29,0.6211901771
29_37_31,0.6197612314
231_105_398_637,0.6191901771
29_7277_31_26,0.6185916231
2211_365_31_26,0.6185916231
76_31_76,0.6175635706
45_2804_13_31,0.6175391967
551_6_13_31,0.6175391967
551_6_13_29,0.6175391967
158_22_29_76,0.6138503078
2211_365_29_26,0.6132138453
13_45_46_47,0.6119091314
0_31_470_5334_1316_29,0.6109091314
365_8413_4075_26_29,0.6109091314
0_29_470_5334_1316_31,0.6109091314
365_2028_8413_4075,0.6099091314
283_13_496_37,0.6072726688
532_3279,0.6053420645
29_76_12_13,0.6034805120
31_76_12_26,0.6034805120
31_76_555_13,0.6034805120
31_76_105_491_13,0.6034805120
31_76_491_13,0.6034805120
31_76_555_26,0.6034805120
31_76_6_13,0.6034805120
31_76_12_13,0.6034805120
31_76_664_13,0.6034805120
31_76_555_13_45,0.6034805120
31_76_492_13_45,0.6034805120
29_76_12_26,0.6034805120
29_76_491_13,0.6034805120
29_76_6_13,0.6034805120
555_26_6_13,0.5951615577
29_111_13_21_26_418_6848_37,0.5941615577
2363_2187_13_45,0.5941615577
491_13_496_37,0.5941615577
491_13_9313_26,0.5941615577
3271_45_3491_145,0.5921615577
45_31_111_37_29,0.5918202425
45_29_111_37_31,0.5918202425
45_9857_13_31,0.5918202425
29_31_76,0.5876475059
29_470_31_111,0.5873812395
29_76_664_13,0.5865916231
29_13_45_31_111_13,0.5865916231
365_2028_29_26_4337,0.5851901771
365_2028_31_26_4337,0.5851901771
68_2086_365_29_7210,0.5851901771
13_45_7_1044,0.5851901771
68_2086_365_31_7210,0.5851901771
365_2028_8413_4075_26_4337,0.5841901771
365_2028_8413,0.5841901771
76_29_76,0.5830597522
29_76_26_45,0.5818963370
1002_13_45_2501,0.5809018916
31_76_45,0.5791580666
31_76_26,0.5791580666
29_76_26,0.5791580666
29_76_45,0.5791580666
31_76_0,0.5791580666
31_76_13,0.5791580666
7209_7210,0.5789018916
31_0_29_76,0.5785082911
29_0_31_76,0.5785082911
12_13_29,0.5776610188
555_29_76,0.5776610188
31_76_555,0.5776610188
31_76_664,0.5776610188
31_6_29,0.5776610188
29_76_547,0.5776610188
6_31_76,0.5776610188
31_491_29,0.5776610188
664_29_76,0.5776610188
547_29_76,0.5776610188
492_13_29,0.5776610188
12_13_31,0.5776610188
555_31_76,0.5776610188
6_13_31,0.5776610188
76_29_470,0.5776610188
491_31_76,0.5776610188
52_29_76,0.5776610188
547_31_76,0.5776610188
12_31_76,0.5776610188
29_491_31,0.5776610188
6_29_76,0.5776610188
664_31_470,0.5776610188
664_31_76,0.5776610188
664_13_31,0.5776610188
29_6_31,0.5776610188
31_76_491,0.5776610188
31_76_6,0.5776610188
29_76_664,0.5776610188
29_76_491,0.5776610188
2363_29_76,0.5776610188
2138_1911_2139_13_45,0.5772726688
492_2363_13_45,0.5772726688
26_45_31_76,0.5757574494
1956_2820_87_45,0.5752726688
491_37_29,0.5732832410
31_3150_29,0.5732832410
491_37_31,0.5732832410
111_37_31,0.5732832410
29_3150_31,0.5732832410
29_470_664,0.5732832410
2730_13_31,0.5722832410
111_37_29,0.5722832410
2163_13_29,0.5722832410
31_8359_2363_29,0.5713420645
29_7430_2363_31,0.5713420645
555_26_12,0.5713420645
492_2363_31,0.5713420645
491_13_418,0.5713420645
2211_365_31,0.5713420645
637_365_31,0.5713420645
637_365_29,0.5713420645
29_470_2138,0.5713420645
111_13_21,0.5713420645
29_8359_2363_31,0.5713420645
2730_13_29,0.5713420645
747_118_31,0.5713420645
4075_26_31,0.5713420645
4075_26_29,0.5713420645
2253_13_29,0.5713420645
253_37_29,0.5713420645
31_26_1796,0.5713420645
1701_31_76,0.5713420645
2604_26_31,0.5713420645
2211_365_29,0.5713420645
2604_26_29,0.5713420645
29_470_6,0.5713420645
6_26_12,0.5713420645
29_9192_31,0.5713420645
2290_664_31,0.5713420645
9857_13_31_2965_133_6554,0.5703420645
47_48_7277_532,0.5703420645
491_13_496,0.5703420645
14179_365_14180,0.5703420645
8413_4075_26_4337,0.5703420645
2211_365_8413,0.5703420645
111_13_496,0.5703420645
3489_3551,0.5703420645
3285_3286,0.5703420645
29_405_7430,0.5703420645
1227_3421,0.5703420645
45_6_13_29,0.5699074335
26_555_13_29,0.5699074335
0_52_31_76,0.5699074335
31_470_29_111,0.5656622853
0_31_76_547,0.5650128640
0_31_76_555,0.5650128640
0_29_76_547,0.5650128640
151_664_13_29,0.5632128640
29_13_31,0.5619285516
29_0_31,0.5619285516
31_29_76,0.5619285516
31_76_551_6_13,0.5596435200
1956_2820,0.5579211088
29_13_31_26,0.5574126769
398_637,0.5551829374
45_31_41_45,0.5536887189
45_29_41_45,0.5536887189
45_29_76,0.5525500847
26_29_76,0.5525500847
13_31_76,0.5525500847
0_31_76,0.5525500847
0_29_76,0.5525500847
45_31_76,0.5525500847
13_29_76,0.5525500847
26_31_76,0.5525500847
29_664_31,0.5519420645
29_2503_31,0.5519420645
7210_31_76,0.5519420645
29_7210_31,0.5519420645
31_664_29,0.5519420645
31_7210_29,0.5519420645
31_76_12,0.5519420645
7210_29_76,0.5519420645
365_29_76_105,0.5508772084
0_31_76_551,0.5508772084
365_31_76_105,0.5508772084
37_29_76_26,0.5508772084
37_31_76_26,0.5508772084
31_76_45_551,0.5486934981
76_1002_13_45,0.5486934981
76_45_547,0.5475642867
29_7277_31,0.5465642867
2139_13_29,0.5465642867
2503_31_76,0.5465642867
2820_87_45_7_1044_31,0.5456231103
7210_29_2086,0.5456231103
1138_365_45_7_1044_31,0.5456231103
111_13_21_26_418,0.5456231103
1062_45_416,0.5456231103
7210_31_2086,0.5456231103
496_37_29,0.5456231103
496_37_31,0.5456231103
29_26_14059,0.5456231103
7277_13_29,0.5456231103
31_26_14059,0.5456231103
29_470_2253,0.5456231103
70199_31_76,0.5456231103
34062_31_76,0.5456231103
3918_31_76,0.5456231103
39609_34329,0.5446231103
1062_3698_13_8836_1287_14370_111_25534_3574_10278,0.5446231103
29981_7222_49_2503_13_300_2327_2434,0.5446231103
9857_13_3918_31_2965_133_6554,0.5446231103
7222_49_2503_13_300_2327_2434,0.5446231103
8836_1287_14370_111_25534_3574,0.5446231103
7_1044_31_2168,0.5446231103
2503_13_300_2327,0.5446231103
9857_13_3918,0.5446231103
2028_26_1911,0.5446231103
1044_31_2161,0.5446231103
1044_31_73,0.5446231103
1278_3918_31,0.5446231103
365_31_76_45,0.5443282294
6_13_31_0,0.5437546311
6_13_29_26,0.5437546311
31_49_29,0.5434524594
45_31_29_76,0.5426437239
26_29_13_31,0.5426437239
13_45_7_1044_31,0.5424995904
0_31_76_12,0.5412939097
2199_158,0.5409523216
45_31_41_46,0.5369074335
1062_31_1062_45,0.5354356768
1062_29_1062_45,0.5354356768
1124_118_45_29_2122,0.5345681416
164_3271,0.5345527332
0_93_164_3271,0.5325681416
31_470_29_111_13,0.5306435200
29_470_31_111_13,0.5306435200
13_45_29_31,0.5214363592
13_31_29,0.5214363592
13_45_31_29,0.5214363592
13_29_31,0.5214363592
0_29_76_547_13,0.5188772084
0_31_76_6_13,0.5188772084
13_45_29_41,0.5187998300
26_29_13_45,0.5187998300
0_0_0_0_0_0_0_0,0.5130379252
0_0_0_0_0_0,0.5130379252
61_31_76_45,0.5127427682
26_418_6848_37,0.5122471431
31_76_45_555_13,0.5114805120
31_76_551_664_13,0.5114805120
31_76_547_13,0.5114805120
31_76_492_13,0.5114805120
1002_13_45_218,0.5089316791
1124_118_45_31_2122,0.5088491874
26_29_76_45,0.5080627814
26_31_76_45,0.5080627814
664_26_6_13,0.5079027342
152_365_31_76,0.5052402250
1138_365_45_31,0.5032402250
52_31_76_133,0.5032402250
664_13_45_81,0.5032402250
31_76_41,0.5028492947
2028_31_26_4337,0.5022402250
2820_87_45_31,0.5022402250
76_84_43_643,0.5022402250
31_111_13_21_26_418_6848_37,0.5021615577
0_31_76_547_13,0.5019883195
45_31_283_13,0.5019883195
45_29_111_13,0.5019883195
45_29_283_13,0.5019883195
29_470_31_26,0.5009530278
76_664_13_29,0.5006972426
46_47_48,0.5002402250
2309_496_111,0.5002402250
1025_4935,0.5002402250
592_593,0.5002402250
4274_11562,0.5002402250
11375_4985,0.5002402250
1816_492,0.5002402250
2189_1278,0.5002402250
7926_7590,0.5002402250
2242_1057,0.5002402250
2138_1911,0.5002402250
2641_3224,0.5002402250
1138_365_45_7,0.5002402250
2028_8413_4075,0.5002402250
46_47_2743,0.5002402250
46_47_2605,0.5002402250
3300_377_2116,0.5002402250
1633_2189_1278,0.5002402250
5881_33158_23651,0.5002402250
3833_4985,0.5002402250
2363_2187,0.5002402250
1470_3511,0.5002402250
1970_1971,0.5002402250
14300_2849,0.5002402250
932_111,0.5002402250
908_3288,0.5002402250
652_4846,0.5002402250
421_267,0.5002402250
7_2301,0.5002402250
7215_7216,0.5002402250
577_1285,0.5002402250
21_5059,0.5002402250
7291_59,0.5002402250
81_10029,0.5002402250
5345_2409,0.5002402250
2289_2287,0.5002402250
3589_3590,0.5002402250
3860_6159,0.5002402250
1220_75,0.5002402250
1796_7647,0.5002402250
260_75,0.5002402250
896_3423,0.5002402250
1796_19937,0.5002402250
1796_39543,0.5002402250
1807_41066,0.5002402250
2569_5165,0.5002402250
1313_7770,0.5002402250
517_6848,0.5002402250
435_34106,0.5002402250
517_5059,0.5002402250
2462_1523,0.5002402250
1841_1854,0.5002402250
642_580,0.5002402250
517_590,0.5002402250
1313_9275,0.5002402250
484_1881,0.5002402250
1370_461,0.5002402250
7608_2163,0.5002402250
2087_2860,0.5002402250
2087_1278,0.5002402250
1628_1370,0.5002402250
1702_5053,0.5002402250
2357_62377,0.5002402250
3000_3001,0.5002402250
3002_1599,0.5002402250
33158_23651,0.5002402250
13744_614,0.5002402250
2881_851,0.5002402250
10334_13089,0.5002402250
6449_1144,0.5002402250
1871_1866,0.5002402250
607_13138,0.5002402250
12403_4955,0.5002402250
634_417,0.5002402250
634_5386,0.5002402250
46_47,0.5002402250
8359_10208,0.5002402250
11257_8359,0.5002402250
887_1023,0.5002402250
848_8773,0.5002402250
848_10481,0.5002402250
2852_2860,0.5002402250
5334_1316,0.5002402250
496_2310,0.5002402250
2309_172,0.5002402250
3681_16564,0.5002402250
3681_16505,0.5002402250
1099_6948,0.5002402250
435_34069,0.5002402250
46_311,0.5002402250
93_164_3271,0.4985681416
365_2028_31_26,0.4982994306
365_2028_29_26,0.4982994306
13_29_26_45,0.4975406158
31_76_664_13_45,0.4945916231
31_76_45_664_13,0.4945916231
26_664_13_29,0.4942520081
45_555_13_29,0.4942520081
26_29_6_31,0.4942520081
29_555_31_26,0.4926131179
664_13_29_41,0.4926131179
0_0_0_0,0.4917787110
41_31_76,0.4862413128
31_41_46_47,0.4862402250
2138_1911_2139_13_29,0.4852402250
2138_1911_2139_13_31,0.4852402250
664_26_2138_1911,0.4852402250
1956_2820_87,0.4832726688
3300_377_2116_3301,0.4832402250
491_13_498_8773,0.4832402250
12_26_2138_1911,0.4832402250
2138_9432_2139,0.4832402250
2642_194_2643,0.4832402250
2163_13_15497,0.4832402250
1976_1887,0.4832402250
1961_1962,0.4832402250
3631_1989,0.4832402250
3289_3290,0.4832402250
21347_7024,0.4832402250
3605_3606,0.4832402250
2126_4748,0.4832402250
2970_6093,0.4832402250
2881_2906,0.4832402250
2884_2885,0.4832402250
12_26_2138_1911_2139,0.4832402250
3280_1044_3281_3368_3369,0.4832402250
8413_4075_26_29,0.4832402250
634_5386_417,0.4832402250
421_6107_7908,0.4832402250
7277_532_7278,0.4832402250
576_2852_2853,0.4832402250
577_1285_14737,0.4832402250
1970_1971_1972,0.4832402250
7567_334_1974,0.4832402250
470_5334_1316,0.4832402250
2138_2209_2139,0.4832402250
3575_3576,0.4832402250
3308_3309,0.4832402250
3302_3290,0.4832402250
5881_33158,0.4832402250
3846_3944,0.4832402250
81_82,0.4832402250
3427_3428,0.4832402250
2108_2109,0.4832402250
2779_2796,0.4832402250
3497_3466,0.4832402250
3258_3259,0.4832402250
3592_9578,0.4832402250
4989_590,0.4832402250
3592_3593,0.4832402250
14316_30259,0.4832402250
3608_3609,0.4832402250
35423_35424,0.4832402250
2871_2910,0.4832402250
2825_1909,0.4832402250
634_644,0.4832402250
3501_1576,0.4832402250
10647_11609,0.4832402250
2642_194,0.4832402250
20306_33330_5881_33158_23651_58435,0.4832402250
1911_663_664,0.4832402250
421_663_664,0.4832402250
3461_484_3259,0.4832402250
2138_7172_2139,0.4832402250
3519_3594,0.4832402250
81_7345,0.4832402250
3804_3805,0.4832402250
3260_4198,0.4832402250
3686_1585,0.4832402250
13_29_76_233,0.4813811007
365_29_664_31,0.4813811007
0_31_76_6,0.4813811007
0_31_76_664,0.4813811007
0_29_76_664,0.4813811007
37_45_29_111,0.4813811007
29_76_41,0.4809604058
12_13_45_2163_13,0.4789316791
45_31_26_45,0.4788870210
0_29_76_551,0.4760632939
555_13_29,0.4746610188
881_45_29,0.4746610188
31_547_29,0.4746610188
547_13_31,0.4746610188
547_13_29,0.4746610188
555_13_31,0.4746610188
6_13_29,0.4746610188
881_45_31,0.4746610188
31_76_492,0.4746610188
29_76_12,0.4746610188
29_547_31,0.4746610188
45_664_13_29,0.4744219427
45_664_13_31,0.4744219427
76_492_13_45,0.4728565061
0_31_76_664_13,0.4727813929
6_13_29_0,0.4726435200
45_31_76_29_76,0.4716478349
45_29_76_31_76,0.4716478349
13_45_29_76_31,0.4716478349
0_0_29_76,0.4716478349
26_45_29_76,0.4716478349
13_31_76_29,0.4716478349
13_45_31_76_29,0.4716478349
13_29_76_31,0.4716478349
0_0_31_76,0.4716478349
31_37_29,0.4712955574
29_13_45_111_13,0.4703617444
664_26_6,0.4683420645
555_26_6,0.4683420645
12_26_6,0.4683420645
21_26_418_6848,0.4673420645
13390_26,0.4661153296
31_76_105,0.4652866528
29_76_105,0.4652866528
31_76_551,0.4608879194
6_31_26,0.4608879194
31_491_13,0.4608879194
664_29_26,0.4608879194
29_111_13,0.4608879194
664_31_26,0.4608879194
29_555_26,0.4608879194
31_76_22,0.4608879194
31_76_68,0.4608879194
31_111_13,0.4608879194
29_76_43,0.4608879194
29_76_22,0.4608879194
29_76_68,0.4608879194
29_547_26,0.4608879194
29_76_49,0.4608879194
29_76_551_664_13,0.4608879194
555_31_26,0.4608879194
29_491_13,0.4608879194
31_547_26,0.4608879194
31_76_93,0.4608879194
31_76_43,0.4608879194
31_76_145,0.4608879194
31_76_49,0.4608879194
29_76_145,0.4608879194
29_76_551,0.4608879194
87_45_29_111,0.4596621465
76_555_26,0.4565101416
41_29_76,0.4563524239
29_0_41,0.4559281880
31_41_45,0.4559281880
31_61_45,0.4559281880
29_41_45,0.4559281880
31_0_41,0.4559281880
29_0_0,0.4559281880
31_26_105,0.4559281880
29_61_45,0.4559281880
76_547_26,0.4555101416
76_2371_13,0.4545689651
52_664_13,0.4545689651
31_2168_0,0.4545689651
416_664_13,0.4545689651
492_2363_13,0.4545689651
76_2087_13,0.4545689651
2211_365_8413_4075_26,0.4535689651
21_26_418_19771_0,0.4535689651
3841_377,0.4529523216
61_29_76,0.4504564486
2503_13_29,0.4489420645
664_13_29,0.4489420645
87_45_31_111_13,0.4474773952
87_45_29_111_13,0.4474773952
31_76_61,0.4473977639
29_76_61,0.4473977639
45_551_664_13,0.4464773952
26_45_139_13,0.4464773952
26_492_13_45,0.4464773952
22_664_13_45,0.4464773952
68_1002_13_45,0.4464773952
45_2087_13_45,0.4464773952
87_45_31_41,0.4464773952
199_31_76,0.4450577152
37_31_76,0.4450577152
37_29_76,0.4450577152
41_29_470,0.4450577152
26_6_31,0.4450577152
13_31_470,0.4450577152
26_6_29,0.4450577152
41_31_470,0.4450577152
118_31_470,0.4450577152
45_29_470,0.4450577152
45_29_7210,0.4450577152
45_29_405,0.4450577152
68_31_76,0.4450577152
45_416_29,0.4450577152
22_31_76,0.4450577152
26_29_470,0.4450577152
87_29_76,0.4450577152
145_31_76,0.4450577152
45_31_470,0.4450577152
45_31_654,0.4450577152
49_29_76,0.4450577152
68_29_76,0.4450577152
13_29_470,0.4450577152
49_31_76,0.4450577152
365_29_76,0.4450577152
0_29_470,0.4450577152
118_29_76,0.4450577152
45_31_7210,0.4450577152
0_31_470,0.4450577152
22_29_76,0.4450577152
145_29_470,0.4450577152
26_31_470,0.4450577152
76_664_13,0.4439990305
29_664_26,0.4439990305
7210_31_41,0.4439990305
7210_29_41,0.4439990305
2503_31_26,0.4439990305
68_105_580_13_45,0.4427885063
22_105_580_13_45,0.4427885063
231_1002_13_45,0.4427885063
87_45_139_13,0.4427885063
26_551_6_13,0.4427885063
377_31_76,0.4423688263
45_29_144,0.4423688263
45_29_654,0.4423688263
365_29_555,0.4423688263
283_13_496,0.4416231103
551_31_6,0.4414276499
0_1773_14178_519,0.4414276499
45_29_1396,0.4414276499
45_31_1396,0.4414276499
37_45_31_41,0.4399284161
37_45_29_41,0.4399284161
0_0_789_68,0.4397154904
0_43_68_105,0.4397154904
0_43_68_45,0.4397154904
0_43_231_45,0.4397154904
7210_31_61,0.4396212527
7210_29_61,0.4396212527
45_31_76_29,0.4395341094
45_29_76_31,0.4395341094
29_283_13,0.4386212527
31_283_13,0.4386212527
7277_31_26,0.4376800762
70199_31_26,0.4376800762
31_0_0,0.4372745932
29_0_45,0.4372745932
31_0_45,0.4372745932
2122_13_45_1186_211_2211_365,0.4366800762
41_45_29,0.4352090950
61_45_31,0.4352090950
0_0_29,0.4352090950
61_45_29,0.4352090950
41_45_31,0.4352090950
0_43_68_348,0.4340854250
87_45_29_76,0.4310146992
87_31_470_29,0.4310146992
49_29_470_31,0.4310146992
365_31_470_29,0.4310146992
49_31_470_29,0.4310146992
365_29_470_31,0.4310146992
13_45_31_111_13,0.4305885063
0_43_68_2086,0.4305681416
26_1745_365_31,0.4283258103
26_1745_365_29,0.4283258103
0_31_76_555_13,0.4268772084
45_673_13_45,0.4258996174
43_44_49_29,0.4253258103
365_29_76_45,0.4250083610
2391_5420,0.4243258103
0_29_470_5334_1316_31_20306,0.4243258103
0_31_470_5334_1316_29_20306,0.4243258103
1186_2117,0.4243258103
218_4314,0.4243258103
349_2263,0.4243258103
377_2116,0.4243258103
504_1418,0.4243258103
0_0_0_0_0_0_0,0.4220379252
13_31_26_45,0.4220093733
44_37_45_31,0.4217842052
75_37_45_31,0.4209842052
45_29_111_13_21_26_418_6848_37,0.4202471431
13_29_555,0.4193387610
13_664_31,0.4193387610
118_31_76,0.4193387610
145_29_76,0.4193387610
0_31_76_45,0.4166655852
13_29_76_45,0.4166655852
13_29_76_26,0.4166655852
0_29_76_45,0.4166655852
45_29_76_26,0.4166655852
13_31_76_45,0.4166655852
13_31_76_26,0.4166655852
26_29_76_26,0.4166655852
45_31_76_26,0.4166655852
45_31_76_45,0.4166655852
551_664_31,0.4166498721
45_31_111_13_21_26_418,0.4166498721
45_29_111_13_21_26_418,0.4166498721
13_3918_31,0.4166498721
45_29_253,0.4166498721
576_2852,0.4159842052
1971_1972,0.4159842052
652_133,0.4159842052
1281_1842,0.4159842052
2189_1147,0.4159842052
418_9481,0.4159842052
643_312,0.4159842052
1147_2909,0.4159842052
2209_2139,0.4159842052
2209_492,0.4159842052
2138_7172,0.4159842052
46_47_97,0.4159842052
66_491,0.4159842052
4475_1300,0.4159842052
5386_417,0.4159842052
461_3717,0.4159842052
417_635,0.4159842052
416_1837,0.4159842052
621_491,0.4159842052
418_19771,0.4159842052
4337_1807,0.4159842052
3280_1044,0.4159842052
330_275,0.4159842052
171_139,0.4159842052
7868_496,0.4159842052
133_23041,0.4159842052
44_16193,0.4159842052
2309_139,0.4159842052
46_47_48_7277,0.4159842052
3285_3286_3305,0.4159842052
46_47_303,0.4159842052
3489_3551_3447,0.4159842052
1972_623,0.4159842052
1029_461,0.4159842052
576_577,0.4159842052
421_6107,0.4159842052
532_7278,0.4159842052
2363_2585,0.4159842052
7136_111,0.4159842052
11505_139,0.4159842052
6700_654,0.4159842052
9528_133,0.4159842052
283_2852,0.4159842052
460_461,0.4159842052
1911_1936,0.4159842052
1004_989,0.4159842052
418_5679,0.4159842052
416_6923,0.4159842052
416_10006,0.4159842052
244_270,0.4159842052
416_7984,0.4159842052
623_2545,0.4159842052
1905_7236,0.4159842052
977_144,0.4159842052
2396_881,0.4159842052
3461_484,0.4159842052
1845_1300,0.4159842052
664_13744,0.4159842052
1147_1168,0.4159842052
3006_654,0.4159842052
2910_2936,0.4159842052
2028_8413,0.4159842052
1303_17893,0.4159842052
5163_5164,0.4159842052
954_270,0.4159842052
1043_2313,0.4159842052
1048_461,0.4159842052
133_6449,0.4159842052
2138_2209,0.4159842052
46_3148,0.4159842052
2309_496,0.4159842052
7277_532,0.4159842052
1816_2730,0.4159842052
2189_3252,0.4159842052
1766_1936,0.4159842052
2138_9432,0.4159842052
1045_4582,0.4159842052
14386_7101,0.4159842052
46_1162,0.4159842052
2308_139,0.4159842052
38_5269,0.4159842052
3331_1766,0.4159842052
6107_7908,0.4159842052
2852_2853,0.4159842052
5366_461,0.4159842052
87_45_7_1044_31_73,0.4157086956
45_9857_13_3918_31,0.4157086956
0_7_1044_31,0.4157086956
26_45_7_1044,0.4157086956
45_7_1044_31,0.4157086956
365_70199_31,0.4157086956
0_31_8101,0.4157086956
365_45_7_1044_31_2168,0.4157086956
365_105_3393_27594,0.4157086956
87_45_7_1044,0.4157086956
365_2503_31,0.4157086956
37_29_405,0.4157086956
365_2028_29,0.4157086956
365_2028_31,0.4157086956
13_29_470_31,0.4150655852
37_45_139_13,0.4144773952
105_491_37_45,0.4144773952
13_45_2163_13,0.4144773952
31_470_29_26,0.4141660139
45_31_234_29,0.4130146992
45_31_41_46_47,0.4130146992
0_0_31,0.4109254348
26_45_29,0.4109254348
0_45_31,0.4109254348
0_45_29,0.4109254348
377_9536,0.4107902060
37_45_673_13_45,0.4107885063
105_580_13_45,0.4107885063
22_350_13_45,0.4107885063
41_45_2313_13,0.4107885063
13_45_552_13,0.4107885063
158_22_31_76,0.4103258103
12_13_45_2163,0.4102402250
76_84_43_44,0.4102402250
45_31_111_13,0.4099883195
45_31_76_84_43_44,0.4093258103
105_106_13_29,0.4093258103
26_2087_13_45,0.4092704685
45_555_13_45,0.4092704685
13_45_111_13,0.4092704685
45_492_13_45,0.4092704685
26_555_13_45,0.4092704685
551_12_26_6_13,0.4088473298
0_43_68_2086_61,0.4088473298
118_45_2163_13,0.4088473298
68_2086_365_45,0.4088473298
41_45_46_47,0.4083258103
61_45_81_82,0.4083258103
13_45_81_82,0.4083258103
41_45_81_82,0.4083258103
145_45_416_38,0.4083258103
2138_1911_2139,0.4082402250
592_2368,0.4082402250
243_270,0.4082402250
498_8773,0.4082402250
43_68_2086_365,0.4078473298
164_3271_45_3419_145,0.4078473298
41_46_47_97,0.4073258103
41_46_47_303,0.4073258103
105_255_13_21,0.4073258103
13_45_81_293,0.4073258103
41_45_81_293,0.4073258103
105_254_13_954,0.4073258103
234_2087_2860_29,0.4073258103
145_1147_158_22,0.4068473298
664_13_29_26,0.4058261040
76_45_664_13,0.4058261040
37_45_31_76_26,0.4037214895
0_93_164_348,0.4010854250
84_43_68_105,0.4010854250
13_29_76_41,0.4003568132
37_45_29_111_13,0.3985885063
37_45_31_111_13,0.3985885063
13_45_139_13,0.3975885063
551_664_13_45,0.3975885063
45_664_13_45,0.3975885063
551_29_13_45,0.3975885063
45_7210_13_45,0.3933815796
26_12_13_45,0.3933815796
45_8359_2363_13_45,0.3929584409
0_45_606_68,0.3919584409
551_7210_13_45,0.3919584409
81_293,0.3912402250
164_3271_45_3491_145,0.3909584409
231_105_398_637_365,0.3909584409
22_350_13_105,0.3909584409
37_45_31_111,0.3893811007
13_31_76_105,0.3854679244
1124_118_45_29,0.3838775549
29_26_105,0.3796194160
7291_39539,0.3767587435
81_2520,0.3767587435
2116_3553,0.3767587435
81_20396,0.3767587435
31_26_68,0.3756194160
29_68_45,0.3756194160
31_68_45,0.3756194160
45_81_2520_0,0.3726545505
13_45_31_41,0.3722660609
13_45_29_0,0.3722660609
13_45_29_26,0.3722660609
0_29_26,0.3722660609
45_29_61,0.3722660609
61_31_26,0.3722660609
26_29_41,0.3722660609
26_29_26,0.3722660609
13_29_26,0.3722660609
13_29_41,0.3722660609
13_31_41,0.3722660609
13_29_0,0.3722660609
45_29_41,0.3722660609
45_31_61,0.3722660609
41_29_26,0.3722660609
26_31_41,0.3722660609
31_76_233_68,0.3697337922
29_76_233_68,0.3697337922
0_0_45,0.3695041561
0_41_45,0.3695041561
0_0_0,0.3695041561
26_551_664_13,0.3692686379
26_664_13_45,0.3692686379
26_6_13_45,0.3692686379
0_31_76_105,0.3665790355
0_87_45_31,0.3663846856
0_87_45_29,0.3663846856
145_45_31,0.3657303884
68_45_29,0.3657303884
31_76_233_649,0.3653560144
0_29_76_105,0.3651944465
29_76_233_649,0.3643560144
492_13_31,0.3641365213
31_76_1002,0.3641365213
2087_13_31,0.3641365213
31_12_29,0.3641365213
29_234_31,0.3641365213
1168_31_76,0.3641365213
52_31_76,0.3641365213
2363_31_76,0.3641365213
31_555_29,0.3641365213
31_234_29,0.3641365213
31_1911_29,0.3641365213
1027_45_29,0.3641365213
2363_13_29,0.3641365213
31_87_29,0.3641365213
31_41_46,0.3641365213
31_1140_29,0.3641365213
29_12_31,0.3641365213
29_52_31,0.3641365213
31_76_46,0.3641365213
31_76_133,0.3641365213
29_1911_31,0.3641365213
29_76_6,0.3641365213
1168_29_76,0.3641365213
31_52_29,0.3641365213
31_519_29,0.3641365213
29_519_31,0.3641365213
29_1140_31,0.3641365213
29_555_31,0.3641365213
31_1062_29,0.3641365213
31_76_547,0.3641365213
29_76_1168,0.3641365213
29_76_133,0.3641365213
1911_492_13_45,0.3633560144
416_1837_13_45,0.3633560144
2087_13_29,0.3615587435
31_76_2138,0.3615587435
3076_724,0.3613560144
1073_478,0.3613560144
1911_2139_13_31,0.3607587435
1804_365_31,0.3607587435
7612_664_31,0.3607587435
2503_13_46,0.3607587435
2313_37_31,0.3607587435
29_41_46_47,0.3607587435
643_49_31,0.3607587435
2002_365_29,0.3607587435
2086_365_31,0.3607587435
2086_365_29,0.3607587435
670_199_29,0.3607587435
75_37_31,0.3607587435
1745_365_31,0.3607587435
75_37_29,0.3607587435
1745_365_29,0.3607587435
2804_13_31,0.3607587435
31_1133_29,0.3607587435
152_365_29,0.3607587435
2739_365_29,0.3607587435
209_365_31,0.3607587435
664_26_2138,0.3607587435
1027_365_31,0.3607587435
1027_365_29,0.3607587435
29_26_1796,0.3607587435
31_2545_29,0.3607587435
31_68_1027,0.3607587435
44_234_29,0.3607587435
31_26_4337,0.3607587435
104_45_31,0.3607587435
2617_365_31,0.3607587435
6848_37_29,0.3607587435
106_13_31,0.3607587435
31_41_73177,0.3607587435
29_68_1027,0.3607587435
29_1133_31,0.3607587435
31_76_2277,0.3607587435
76_233_11,0.3607587435
1180_45_29,0.3607587435
6948_61_29,0.3607587435
5963_49_29,0.3607587435
643_145_31,0.3607587435
44_49_31,0.3607587435
31_470_416,0.3607587435
519_31_76,0.3607587435
670_199_31,0.3607587435
11_45_416,0.3607587435
1864_365_31,0.3607587435
2804_13_29,0.3607587435
86_87_31,0.3607587435
5595_365_29,0.3607587435
5595_365_31,0.3607587435
29_26_1807,0.3607587435
29_26_4337,0.3607587435
1365_365_29,0.3607587435
1365_365_31,0.3607587435
4486_13_29,0.3607587435
31_26_1807,0.3607587435
2617_365_29,0.3607587435
2313_37_29,0.3607587435
4486_13_31,0.3607587435
44_234_31,0.3607587435
6848_37_31,0.3607587435
12_26_2138,0.3607587435
2413_31_76,0.3607587435
106_13_29,0.3607587435
104_31_76,0.3607587435
519_29_76,0.3607587435
4656_365_29,0.3607587435
29_470_416,0.3607587435
1701_29_76,0.3607587435
2501_13_29,0.3607587435
2501_13_31,0.3607587435
1180_45_31,0.3607587435
6948_61_31,0.3607587435
29_76_896,0.3607587435
29_76_2277,0.3607587435
5963_49_31,0.3607587435
31_2453_664,0.3607587435
44_49_29,0.3607587435
3211_13_29,0.3607587435
4656_365_31,0.3607587435
29_76_5561,0.3607587435
1804_26_1864,0.3597587435
491_13_7252,0.3597587435
3439_3440,0.3597587435
470_5334_1316_29_20306_33330_5881_33158_23651,0.3597587435
31_470_5334_1316_29,0.3597587435
33330_5881_33158_23651_58435,0.3597587435
470_5334_1316_29_20306,0.3597587435
470_5334_1316_31_20306,0.3597587435
29_470_5334_1316_31,0.3597587435
21_26_418_9481,0.3597587435
519_31_749,0.3597587435
8359_13_7022,0.3597587435
7275_881_12956,0.3597587435
1461_13_6918,0.3597587435
254_13_954,0.3597587435
491_13_9313,0.3597587435
491_13_682,0.3597587435
253_13_1046,0.3597587435
3589_3590_3591,0.3597587435
1062_29_1062,0.3597587435
2138_13_3110,0.3597587435
3704_3705,0.3597587435
3706_3707,0.3597587435
3522_3920,0.3597587435
3424_3432,0.3597587435
3586_3587,0.3597587435
3298_3299,0.3597587435
3495_3496,0.3597587435
3462_3463,0.3597587435
1359_3446,0.3597587435
3595_3596,0.3597587435
13831_13832,0.3597587435
3557_3558,0.3597587435
3455_3456,0.3597587435
3509_3510,0.3597587435
470_5334_1316_31_20306_33330_5881_33158_23651,0.3597587435
519_31_32,0.3597587435
1062_31_1062,0.3597587435
8359_13_405,0.3597587435
3451_3452_3453,0.3597587435
139_13_542,0.3597587435
255_13_21,0.3597587435
491_13_3143,0.3597587435
491_13_498,0.3597587435
1023_22_664,0.3597587435
12_26_2413,0.3597587435
519_29_32,0.3597587435
519_29_749,0.3597587435
3271_45_3419,0.3597587435
2163_13_2416,0.3597587435
111_13_7014,0.3597587435
3442_3443,0.3597587435
3293_3294,0.3597587435
3282_3283,0.3597587435
3368_3369,0.3597587435
3437_3438,0.3597587435
3459_3460,0.3597587435
3507_3508,0.3597587435
49_29_37_45,0.3594565541
76_26_45,0.3577305272
31_145_45,0.3577305272
31_41_105,0.3577305272
13_29_76_68,0.3568545367
365_31_76_26,0.3568545367
45_7_1044_31_2168_0,0.3557656616
45_416_1837_13,0.3557656616
551_8359_2363_13,0.3557656616
45_8359_2363_13,0.3557656616
37_45_31_76_84,0.3554773952
45_29_13_45,0.3546124661
13_45_31_26,0.3546124661
13_31_26,0.3546124661
0_31_26,0.3546124661
13_45_31_0,0.3546124661
26_31_26,0.3546124661
76_29_0,0.3523590593
365_31_76_233,0.3521540011
13_29_76_105,0.3511944465
31_76_84_93,0.3503560144
29_76_84_93,0.3503560144
1911_2139_13_45,0.3493560144
491_13_2313_37,0.3493560144
118_45_31_2122,0.3493540011
29_26_68,0.3490567741
31_118_45,0.3490567741
29_145_45,0.3490567741
31_22_45,0.3490567741
2122_13_45_1186_211,0.3488131501
45_7210_13_45_29,0.3485546202
45_7210_13_45_31,0.3485546202
9476_8359_13,0.3473560144
1281_1842_145_65,0.3473560144
491_13_9313_37,0.3473560144
14386_7101_118,0.3473560144
643_312_49,0.3473560144
1804_26_1864_365,0.3473560144
213_9942,0.3473540011
89_275,0.3473540011
291_3887,0.3473540011
1167_1418,0.3473540011
213_4881,0.3473540011
672_3,0.3473540011
1186_1834,0.3473540011
65_243,0.3473540011
504_4295,0.3473540011
218_690,0.3473540011
132_1099,0.3473540011
218_1299,0.3473540011
132_4314,0.3473540011
13_15497,0.3473540011
87_45_29_111_13_21,0.3466352236
87_45_31_111_13_21,0.3466352236
13_496_37_31,0.3466352236
61_31_76,0.3454564486
31_26_45,0.3452745932
76_41_105,0.3446580407
12_13_45,0.3446580407
555_13_45,0.3446580407
29_26_65,0.3446580407
76_26_105,0.3446580407
31_68_105,0.3446580407
29_22_105,0.3446580407
31_26_65,0.3446580407
2363_13_45,0.3446580407
31_0_43,0.3446580407
31_22_105,0.3446580407
31_231_45,0.3446580407
491_41_45,0.3446580407
233_68_45,0.3446580407
29_231_105,0.3446580407
68_2086_365_31,0.3446352236
68_2086_365_29,0.3446352236
45_29_111,0.3420577152
365_31_76,0.3420577152
61_31_470,0.3420577152
45_31_111,0.3420577152
365_29_470,0.3420577152
49_29_470,0.3420577152
61_29_470,0.3420577152
13_45_1186_211,0.3409848206
8359_13_45,0.3402802630
551_29_664,0.3393688263
350_13_45,0.3392802630
76_151_45,0.3392802630
49_45_31,0.3391154589
365_45_31,0.3390114341
365_45_29,0.3390114341
551_29_6,0.3384276499
580_13_45,0.3383390865
793_61_45,0.3383390865
747_118_45,0.3383390865
1909_61_45,0.3383390865
2027_13_45,0.3383390865
152_61_45,0.3383390865
270_87_45,0.3383390865
7890_13_45,0.3383390865
236_37_45,0.3383390865
233_68_105,0.3383390865
9313_37_45,0.3383390865
253_37_45,0.3383390865
14599_13_45,0.3383390865
1023_118_45,0.3383390865
1098_61_45,0.3383390865
2163_13_45,0.3383390865
2371_13_45,0.3383390865
192_37_45,0.3383390865
26_45_416,0.3337167255
61_45_46,0.3337167255
13_551_29,0.3337167255
26_551_31,0.3337167255
0_0_52,0.3337167255
41_45_46,0.3337167255
45_551_29,0.3337167255
41_45_416,0.3337167255
365_551_29,0.3337167255
13_45_111,0.3337167255
13_45_133,0.3337167255
13_45_81,0.3337167255
13_45_1300,0.3337167255
13_45_46,0.3337167255
87_45_29,0.3337167255
26_551_29,0.3337167255
26_45_81,0.3318278366
31_76_551_6,0.3316635531
29_22_45,0.3311678853
29_41_105,0.3311678853
29_118_45,0.3311678853
22_45_46,0.3310278366
41_45_81,0.3310278366
41_45_1766,0.3310278366
145_45_416,0.3310278366
22_45_416,0.3310278366
0_45_1766,0.3310278366
13_45_1004,0.3310278366
13_45_576,0.3310278366
497_61_29,0.3300866601
164_355_718,0.3300866601
22_105_1076,0.3300866601
93_164_747,0.3300866601
41_45_2462,0.3300866601
41_45_2760,0.3300866601
13_45_283,0.3300866601
13_45_1917,0.3300866601
61_45_81,0.3300866601
0_41_657,0.3300866601
0_41_745,0.3300866601
0_41_1671,0.3300866601
145_105_46,0.3300866601
199_45_1300,0.3300866601
365_105_3393,0.3300866601
41_45_1004,0.3300866601
13_45_8832,0.3300866601
13_45_2163,0.3300866601
37_45_31_26,0.3300681111
37_45_29_26,0.3300681111
421_663,0.3289842052
1911_663,0.3289842052
11005_491,0.3289842052
418_6848,0.3289842052
1633_2189,0.3289842052
491_6874,0.3289842052
260_111,0.3289842052
76_41_65,0.3277691519
76_26_551,0.3277691519
7210_13_45,0.3277691519
111_13_45,0.3277691519
547_13_45,0.3277691519
6_13_45,0.3277691519
76_26_68,0.3277691519
664_13_45,0.3277691519
76_84_93_44,0.3266635531
11021_46,0.3266635531
9476_8359,0.3266635531
48_7277,0.3266635531
7209_8359,0.3266635531
84_43_44_234_29,0.3249848206
496_37_45,0.3214501976
336_37_45,0.3214501976
1837_13_45,0.3214501976
6987_365_45,0.3214501976
2086_61_45,0.3214501976
1138_365_45,0.3214501976
2086_365_45,0.3214501976
73_26_45,0.3214501976
105_11005_491_37,0.3184415998
105_244_270_41,0.3184415998
22_105_580_13,0.3156404032
551_29_2503,0.3127086956
145_45_29,0.3123965047
22_45_29,0.3123965047
118_45_31,0.3123965047
22_45_31,0.3123965047
118_45_29,0.3123965047
49_45_29,0.3123965047
46_29470,0.3115027238
46_14263,0.3115027238
46_9096,0.3115027238
199_45_29,0.3079977713
26_45_46,0.3079977713
13_45_418,0.3079977713
13_45_416,0.3079977713
13_45_7,0.3079977713
13_45_139,0.3079977713
13_29_61,0.3059572890
61_29_26,0.3059572890
231_1124_118_45_29_2122_13_45_1186_211,0.3043677059
231_1124_118_45_31_2122_13_45_1186_211,0.3043677059
61_45_3887,0.3043677059
365_45_7,0.3043677059
231_105_398,0.3043677059
13_45_7209,0.3043677059
13_45_581,0.3043677059
61_31_41,0.3029572890
0_31_68,0.3029572890
29_76_547_13,0.2918379767
3024_1924,0.2918124130
4580_2300,0.2918124130
461_1707,0.2918124130
7567_334,0.2918124130
4881_87,0.2918124130
12947_478,0.2918124130
3065_213,0.2918124130
2081_1924,0.2918124130
43_68_105_106,0.2910130114
1124_118_45_31,0.2892942338
365_31_664,0.2865332177
37_29_470,0.2865332177
87_29_470,0.2865332177
87_31_76,0.2865332177
145_31_470,0.2865332177
234_31_76,0.2865332177
13_31_749,0.2865332177
0_31_52,0.2865332177
0_29_52,0.2865332177
234_29_76,0.2865332177
118_29_470,0.2865332177
45_31_975,0.2865332177
0_52_31,0.2865332177
0_31_1062,0.2865332177
22_29_470,0.2865332177
22_31_470,0.2865332177
0_31_225,0.2865332177
13_29_749,0.2856443288
45_31_37,0.2850684001
45_31_145,0.2850684001
0_29_470_5334_1316_31_20306_33330_5881,0.2848443288
0_31_470_5334_1316_29_20306_33330_5881,0.2848443288
37_29_975,0.2848443288
13_29_32,0.2848443288
13_31_975,0.2848443288
13_31_2965,0.2848443288
13_29_975,0.2848443288
365_29_547,0.2848443288
0_29_2965,0.2848443288
0_29_225,0.2848443288
551_29_1911,0.2848443288
45_29_1140,0.2848443288
365_31_547,0.2848443288
45_31_1140,0.2848443288
45_31_2122,0.2848443288
13_31_32,0.2848443288
0_31_2965,0.2848443288
0_29_1062,0.2848443288
45_29_2122,0.2848443288
37_31_975,0.2848443288
45_416_1048,0.2848443288
45_416_38,0.2848443288
45_31_253,0.2848443288
0_0_41,0.2823064953
31_76_84_43_68,0.2815039136
26_29_13,0.2792660609
29_76_84_43_68,0.2789261358
45_29_49,0.2772835360
0_29_68,0.2772835360
37_31_0,0.2772835360
145_31_26,0.2772835360
45_31_49,0.2772835360
45_31_22,0.2772835360
13_31_37,0.2772835360
13_31_22,0.2772835360
145_29_26,0.2772835360
365_29_13,0.2772835360
37_31_26,0.2772835360
49_31_13,0.2772835360
61_29_41,0.2772835360
26_31_37,0.2772835360
76_84_43_44_49,0.2751261358
26_1002_13,0.2728848026
26_491_13,0.2728848026
45_29_87,0.2728848026
37_31_41,0.2728848026
365_31_22,0.2728848026
37_31_87,0.2728848026
365_31_41,0.2728848026
365_31_61,0.2728848026
26_29_37,0.2728848026
37_29_41,0.2728848026
87_31_41,0.2728848026
87_31_26,0.2728848026
45_111_13,0.2728848026
87_29_41,0.2728848026
45_31_87,0.2728848026
49_29_26,0.2728848026
49_29_41,0.2728848026
13_29_118,0.2728848026
13_31_87,0.2728848026
13_29_87,0.2728848026
49_31_41,0.2728848026
49_31_118,0.2728848026
49_31_37,0.2728848026
22_664_26,0.2728848026
365_29_145,0.2728848026
365_29_61,0.2728848026
365_29_41,0.2728848026
365_31_145,0.2728848026
37_29_0,0.2728848026
45_31_234,0.2728848026
45_547_13,0.2728848026
31_76_84_43,0.2721560144
31_470_29,0.2721365213
29_470_31,0.2721365213
31_76_233,0.2721365213
29_76_233,0.2721365213
29_76_84_43,0.2703560144
26_2087_13,0.2701959137
105_491_13,0.2701959137
22_6_13,0.2701959137
551_12_13,0.2692547372
551_12_26,0.2692547372
45_1200_13,0.2692547372
45_16450_13,0.2692547372
105_4580_49,0.2692547372
26_491_37,0.2692547372
45_29_2453,0.2692547372
68_1745_365,0.2692547372
43_44_234,0.2692547372
68_992_45,0.2692547372
68_2086_365,0.2692547372
45_2027_13,0.2692547372
105_547_13,0.2692547372
45_31_2453,0.2692547372
45_253_145,0.2692547372
45_2807_13,0.2692547372
45_3419_145,0.2692547372
355_718_41,0.2692547372
45_1766_68,0.2692547372
45_3491_145,0.2692547372
45_3887_13,0.2692547372
22_1002_13,0.2692547372
105_3237_13,0.2692547372
105_1854_13,0.2692547372
45_5165_68,0.2692547372
45_552_13,0.2692547372
61_1263_45,0.2692547372
45_1909_61,0.2692547372
61_1160_45,0.2692547372
45_2253_13,0.2692547372
551_664_26,0.2692547372
45_4152_13,0.2692547372
13_2313_37,0.2692547372
45_3698_13,0.2692547372
45_3168_13,0.2692547372
551_492_13,0.2692547372
551_2503_13,0.2692547372
45_1325_0,0.2692547372
26_1418_0,0.2692547372
551_8359_13,0.2692547372
61_1063_45,0.2692547372
13_954_26,0.2692547372
45_606_68,0.2692547372
61_14474_45,0.2692547372
0_213_45,0.2691228978
0_41_132,0.2691228978
0_37_45,0.2691228978
0_87_45,0.2691228978
43_68_105,0.2691228978
43_68_45,0.2691228978
26_68_105,0.2691228978
26_22_105,0.2691228978
0_0_43,0.2691228978
0_0_93,0.2691228978
0_43_68,0.2691228978
0_22_105,0.2691228978
41_773_45,0.2691228978
0_118_45,0.2691228978
29_2453_664,0.2687587435
152_365_31,0.2687587435
491_13_2313,0.2677587435
3271_45_3491,0.2677587435
118_45_29_2122,0.2676634144
1167_13_45,0.2664340089
218_13_45,0.2664340089
68_348_45,0.2664340089
789_68_45,0.2664340089
13_45_218,0.2664340089
93_68_45,0.2664340089
1186_211,0.2656634144
551_4989,0.2656634144
132_701,0.2656634144
132_2950,0.2656634144
0_789_231,0.2654928324
182_49_45,0.2654928324
68_348_105,0.2654928324
61_458_105,0.2654928324
497_61_45,0.2654928324
118_45_1186,0.2654928324
93_164_348,0.2654928324
0_93_348,0.2654928324
0_43_164,0.2654928324
231_1124_118,0.2654928324
111_13_27,0.2618257836
22_1002_13_45,0.2617306754
1002_13_45_2501_13,0.2611261358
37_45_31,0.2607303884
164_3566,0.2603540011
76_84_43_44_234,0.2601261358
2199_158_22,0.2601261358
45_29_118,0.2593946471
45_29_145,0.2593946471
365_31_26,0.2593946471
45_31_118,0.2593946471
49_31_26,0.2593946471
365_29_26,0.2593946471
13_29_37,0.2593946471
37_45_38_13,0.2590417865
13_45_144_145,0.2580417865
43_68_105_106_13,0.2570417865
0_43_231_105,0.2569687707
84_43_44_234,0.2560417865
45_12_13,0.2559959137
37_29_26,0.2559959137
68_664_13,0.2559959137
22_29_13,0.2559959137
45_139_13,0.2559959137
45_405_13,0.2533070248
0_41_105,0.2532340089
0_49_45,0.2532340089
26_199_45,0.2532340089
26_45_551,0.2532340089
26_37_45,0.2532340089
26_68_45,0.2532340089
492_13_45,0.2526580407
1002_13_45,0.2526580407
45_9857_13,0.2523658483
348_3271_145,0.2523658483
45_1448_13,0.2523658483
68_115_365,0.2523658483
68_1138_365,0.2523658483
164_747_118,0.2523658483
105_350_13,0.2523658483
45_283_13,0.2523658483
31_749_26,0.2521411996
31_749_0,0.2521411996
29_1062_45,0.2521411996
31_76_773,0.2521411996
29_76_164,0.2521411996
29_76_1002_13,0.2521411996
31_1062_45,0.2521411996
31_76_231,0.2521411996
31_76_151,0.2521411996
31_76_84,0.2521411996
31_76_649,0.2521411996
31_76_132,0.2521411996
29_76_773,0.2521411996
29_76_132,0.2521411996
29_76_231,0.2521411996
508_724,0.2512798818
723_724,0.2512798818
2647_2611,0.2512798818
61_458_45,0.2505451200
43_231_105,0.2496039436
158_22_45,0.2496039436
31_2277_199,0.2487634218
663_664_26,0.2487634218
663_664_13,0.2487634218
31_670_199,0.2487634218
31_1121_0,0.2487634218
31_73_26,0.2487634218
29_749_26,0.2487634218
76_152_365,0.2487634218
76_233_68,0.2487634218
29_76_331,0.2487634218
29_2277_199,0.2487634218
31_7010_199,0.2487634218
11_1002_13,0.2487634218
31_73_0,0.2487634218
31_52_551,0.2487634218
591_664_13,0.2487634218
29_670_199,0.2487634218
29_749_0,0.2487634218
29_7010_199,0.2487634218
29_1121_0,0.2487634218
31_76_331,0.2487634218
76_233_10,0.2487634218
31_4_0,0.2487634218
29_76_151,0.2487634218
29_76_3014,0.2487634218
37_45_31_76_84_43,0.2487306754
2189_3252_158_22,0.2477634218
663_664_145,0.2477634218
1766_1864_365,0.2477634218
1766_1804_26,0.2477634218
6904_664_13,0.2477634218
81_82_8359_13,0.2477634218
233_1023_22,0.2477634218
1300_1027_365,0.2477634218
5165_881_45,0.2477634218
491_37_45,0.2472802630
37_31_76_84_43,0.2460417865
37_29_76_84_43,0.2460417865
45_31_2122_13_45_1186,0.2450417865
41_45_552_13,0.2450417865
45_29_2122_13_45_1186,0.2450417865
41_45_81_2520_0,0.2440417865
41_45_675_13,0.2440417865
68_2086_61_45,0.2440417865
231_105_491_13,0.2440417865
377_2116_3301,0.2438725196
37_45_673_13,0.2430417865
164_3566_145,0.2430417865
234_45_1687_13,0.2430417865
22_105_1076_13,0.2430417865
68_105_106_13,0.2430417865
41_105_6948_61,0.2430417865
132_2950_61,0.2430417865
1124_118_45_29_2122_13_45_1186,0.2430417865
234_45_6395_13,0.2430417865
231_105_260_13,0.2430417865
37_45_59_13,0.2430417865
132_701_61,0.2430417865
789_68_2014_199,0.2420417865
789_68_670_199,0.2420417865
84_93_44_49,0.2420417865
29_37_45,0.2381678853
87_45_31,0.2307167255
76_547_13_45,0.2297165975
2122_13_45_1186,0.2295825344
26_551_6,0.2270866601
45_551_664,0.2270866601
0_1002_13_45,0.2264649253
9942_105,0.2249165975
46_448,0.2245027238
43_68_2086_61,0.2217760364
37_45_29_76_84,0.2205823956
37_45_31_234,0.2205823956
45_2138_1911_2139_13,0.2188490072
26_2138_1911_2139_13,0.2188490072
45_81_82_41,0.2188490072
45_81_82_26,0.2188490072
6347_2611,0.2127823956
45_29_76_84,0.2127164587
37_29_76_84,0.2127164587
87_31_76_84,0.2119164587
37_45_29,0.2073965047
0_45_416,0.2031922280
0_45_1300,0.2031922280
365_551_31,0.2031922280
26_45_139,0.2031922280
13_31_76_233,0.2025857667
13_496_37_29,0.2025857667
0_0_52_31,0.2025857667
68_105_106,0.2015033391
26_65_2253,0.2015033391
37_45_46,0.2015033391
37_45_1863,0.2015033391
944_65_38,0.2015033391
158_22_31,0.2015033391
158_22_29,0.2015033391
0_45_327,0.2015033391
68_132_133,0.2015033391
41_132_5963,0.2015033391
0_43_643,0.2015033391
0_43_11,0.2015033391
13_45_1834,0.2015033391
13_45_3751,0.2015033391
234_45_3211_13_29,0.2015033391
0_41_227,0.2015033391
41_105_6948,0.2015033391
118_61_3129,0.2015033391
0_41_1604,0.2015033391
0_41_1127,0.2015033391
0_41_1261,0.2015033391
0_41_735,0.2015033391
0_41_4312,0.2015033391
68_105_491,0.2015033391
68_105_11005,0.2015033391
22_132_66,0.2015033391
182_49_31,0.2015033391
182_49_29,0.2015033391
22_45_2087,0.2015033391
84_43_643,0.2015033391
497_61_31,0.2015033391
84_43_760,0.2015033391
234_45_6395,0.2015033391
68_45_416,0.2015033391
26_65_1110,0.2015033391
0_118_1464,0.2015033391
0_118_1604,0.2015033391
37_45_804,0.2015033391
37_45_139,0.2015033391
43_68_69,0.2015033391
37_45_59,0.2015033391
231_105_491,0.2015033391
1324_45_1325,0.2015033391
41_45_1822,0.2015033391
41_45_48,0.2015033391
41_45_576,0.2015033391
41_45_2313,0.2015033391
0_43_44,0.2015033391
145_65_236,0.2015033391
0_43_104,0.2015033391
0_43_242,0.2015033391
0_43_1023,0.2015033391
789_68_2014,0.2015033391
789_68_670,0.2015033391
13_45_4384,0.2015033391
145_45_46,0.2015033391
0_41_4607,0.2015033391
0_41_1158,0.2015033391
0_41_1531,0.2015033391
93_68_2086,0.2015033391
231_132_133,0.2015033391
234_45_3211,0.2015033391
0_118_227,0.2015033391
43_68_3045,0.2015033391
2300_45_1048,0.2015033391
0_145_3411,0.2015033391
231_105_1144,0.2015033391
45_551_6,0.2015033391
41_45_675,0.2015033391
41_45_945,0.2015033391
13_45_2157,0.2015033391
0_41_618,0.2015033391
37_45_433,0.2015033391
789_68_1027,0.2015033391
13_45_552,0.2015033391
0_45_606,0.2013677059
37_31_76_84,0.1959822089
37_31_470,0.1945332177
365_29_664,0.1945332177
87_31_470,0.1945332177
49_31_470,0.1945332177
365_31_470,0.1945332177
41_45_81_2520,0.1928443288
76_84_43_68,0.1926867189
45_6_13,0.1808848026
26_492_13,0.1808848026
45_492_13,0.1808848026
26_6_13,0.1808848026
26_555_13,0.1808848026
45_555_13,0.1808848026
22_664_13,0.1808848026
551_29_13,0.1808848026
26_12_13,0.1808848026
0_0_789,0.1791228978
45_2087_13,0.1781959137
68_1002_13,0.1772547372
151_664_13,0.1772547372
551_664_13,0.1772547372
551_6_13,0.1772547372
22_350_13,0.1772547372
105_580_13,0.1772547372
68_2086_61,0.1772547372
68_105_580_13,0.1760417865
0_93_164,0.1754928324
31_22_350_13,0.1734639732
29_76_555_13,0.1711411996
29_76_84,0.1711411996
1911_492_13,0.1677634218
26_547_13,0.1639959137
45_664_13,0.1639959137
26_664_13,0.1639959137
76_26_65,0.1639113210
31_944_45,0.1639113210
29_234_45,0.1639113210
29_944_45,0.1639113210
31_234_45,0.1639113210
31_26_551,0.1639113210
31_231_105,0.1639113210
29_0_43,0.1639113210
84_43_44_49,0.1610417865
7010_199_45,0.1605335432
670_199_43,0.1605335432
29_84_43,0.1605335432
2730_13_45,0.1605335432
44_37_45,0.1605335432
776_365_45,0.1605335432
75_37_45,0.1605335432
3626_61_45,0.1605335432
260_13_45,0.1605335432
6975_145_45,0.1605335432
29_272_13,0.1605335432
1002_13_65,0.1605335432
643_37_45,0.1605335432
4547_61_45,0.1605335432
350_13_105,0.1605335432
2594_13_45,0.1605335432
233_649_355,0.1605335432
1023_22_132,0.1605335432
2187_13_45,0.1605335432
1023_22_45,0.1605335432
8760_41_45,0.1605335432
1023_22_105,0.1605335432
2212_118_45,0.1605335432
6848_37_45,0.1605335432
236_118_45,0.1605335432
466_13_45,0.1605335432
2820_87_45,0.1605335432
4466_13_45,0.1605335432
2122_13_45,0.1605335432
1842_145_65,0.1605335432
1435_13_45,0.1605335432
4656_365_45,0.1605335432
4032_13_45,0.1605335432
1203_61_45,0.1605335432
2277_199_43,0.1605335432
2277_199_45,0.1605335432
635_13_45,0.1605335432
3_118_61,0.1605335432
267_37_45,0.1605335432
747_41_45,0.1605335432
2139_13_45,0.1605335432
74_13_45,0.1605335432
670_199_45,0.1605335432
2990_13_45,0.1605335432
1316_13_45,0.1605335432
86_87_45,0.1605335432
2860_13_45,0.1605335432
4766_231_105,0.1605335432
1842_22_45,0.1605335432
76_773_68,0.1605335432
561_61_45,0.1605335432
350_13_65,0.1605335432
643_22_105,0.1605335432
4538_13_45,0.1605335432
941_37_45,0.1605335432
1147_158_22,0.1605335432
76_182_49,0.1605335432
96_61_45,0.1605335432
1523_41_45,0.1605335432
31_84_43,0.1605335432
31_84_93,0.1605335432
670_199_789,0.1605335432
45_2804_13,0.1603658483
45_29_22,0.1475956398
231_1124_118_45,0.1470925926
234_29_26,0.1451380828
0_1002_13,0.1451380828
45_7210_13,0.1451380828
365_29_22,0.1451380828
45_29_234,0.1451380828
49_29_37,0.1451380828
365_29_37,0.1451380828
45_2163_13_2416_13,0.1434491939
45_3852_13,0.1434491939
105_6948_61,0.1434491939
68_776_365,0.1434491939
45_1194_13,0.1434491939
45_642_13,0.1434491939
26_1864_365,0.1434491939
45_2414_13,0.1434491939
43_1180_45,0.1434491939
43_44_49,0.1434491939
26_2371_13,0.1434491939
68_2866_365,0.1434491939
43_86_87,0.1434491939
164_747_41,0.1434491939
43_1023_22,0.1434491939
45_1006_68,0.1434491939
45_795_199,0.1434491939
13_9313_37,0.1434491939
68_3045_365,0.1434491939
231_4170_61,0.1434491939
45_2163_13,0.1434491939
45_294_13,0.1434491939
45_211_13,0.1434491939
22_492_13,0.1434491939
61_3129_45,0.1434491939
68_350_13,0.1434491939
68_2042_61,0.1434491939
41_8502_13,0.1434491939
45_1687_13,0.1434491939
45_3200_0,0.1434491939
45_236_13,0.1434491939
45_1104_13,0.1434491939
105_106_37,0.1434491939
45_1057_13,0.1434491939
118_5060_13,0.1434491939
2300_29_26,0.1434491939
105_7256_13,0.1434491939
132_5963_49,0.1434491939
105_254_13,0.1434491939
65_3542_41,0.1434491939
41_4547_61,0.1434491939
61_1263_105,0.1434491939
0_1203_61,0.1434491939
43_11_105,0.1434491939
43_11_45,0.1434491939
61_236_49,0.1434491939
68_4583_365,0.1434491939
61_236_118,0.1434491939
105_2149_13,0.1434491939
151_6_13,0.1434491939
105_491_37,0.1434491939
41_1423_13,0.1434491939
45_1973_13,0.1434491939
68_2942_365,0.1434491939
348_1023_22,0.1434491939
45_675_13,0.1434491939
45_1523_13,0.1434491939
164_1023_22,0.1434491939
26_1986_365,0.1434491939
43_242_65,0.1434491939
43_242_105,0.1434491939
45_4486_13,0.1434491939
45_2501_13,0.1434491939
43_637_65,0.1434491939
43_104_45,0.1434491939
45_6674_13,0.1434491939
68_316_41,0.1434491939
45_59_13,0.1434491939
234_29_37,0.1434491939
68_209_365,0.1434491939
93_44_49,0.1434491939
45_4387_13,0.1434491939
45_7929_13,0.1434491939
68_152_365,0.1434491939
45_7504_13,0.1434491939
45_433_13,0.1434491939
45_144_145,0.1434491939
43_44_37,0.1434491939
45_48_13,0.1434491939
45_32009_13,0.1434491939
41_1166_49,0.1434491939
68_2128_41,0.1434491939
22_2087_13,0.1434491939
68_1027_365,0.1434491939
551_7210_13,0.1434491939
68_1027_41,0.1434491939
105_4663_13,0.1434491939
45_2441_13,0.1434491939
45_1300_68,0.1434491939
45_38_13,0.1434491939
68_2086_22,0.1434491939
45_1833_13,0.1434491939
45_882_13,0.1434491939
13_9313_26,0.1434491939
45_62_13,0.1434491939
61_62_37,0.1434491939
41_7017_61,0.1434491939
41_740_26,0.1434491939
45_3864_13,0.1434491939
348_1842_22,0.1434491939
45_1939_13,0.1434491939
61_3129_105,0.1434491939
68_2739_365,0.1434491939
26_1023_22,0.1434491939
41_2870_145,0.1434491939
87_651_61,0.1434491939
68_2002_365,0.1434491939
45_3270_13,0.1434491939
43_643_145,0.1434491939
105_1901_13,0.1434491939
231_1002_13,0.1434491939
45_6395_13,0.1434491939
43_643_49,0.1434491939
68_2211_365,0.1434491939
105_260_13,0.1434491939
551_2087_13,0.1434491939
45_3542_13,0.1434491939
43_96_61,0.1434491939
45_1783_0,0.1434491939
45_12634_13,0.1434491939
45_8545_13,0.1434491939
41_7349_61,0.1434491939
45_2313_13,0.1434491939
61_236_145,0.1434491939
61_6298_22,0.1434491939
105_1076_13,0.1434491939
0_944_45,0.1423761781
0_0_213,0.1423761781
45_31_76_84,0.1407164587
22_585_22,0.1406872892
43_164_355,0.1406872892
43_231_45,0.1406872892
1124_118_45,0.1406872892
93_68_105,0.1406872892
84_93_68,0.1406872892
117_118_61,0.1406872892
199_789_672,0.1406872892
773_649_355,0.1406872892
37_45_1186,0.1406872892
0_199_1186,0.1406872892
0_944_65,0.1406872892
199_43_649,0.1406872892
199_43_68,0.1406872892
199_43_672,0.1406872892
216_789_68,0.1406872892
43_117_61,0.1406872892
585_22_45,0.1406872892
807_13_45,0.1406872892
0_789_68,0.1406872892
0_504_45,0.1406872892
0_291_68,0.1406872892
789_672_458,0.1406872892
41_773_43,0.1406872892
26_164_355,0.1406872892
164_355_105,0.1406872892
0_3250_13,0.1406872892
231_348_45,0.1406872892
199_789_68,0.1406872892
89_43_68,0.1406872892
43_68_348,0.1406872892
216_43_68,0.1406872892
3250_13_45,0.1406872892
0_497_61,0.1406872892
231_105_551,0.1406872892
41_45_1186,0.1406872892
0_43_10,0.1406872892
0_93_231,0.1406872892
0_43_151,0.1406872892
0_93_68,0.1406872892
13_45_1186,0.1406872892
0_43_348,0.1406872892
2520_0,0.1332198204
84_43_44,0.1095033391
84_93_44,0.1095033391
22_105_580,0.1095033391
26_551_664,0.1095033391
43_68_2086,0.1095033391
37_45_38,0.1095033391
2087_13_45,0.0795335432
26_1745_365,0.0624491939
105_255_13,0.0624491939
105_106_13,0.0624491939
45_673_13,0.0624491939
84_43_68,0.0616872892
0_43_231,0.0616872892
