31_37_45_29,0.9437496894
29_37_45_31,0.9181456793
29_13_45_31_76,0.9181456793
31_13_29_76,0.9181456793
29_13_31_76,0.9181456793
29_76_31_76,0.8753156140
31_76_29_76,0.8753156140
31_37_29_76,0.8434751796
31_26_45_29,0.8357360801
31_49_29_76,0.8242484854
29_37_45_31_76,0.8208711695
31_470_29_76,0.8144249560
31_76_29_470,0.8144249560
29_470_31_76,0.8144249560
365_31_13_29,0.8137789624
31_547_29_76,0.8134249560
492_13_45_29,0.8134249560
492_13_45_31,0.8134249560
76_555_13_45_29,0.8134249560
491_37_45_29,0.8134249560
12_13_29_76,0.8134249560
881_45_29_76,0.8134249560
547_13_31_76,0.8134249560
547_13_29_76,0.8134249560
491_37_31_76,0.8134249560
29_555_31_76,0.8134249560
29_76_551_31,0.8134249560
664_13_31_76,0.8134249560
31_6_29_76,0.8134249560
29_547_31_76,0.8134249560
6_13_31_76,0.8134249560
881_45_31_76,0.8134249560
1002_13_45_416,0.8010518566
2028_29_26_4337,0.8010518566
3554_3489_3551,0.7990518566
3367_3275,0.7990518566
839_17315,0.7990518566
8413_4075,0.7990518566
1189_3260,0.7990518566
7430_2363,0.7990518566
1070_1391,0.7990518566
607_2604,0.7990518566
6612_2592,0.7990518566
9985_1599,0.7990518566
11429_3857,0.7990518566
6638_2013,0.7990518566
5180_1906,0.7990518566
3474_3584,0.7990518566
3448_3449_12770,0.7990518566
7209_8359_2363,0.7990518566
496_111,0.7990518566
21_6848,0.7990518566
8359_2363,0.7990518566
1807_39808,0.7990518566
2028_8413_4075_26_4337,0.7990518566
664_31_13_29,0.7986444754
664_13_29_31,0.7986444754
31_26_29_470,0.7967032989
664_13_45_31_76,0.7897621224
664_13_45_29_76,0.7888209459
2503_13_29_31,0.7888209459
29_664_31_76,0.7888209459
29_6_31_76,0.7888209459
664_13_29_76,0.7888209459
31_76_6_13_29_76,0.7888209459
2363_13_45_29_76,0.7888209459
2503_13_29_76,0.7888209459
31_664_29_76,0.7888209459
13_45_31_29_76,0.7881749523
13_29_76_31_76,0.7881749523
0_29_76_31,0.7881749523
0_31_76_29,0.7881749523
41_29_76_31,0.7881749523
13_29_31_76,0.7881749523
13_29_0_31_76,0.7881749523
2086_365_29_7210_31,0.7764478465
2086_365_31_7210_29,0.7764478465
7_13333,0.7744478465
8101_69270,0.7744478465
581_7981,0.7744478465
12770_1227_3277,0.7744478465
398_255,0.7744478465
7_2287,0.7744478465
31_76_45_555_13_29,0.7735948906
31_76_6_13_29,0.7735948906
29_76_6_13_31,0.7735948906
31_76_551_6_13_29,0.7725948906
12_26_6_13_31,0.7725948906
664_26_6_13_31,0.7725948906
2087_13_45_29,0.7725948906
29_111_37_31,0.7725948906
31_76_551_664_13_29,0.7725948906
31_76_555_13_29_76,0.7725948906
29_76_555_13_31,0.7725948906
12_26_6_13_29,0.7725948906
29_76_547_13_31,0.7725948906
31_111_37_29,0.7725948906
2363_13_45_29,0.7725948906
664_26_6_13_29,0.7725948906
31_76_12_13_29,0.7725948906
31_76_555_13_29,0.7725948906
547_13_45_31,0.7725948906
2087_13_45_31,0.7725948906
555_13_45_29,0.7725948906
555_13_45_31,0.7725948906
31_76_547_13_29,0.7725948906
31_76_26_45,0.7724446415
29_272_13_31,0.7689060017
29_111_13_21_26_418_6848_37_31,0.7612217912
29_2453_664_31,0.7612217912
31_2453_664_29,0.7612217912
31_111_13_21_26_418_6848_37_29,0.7612217912
111_13_21_26_418_19771,0.7592217912
46_47_48_7277_532,0.7592217912
1189_3260_3261,0.7592217912
3280_1044_3281,0.7592217912
3360_3458,0.7592217912
3464_3465,0.7592217912
11510_35248,0.7592217912
14059_13709,0.7592217912
1807_39106,0.7592217912
3448_3449,0.7592217912
111_13_21_26_418_6848,0.7592217912
1227_3277_3280_1044_3281,0.7592217912
8413_4075_26_31,0.7592217912
29_405_7430_2363,0.7592217912
133_6554_2044,0.7592217912
3467_1044_3708,0.7592217912
3360_3466,0.7592217912
3555_3556,0.7592217912
3305_3306,0.7592217912
1227_3277,0.7592217912
111_13_21_26_418_9481,0.7592217912
405_7430_2363_31,0.7592217912
607_2604_26_29,0.7592217912
607_2604_26_31,0.7592217912
3260_3261,0.7592217912
14059_13390,0.7592217912
31_76_45_664_13_29,0.7568144100
31_76_664_13_45_29,0.7568144100
29_76_45_31,0.7508742787
664_13_45_31,0.7489320571
664_13_45_29,0.7489320571
29_76_664_13_31,0.7489320571
31_76_664_13_29,0.7489320571
6_13_29_0_31,0.7489320571
26_31_13_29,0.7483226912
0_29_13_31,0.7483226912
0_31_13_29,0.7483226912
13_29_0_31,0.7483226912
7210_13_45_31_29,0.7479908806
7210_13_45_29_76_31,0.7479908806
7210_13_45_29_31,0.7479908806
7210_13_45_31_76_29,0.7479908806
13_45_29_76_31_76,0.7453448870
13_45_31_76_29_76,0.7453448870
13_45_31_76,0.7453448870
13_45_29_31_76,0.7453448870
13_45_29_76,0.7453448870
31_13_29_26,0.7453187025
31_26_29_470_2253,0.7443019917
8359_2363_13_45_31,0.7406177812
14599_13_45_29,0.7406177812
8359_2363_13_45_29,0.7406177812
29_145_31,0.7380372711
76_45_31,0.7380372711
29_365_31,0.7380372711
31_145_29,0.7380372711
1062_29_1062_45_416,0.7366177812
1062_31_1062_45_416,0.7366177812
9857_13_3918_31_2965_133_6554_2044,0.7346177812
9857_13_31_2965_133_6554_2044,0.7346177812
1062_29_1062_45_416_1837,0.7346177812
7_1044_31_2161,0.7346177812
3841_377_31,0.7346177812
1062_31_1062_45_416_1837,0.7346177812
7_1044_31_73,0.7346177812
3841_377_31_76,0.7346177812
31_76_45_555,0.7156143206
31_76_105_491,0.7156143206
29_76_105_491,0.7156143206
555_13_31_76,0.7156143206
76_45_29,0.7124332610
13_31_0_29,0.7074926259
29_13_45_111,0.7052439117
13_31_470_29,0.7042777584
26_29_470_31,0.7042777584
365_45_31_76,0.7042777584
26_31_470_29,0.7042777584
133_6554,0.7039301101
256_88,0.7039301101
2852_613,0.7039301101
3467_1044,0.7039301101
1911_2730,0.7039301101
416_1837,0.7039301101
133_398,0.7039301101
7236_623,0.7039301101
1911_2139,0.7039301101
1599_2852,0.7039301101
29_37_31_41,0.7017153182
49_45_31_76,0.6982777584
145_45_29_76,0.6982777584
61_29_470_31,0.6973365819
61_31_470_29,0.6973365819
87_45_31_76,0.6973365819
0_31_76_551_6,0.6963365819
365_31_547_29,0.6963365819
37_29_470_31,0.6963365819
13_29_555_31,0.6963365819
365_29_547_31,0.6963365819
22_664_13_31,0.6963365819
22_664_13_29,0.6963365819
551_31_6_29,0.6963365819
26_12_13_29,0.6963365819
551_29_664_31,0.6963365819
365_29_555_31,0.6963365819
551_664_13_29,0.6963365819
551_664_13_31,0.6963365819
87_29_470_31,0.6963365819
365_31_664_29,0.6963365819
37_31_470_29,0.6963365819
26_547_13_29,0.6963365819
551_29_6_31,0.6963365819
151_664_13_29,0.6943365819
551_29_2503_31,0.6943365819
491_37_45_31,0.6930103106
555_13_29_76,0.6914249560
551_664_26_6,0.6903365819
2363_13_45_31,0.6824018064
6_13_29_31,0.6824018064
29_76_31_0,0.6823447315
418_2027,0.6813261000
2138_12660,0.6813261000
749_1281,0.6813261000
7_1044,0.6813261000
2327_2434,0.6813261000
37_45_31_76,0.6786737483
29_26_45_31,0.6758537272
29_76_31,0.6758537272
31_76_29,0.6758537272
29_13_45_31,0.6758537272
31_13_29,0.6758537272
29_26_31,0.6758537272
31_0_29,0.6758537272
31_26_29,0.6758537272
31_0_31,0.6758537272
31_41_29,0.6758537272
31_13_45_29,0.6758537272
29_0_29,0.6758537272
29_49_31,0.6745928266
13_31_0_29_76,0.6739719744
13_31_29_76,0.6739719744
37_45_29_76,0.6726737483
26_29_7277_31,0.6717325719
0_29_6_31,0.6717325719
26_6_13_29,0.6717325719
26_6_13_31,0.6717325719
45_31_111_13_21,0.6707325719
45_29_111_13_21,0.6697325719
664_13_29_0,0.6696650946
664_13_31_0,0.6696650946
547_13_31_0,0.6686650946
31_76_105_551,0.6686650946
29_76_45_551,0.6686650946
664_13_29_87,0.6686650946
547_13_29_0,0.6686650946
29_76_105_551,0.6686650946
76_45_555_13,0.6686650946
555_13_29_0,0.6686650946
7210_13_45_29_76,0.6668209459
6_13_29_76,0.6668209459
7210_13_45_31_76,0.6668209459
551_2503_13_29,0.6657325719
31_76_29_0,0.6655026262
231_105_398_637,0.6637325719
76_551_6_13,0.6572919952
45_2804_13_31,0.6555065165
551_6_13_29,0.6555065165
551_6_13_31,0.6555065165
45_31_234_29,0.6555065165
21_26_418_6848_37,0.6552919952
158_22_29_76,0.6535065165
2211_365_31_26,0.6520610846
29_7277_31_26,0.6520610846
0_31_470_5334_1316_29,0.6505065165
0_29_470_5334_1316_31,0.6505065165
365_8413_4075_26_29,0.6505065165
13_45_46_47,0.6505065165
45_31_111_13_21_26_418_6848_37_29,0.6505065165
365_2028_8413_4075,0.6485065165
2211_365_29_26,0.6483721957
2086_365_29_7210,0.6412217912
111_13_21_26_418_6848_37_29,0.6412217912
2086_365_31_7210,0.6412217912
76_31_76,0.6407627613
532_3279,0.6381695036
31_76_6_13,0.6356650946
31_76_105_491_13,0.6356650946
31_76_492_13_45,0.6356650946
31_76_555_26,0.6356650946
31_76_555_13,0.6356650946
29_76_6_13,0.6356650946
31_76_12_13,0.6356650946
31_76_491_13,0.6356650946
29_76_491_13,0.6356650946
29_76_12_13,0.6356650946
31_76_664_13,0.6356650946
31_76_555_13_45,0.6356650946
31_76_12_26,0.6356650946
29_76_12_26,0.6356650946
45_29_31_76,0.6351197133
31_76_45_29,0.6323980086
45_29_111_37_31,0.6309025065
45_31_111_37_29,0.6309025065
45_9857_13_31,0.6309025065
29_37_31_76,0.6308178652
7210_13_45_29,0.6259908806
7210_13_45_31,0.6259908806
68_2086_365_31_7210_29,0.6259025065
365_2028_29_26_4337,0.6259025065
365_2028_31_26_4337,0.6259025065
68_2086_365_29_7210_31,0.6259025065
13_45_7_1044,0.6259025065
29_111_13_21_26_418_6848_37,0.6252919952
491_13_496_37,0.6252919952
2363_2187_13_45,0.6252919952
491_13_9313_26,0.6252919952
555_26_6_13,0.6252919952
365_2028_8413_4075_26_4337,0.6239025065
365_2028_8413,0.6239025065
3271_45_3491_145,0.6232919952
29_13_45_31_111_13,0.6200022611
76_29_76,0.6195360671
29_76_664_13,0.6190610846
29_37_31,0.6130372711
29_491_31,0.6107125377
555_29_76,0.6107125377
6_13_31,0.6107125377
12_13_29,0.6107125377
6_29_76,0.6107125377
29_76_664,0.6107125377
29_76_547,0.6107125377
31_76_664,0.6107125377
31_76_555,0.6107125377
664_31_470,0.6107125377
664_31_76,0.6107125377
76_29_470,0.6107125377
664_13_31,0.6107125377
6_13_29,0.6107125377
29_6_31,0.6107125377
31_491_29,0.6107125377
29_76_491,0.6107125377
12_31_76,0.6107125377
547_31_76,0.6107125377
6_31_76,0.6107125377
31_76_6,0.6107125377
492_13_29,0.6107125377
547_29_76,0.6107125377
31_6_29,0.6107125377
555_31_76,0.6107125377
12_13_31,0.6107125377
664_29_76,0.6107125377
52_29_76,0.6107125377
2363_29_76,0.6107125377
491_31_76,0.6107125377
31_76_491,0.6107125377
31_76_547,0.6107125377
0_31_76_547,0.6091566029
0_29_76_547,0.6091566029
0_31_76_555,0.6091566029
492_2363_13_45,0.6086879852
2138_1911_2139_13_45,0.6086879852
29_470_31_111,0.6074332763
111_37_31,0.6070236488
31_3150_29,0.6070236488
491_37_31,0.6070236488
29_470_664,0.6070236488
29_3150_31,0.6070236488
491_37_29,0.6070236488
7_1044_31_2168_0,0.6066879852
283_13_496_37,0.6066879852
1956_2820_87_45,0.6066879852
2163_13_29,0.6033394383
2730_13_31,0.6033394383
111_37_29,0.6033394383
26_664_13_29,0.6023716992
26_555_13_29,0.6013716992
45_6_13_29,0.6013716992
0_52_31_76,0.6013716992
29_8359_2363_31,0.5993394383
111_13_21,0.5993394383
2604_26_31,0.5993394383
491_13_418,0.5993394383
6_26_12,0.5993394383
29_7430_2363_31,0.5993394383
29_9192_31,0.5993394383
2211_365_31,0.5993394383
2211_365_29,0.5993394383
1701_31_76,0.5993394383
2253_13_29,0.5993394383
555_26_12,0.5993394383
29_470_6,0.5993394383
253_37_29,0.5993394383
492_2363_31,0.5993394383
2730_13_29,0.5993394383
637_365_29,0.5993394383
637_365_31,0.5993394383
31_8359_2363_29,0.5993394383
4075_26_29,0.5993394383
4075_26_31,0.5993394383
2604_26_29,0.5993394383
29_470_2138,0.5993394383
747_118_31,0.5993394383
2290_664_31,0.5993394383
31_26_1796,0.5993394383
47_48_7277_532,0.5983394383
14179_365_14180,0.5983394383
491_13_496,0.5983394383
29_405_7430,0.5983394383
8413_4075_26_4337,0.5983394383
2211_365_8413,0.5983394383
111_13_496,0.5983394383
1227_3421,0.5983394383
3489_3551,0.5983394383
9857_13_31_2965_133_6554,0.5983394383
3285_3286,0.5983394383
37_31_76_26,0.5965178970
37_29_76_26,0.5965178970
31_76_13,0.5954446415
29_76_45,0.5954446415
31_76_0,0.5954446415
31_76_26,0.5954446415
31_76_45,0.5954446415
29_76_26,0.5954446415
0_31_76_551,0.5945767206
365_31_76_105,0.5945767206
365_29_76_105,0.5945767206
1002_13_45_2501,0.5889301101
7209_7210,0.5879301101
31_664_29,0.5870497041
29_664_31,0.5870497041
31_470_29_111,0.5865911710
0_31_76_12,0.5865525929
31_7210_29,0.5861085276
7210_31_76,0.5861085276
31_76_12,0.5861085276
29_2503_31,0.5861085276
29_7210_31,0.5861085276
7210_29_76,0.5861085276
365_31_76_45,0.5849138870
31_76_45_551,0.5841867606
76_1002_13_45,0.5841867606
76_492_13_45,0.5841867606
26_31_76,0.5824625340
13_29_76,0.5824625340
13_31_76,0.5824625340
0_29_76,0.5824625340
45_29_76,0.5824625340
0_31_76,0.5824625340
26_29_76,0.5824625340
45_31_76,0.5824625340
76_45_547,0.5824196388
31_76_551_6_13,0.5809611745
664_13_29_41,0.5809611745
164_3271,0.5795525929
2503_31_76,0.5787354282
2139_13_29,0.5787354282
29_7277_31,0.5787354282
1956_2820,0.5769069605
13_45_7_1044_31,0.5765295940
29_31_76,0.5764577372
26_45_31_76,0.5752280305
7210_29_2086,0.5747354282
31_26_14059,0.5747354282
1138_365_45_7_1044_31,0.5747354282
496_37_29,0.5747354282
496_37_31,0.5747354282
7277_13_29,0.5747354282
1062_45_416,0.5747354282
29_470_2253,0.5747354282
3918_31_76,0.5747354282
70199_31_76,0.5747354282
2820_87_45_7_1044_31,0.5747354282
111_13_21_26_418,0.5747354282
34062_31_76,0.5747354282
29_26_14059,0.5747354282
7210_31_2086,0.5747354282
9857_13_3918_31_2965_133_6554,0.5737354282
7222_49_2503_13_300_2327_2434,0.5737354282
2028_26_1911,0.5737354282
1044_31_2161,0.5737354282
1044_31_73,0.5737354282
1062_3698_13_8836_1287_14370_111_25534_3574_10278,0.5737354282
29981_7222_49_2503_13_300_2327_2434,0.5737354282
8836_1287_14370_111_25534_3574,0.5737354282
2503_13_300_2327,0.5737354282
9857_13_3918,0.5737354282
1278_3918_31,0.5737354282
283_13_496,0.5737354282
39609_34329,0.5737354282
29_76_26_45,0.5736645646
2199_158,0.5735025501
31_111_13_21_26_418_6848_37_29_41,0.5715880751
45_31_41_46,0.5685416339
398_637,0.5653261000
6_13_31_0,0.5651190693
6_13_29_26,0.5651190693
29_0_31_76,0.5648174370
31_0_29_76,0.5648174370
0_29_76_547_13,0.5615767206
0_31_76_6_13,0.5615767206
26_418_6848_37,0.5565767206
1062_31_1062_45,0.5557459699
1062_29_1062_45,0.5557459699
31_470_29_111_13,0.5549611745
29_470_31_111_13,0.5549611745
45_29_41_45,0.5526655033
45_31_41_45,0.5526655033
13_45_29_26,0.5526655033
1124_118_45_29_2122,0.5526392818
31_29_76,0.5518537272
29_0_31,0.5518537272
29_13_31,0.5518537272
0_93_164_3271,0.5506392818
29_13_31_26,0.5502658983
31_49_29,0.5495928266
152_365_31_76,0.5488732139
13_45_31_29,0.5476102729
13_45_29_31,0.5476102729
13_31_29,0.5476102729
13_29_31,0.5476102729
2028_31_26_4337,0.5458732139
2820_87_45_31,0.5458732139
1138_365_45_31,0.5458732139
76_84_43_643,0.5458732139
52_31_76_133,0.5458732139
664_13_45_81,0.5458732139
45_31_283_13,0.5449727105
0_31_76_547_13,0.5449727105
45_29_283_13,0.5449727105
45_29_111_13,0.5449727105
2028_8413_4075,0.5438732139
2309_496_111,0.5438732139
1633_2189_1278,0.5438732139
46_47_48,0.5438732139
46_47_2605,0.5438732139
46_47_2743,0.5438732139
5881_33158_23651,0.5438732139
46_311,0.5438732139
46_47,0.5438732139
14300_2849,0.5438732139
12403_4955,0.5438732139
7291_59,0.5438732139
6449_1144,0.5438732139
1099_6948,0.5438732139
421_267,0.5438732139
1841_1854,0.5438732139
496_2310,0.5438732139
577_1285,0.5438732139
2242_1057,0.5438732139
1220_75,0.5438732139
652_4846,0.5438732139
908_3288,0.5438732139
7215_7216,0.5438732139
1025_4935,0.5438732139
2569_5165,0.5438732139
1871_1866,0.5438732139
3000_3001,0.5438732139
3002_1599,0.5438732139
887_1023,0.5438732139
2138_1911,0.5438732139
1702_5053,0.5438732139
1313_9275,0.5438732139
1628_1370,0.5438732139
1313_7770,0.5438732139
2462_1523,0.5438732139
5345_2409,0.5438732139
7926_7590,0.5438732139
3589_3590,0.5438732139
2881_851,0.5438732139
435_34106,0.5438732139
3833_4985,0.5438732139
1796_39543,0.5438732139
1796_7647,0.5438732139
435_34069,0.5438732139
1796_19937,0.5438732139
2309_172,0.5438732139
592_593,0.5438732139
932_111,0.5438732139
13744_614,0.5438732139
11375_4985,0.5438732139
517_590,0.5438732139
517_6848,0.5438732139
2641_3224,0.5438732139
517_5059,0.5438732139
11257_8359,0.5438732139
33158_23651,0.5438732139
3681_16505,0.5438732139
2087_1278,0.5438732139
2363_2187,0.5438732139
1970_1971,0.5438732139
3681_16564,0.5438732139
1816_492,0.5438732139
2087_2860,0.5438732139
848_8773,0.5438732139
848_10481,0.5438732139
10334_13089,0.5438732139
1807_41066,0.5438732139
2289_2287,0.5438732139
2189_1278,0.5438732139
3860_6159,0.5438732139
1370_461,0.5438732139
1470_3511,0.5438732139
2357_62377,0.5438732139
634_5386,0.5438732139
81_10029,0.5438732139
484_1881,0.5438732139
634_417,0.5438732139
7_2301,0.5438732139
3300_377_2116,0.5438732139
896_3423,0.5438732139
2852_2860,0.5438732139
607_13138,0.5438732139
21_5059,0.5438732139
260_75,0.5438732139
5334_1316,0.5438732139
642_580,0.5438732139
8359_10208,0.5438732139
7608_2163,0.5438732139
4274_11562,0.5438732139
365_2028_29_26,0.5429727105
365_2028_31_26,0.5429727105
45_416_1837_13,0.5399727105
45_31_29_76,0.5383757694
26_29_13_31,0.5383757694
31_76_41,0.5320001971
61_31_76_45,0.5304147275
41_31_76,0.5290180896
1124_118_45_31_2122,0.5280352718
2138_1911_2139_13_31,0.5210431485
664_26_2138_1911,0.5210431485
2138_1911_2139_13_29,0.5210431485
31_41_46_47,0.5210431485
31_76_45_555_13,0.5196650946
31_76_492_13,0.5196650946
31_76_547_13,0.5196650946
1002_13_45_218,0.5194835840
3300_377_2116_3301,0.5190431485
576_2852_2853,0.5190431485
7567_334_1974,0.5190431485
2138_7172_2139,0.5190431485
470_5334_1316,0.5190431485
2163_13_15497,0.5190431485
2642_194_2643,0.5190431485
577_1285_14737,0.5190431485
10647_11609,0.5190431485
3289_3290,0.5190431485
3608_3609,0.5190431485
3427_3428,0.5190431485
2884_2885,0.5190431485
2881_2906,0.5190431485
2779_2796,0.5190431485
2108_2109,0.5190431485
35423_35424,0.5190431485
3497_3466,0.5190431485
1976_1887,0.5190431485
3686_1585,0.5190431485
14316_30259,0.5190431485
2825_1909,0.5190431485
3258_3259,0.5190431485
81_82,0.5190431485
81_7345,0.5190431485
12_26_2138_1911_2139,0.5190431485
3280_1044_3281_3368_3369,0.5190431485
8413_4075_26_29,0.5190431485
491_13_498_8773,0.5190431485
12_26_2138_1911,0.5190431485
7277_532_7278,0.5190431485
2138_2209_2139,0.5190431485
3461_484_3259,0.5190431485
2138_9432_2139,0.5190431485
1911_663_664,0.5190431485
421_6107_7908,0.5190431485
1970_1971_1972,0.5190431485
421_663_664,0.5190431485
634_5386_417,0.5190431485
2871_2910,0.5190431485
5881_33158,0.5190431485
3846_3944,0.5190431485
3631_1989,0.5190431485
3501_1576,0.5190431485
3302_3290,0.5190431485
3308_3309,0.5190431485
2126_4748,0.5190431485
3260_4198,0.5190431485
3519_3594,0.5190431485
3575_3576,0.5190431485
3605_3606,0.5190431485
1961_1962,0.5190431485
2970_6093,0.5190431485
4989_590,0.5190431485
3804_3805,0.5190431485
2642_194,0.5190431485
3592_9578,0.5190431485
3592_3593,0.5190431485
21347_7024,0.5190431485
634_644,0.5190431485
0_29_76_551,0.5187290429
26_29_13_45,0.5176655033
664_26_6_13,0.5169762058
0_29_76_664,0.5141917202
37_45_29_111,0.5141917202
13_29_76_233,0.5141917202
0_31_76_6,0.5141917202
0_31_76_664,0.5141917202
365_29_664_31,0.5141917202
26_29_6_31,0.5137856500
45_555_13_29,0.5127856500
31_111_13_21_26_418_6848_37,0.5112919952
76_664_13_29,0.5101583382
29_470_31_26,0.5091633607
0_0_0_0_0_0_0_0,0.5072635985
0_0_0_0_0_0,0.5072635985
29_76_41,0.5071113082
26_29_76_45,0.5045988881
26_31_76_45,0.5045988881
31_76_664_13_45,0.5040022611
31_76_45_664_13,0.5040022611
0_31_76_664_13,0.5032468568
29_76_105,0.5015474476
29_555_31_26,0.5002810077
61_29_76,0.4995653401
31_76_68,0.4966062711
29_76_68,0.4956650946
29_76_145,0.4956650946
31_76_145,0.4956650946
31_76_22,0.4956650946
31_76_49,0.4956650946
68_31_76,0.4955653401
41_29_76,0.4951880242
29_76_551_664_13,0.4946650946
664_31_26,0.4946650946
29_491_13,0.4946650946
664_29_26,0.4946650946
29_547_26,0.4946650946
76_664_13,0.4946650946
555_31_26,0.4946650946
31_491_13,0.4946650946
29_76_43,0.4946650946
29_76_49,0.4946650946
29_76_551,0.4946650946
29_555_26,0.4946650946
31_547_26,0.4946650946
31_76_93,0.4946650946
31_76_551,0.4946650946
6_31_26,0.4946650946
29_111_13,0.4946650946
31_111_13,0.4946650946
29_76_22,0.4946650946
31_76_43,0.4946650946
68_29_76,0.4946241636
145_31_76,0.4946241636
49_31_76,0.4946241636
37_31_76,0.4946241636
22_31_76,0.4946241636
37_29_76,0.4946241636
45_31_470,0.4946241636
365_29_76,0.4946241636
31_37_29,0.4939174519
45_664_13_31,0.4937268265
45_664_13_29,0.4937268265
26_6_29,0.4936241636
45_416_29,0.4936241636
145_29_470,0.4936241636
41_31_470,0.4936241636
118_31_470,0.4936241636
45_29_41_46,0.4936241636
26_31_470,0.4936241636
13_29_470,0.4936241636
13_31_470,0.4936241636
199_31_76,0.4936241636
45_29_470,0.4936241636
45_29_405,0.4936241636
45_29_7210,0.4936241636
0_31_470,0.4936241636
26_6_31,0.4936241636
26_29_470,0.4936241636
45_31_7210,0.4936241636
0_29_470,0.4936241636
87_29_76,0.4936241636
49_29_76,0.4936241636
22_29_76,0.4936241636
41_29_470,0.4936241636
118_29_76,0.4936241636
45_31_654,0.4936241636
87_45_29_111,0.4933496149
45_29_144,0.4916241636
365_29_555,0.4916241636
45_29_654,0.4916241636
45_29_253,0.4916241636
377_31_76,0.4916241636
76_555_26,0.4909762058
31_76_492,0.4887125377
881_45_29,0.4887125377
547_13_29,0.4887125377
29_76_12,0.4887125377
555_13_31,0.4887125377
31_547_29,0.4887125377
29_547_31,0.4887125377
555_13_29,0.4887125377
881_45_31,0.4887125377
547_13_31,0.4887125377
45_29_1396,0.4886241636
45_31_1396,0.4886241636
551_29_6,0.4886241636
551_31_6,0.4886241636
76_547_26,0.4882919952
13390_26,0.4877986300
0_1773_14178_519,0.4876241636
12_13_45_2163_13,0.4874835840
31_76_61,0.4858846140
13_29_26_45,0.4849396496
492_2363_13,0.4842919952
76_2087_13,0.4842919952
52_664_13,0.4842919952
416_664_13,0.4842919952
31_2168_0,0.4842919952
76_2371_13,0.4842919952
29_76_61,0.4839434376
2211_365_8413_4075_26,0.4832919952
21_26_418_19771_0,0.4832919952
12_26_6,0.4793394383
664_26_6,0.4793394383
555_26_6,0.4793394383
21_26_418_6848,0.4793394383
29_13_45_111_13,0.4792526734
87_31_470_29,0.4781579392
49_29_470_31,0.4781579392
49_31_470_29,0.4781579392
87_45_29_76,0.4781579392
365_29_470_31,0.4781579392
365_31_470_29,0.4781579392
7210_29_41,0.4780610846
29_664_26,0.4780610846
2503_31_26,0.4780610846
7210_31_41,0.4780610846
26_1745_365_29,0.4771579392
0_0_0_0,0.4755377448
7210_29_61,0.4743721957
7210_31_61,0.4743721957
43_44_49_29,0.4741579392
6_13_29_0,0.4729611745
218_4314,0.4721579392
377_2116,0.4721579392
504_1418,0.4721579392
2391_5420,0.4721579392
1186_2117,0.4721579392
1167_1418,0.4721579392
349_2263,0.4721579392
31_283_13,0.4716879852
29_283_13,0.4716879852
45_31_26_45,0.4705409832
13_31_26_45,0.4705409832
45_29_76_31_76,0.4703824168
13_29_76_31,0.4703824168
13_45_29_76_31,0.4703824168
45_31_76_29_76,0.4703824168
13_31_76_29,0.4703824168
0_0_29_76,0.4703824168
26_45_29_76,0.4703824168
13_45_31_76_29,0.4703824168
0_0_31_76,0.4703824168
145_29_76,0.4690201536
13_29_555,0.4690201536
13_664_31,0.4690201536
118_31_76,0.4690201536
87_45_31_41,0.4677094858
70199_31_26,0.4676879852
7277_31_26,0.4676879852
45_29_111_13_21_26_418,0.4670201536
551_664_31,0.4670201536
13_3918_31,0.4670201536
45_31_111_13_21_26_418,0.4670201536
2122_13_45_1186_211_2211_365,0.4666879852
22_664_13_45,0.4657683093
68_1002_13_45,0.4657683093
87_45_31_111_13,0.4657683093
45_551_664_13,0.4657683093
26_45_139_13,0.4657683093
87_45_29_111_13,0.4657683093
45_2087_13_45,0.4657683093
26_492_13_45,0.4657683093
664_13_29,0.4641085276
2503_13_29,0.4641085276
365_45_7_1044_31_2168,0.4640201536
87_45_7_1044_31_73,0.4640201536
0_7_1044_31,0.4640201536
87_45_7_1044,0.4640201536
26_45_7_1044,0.4640201536
365_2028_29,0.4640201536
45_9857_13_3918_31,0.4640201536
45_7_1044_31,0.4640201536
365_70199_31,0.4640201536
0_31_8101,0.4640201536
37_29_405,0.4640201536
365_2503_31,0.4640201536
365_2028_31,0.4640201536
68_105_580_13_45,0.4637683093
22_105_580_13_45,0.4637683093
231_1002_13_45,0.4637683093
26_551_6_13,0.4637683093
87_45_139_13,0.4637683093
44_37_45_31,0.4633768544
377_9536,0.4632742499
365_105_3393_27594,0.4630201536
3841_377,0.4625025501
45_31_111_37,0.4619727105
75_37_45_31,0.4606926439
4337_1807,0.4556926439
460_461,0.4556926439
1138_365_45_7,0.4556926439
3285_3286_3305,0.4556926439
46_47_97,0.4556926439
3489_3551_3447,0.4556926439
46_1162,0.4556926439
44_16193,0.4556926439
5386_417,0.4556926439
2852_2853,0.4556926439
1004_989,0.4556926439
1766_1936,0.4556926439
576_577,0.4556926439
1147_1168,0.4556926439
421_6107,0.4556926439
621_491,0.4556926439
3461_484,0.4556926439
623_2545,0.4556926439
1303_17893,0.4556926439
652_133,0.4556926439
1911_1936,0.4556926439
2209_2139,0.4556926439
1029_461,0.4556926439
5163_5164,0.4556926439
4475_1300,0.4556926439
2209_492,0.4556926439
3006_654,0.4556926439
416_7984,0.4556926439
6107_7908,0.4556926439
418_19771,0.4556926439
664_13744,0.4556926439
416_6923,0.4556926439
416_10006,0.4556926439
2396_881,0.4556926439
133_6449,0.4556926439
461_3717,0.4556926439
133_23041,0.4556926439
2138_9432,0.4556926439
2138_2209,0.4556926439
7277_532,0.4556926439
7136_111,0.4556926439
674_1300,0.4556926439
2309_139,0.4556926439
2309_496,0.4556926439
14386_7101,0.4556926439
66_491,0.4556926439
6700_654,0.4556926439
532_7278,0.4556926439
283_2852,0.4556926439
330_275,0.4556926439
244_270,0.4556926439
2363_2585,0.4556926439
1971_1972,0.4556926439
7868_496,0.4556926439
1816_2730,0.4556926439
1048_461,0.4556926439
1045_4582,0.4556926439
954_270,0.4556926439
38_5269,0.4556926439
1905_7236,0.4556926439
3331_1766,0.4556926439
2189_1147,0.4556926439
2189_3252,0.4556926439
1281_1842,0.4556926439
46_47_48_7277,0.4556926439
46_47_303,0.4556926439
46_3148,0.4556926439
1845_1300,0.4556926439
1147_2909,0.4556926439
9528_133,0.4556926439
418_9481,0.4556926439
417_635,0.4556926439
3280_1044,0.4556926439
418_5679,0.4556926439
11505_139,0.4556926439
2138_7172,0.4556926439
2028_8413,0.4556926439
977_144,0.4556926439
2308_139,0.4556926439
5366_461,0.4556926439
171_139,0.4556926439
1972_623,0.4556926439
1043_2313,0.4556926439
2910_2936,0.4556926439
0_0_789_68,0.4553664046
0_43_68_105,0.4553664046
0_43_68_45,0.4553664046
0_43_231_45,0.4553664046
37_45_29_41,0.4551054758
37_45_31_41,0.4551054758
7_1044_31_2168,0.4547354282
45_31_41_46_47,0.4523278739
29_0_0,0.4516362303
31_61_45,0.4516362303
29_0_41,0.4516362303
31_26_105,0.4516362303
29_41_45,0.4516362303
31_0_41,0.4516362303
31_41_45,0.4516362303
29_61_45,0.4516362303
0_43_68_348,0.4513664046
158_22_31_76,0.4513278739
145_45_416_38,0.4493278739
41_45_46_47,0.4493278739
13_45_81_82,0.4493278739
61_45_81_82,0.4493278739
41_45_81_82,0.4493278739
45_31_76_84_43_44,0.4493278739
105_106_13_29,0.4493278739
13_45_31_111_13,0.4491642993
234_2087_2860_29,0.4473278739
41_45_81_293,0.4473278739
0_31_470_5334_1316_29_20306,0.4473278739
0_29_470_5334_1316_31_20306,0.4473278739
41_46_47_97,0.4473278739
41_46_47_303,0.4473278739
105_254_13_954,0.4473278739
105_255_13_21,0.4473278739
13_45_81_293,0.4473278739
45_673_13_45,0.4471642993
0_31_76_555_13,0.4455767206
45_29_111_13_21_26_418_6848_37,0.4425767206
29_0_45,0.4395102912
31_0_45,0.4395102912
31_0_0,0.4395102912
12_13_45_2163,0.4388732139
61_45_29,0.4387652339
41_45_31,0.4387652339
41_45_29,0.4387652339
61_45_31,0.4387652339
0_0_29,0.4387652339
243_270,0.4378732139
2138_1911_2139,0.4378732139
592_2368,0.4378732139
498_8773,0.4378732139
365_29_76_45,0.4360388606
45_31_76_29,0.4335301557
45_29_76_31,0.4335301557
37_45_139_13,0.4327683093
13_45_2163_13,0.4327683093
105_491_37_45,0.4327683093
0_43_68_2086,0.4326392818
13_29_470_31,0.4325468475
13_45_552_13,0.4307683093
22_350_13_45,0.4307683093
37_45_673_13_45,0.4307683093
41_45_2313_13,0.4307683093
105_580_13_45,0.4307683093
118_45_2163_13,0.4297683093
551_12_26_6_13,0.4297683093
0_43_68_2086_61,0.4297683093
68_2086_365_45,0.4297683093
231_105_491_13,0.4297683093
43_68_2086_365,0.4297683093
45_31_111_13,0.4289727105
45_29_111_37,0.4289727105
164_3271_45_3419_145,0.4277683093
145_1147_158_22,0.4277683093
31_470_29_26,0.4236850266
29_76_233_68,0.4232054062
31_76_233_68,0.4232054062
2116_3553,0.4199908609
81_2520,0.4199908609
7291_39539,0.4199908609
81_20396,0.4199908609
84_43_68_105,0.4193664046
0_93_164_348,0.4193664046
31_76_233_649,0.4188323068
0_0_31,0.4179129728
0_45_29,0.4179129728
0_45_31,0.4179129728
26_45_29,0.4179129728
45_492_13_45,0.4162805508
26_555_13_45,0.4162805508
13_45_111_13,0.4162805508
26_2087_13_45,0.4162805508
45_555_13_45,0.4162805508
37_45_29_111_13,0.4161642993
551_29_13_45,0.4161642993
37_45_31_111_13,0.4161642993
13_45_139_13,0.4161642993
45_664_13_45,0.4161642993
551_664_13_45,0.4161642993
1911_492_13_45,0.4158323068
29_76_233_649,0.4158323068
76_45_664_13,0.4158026737
664_13_29_26,0.4158026737
45_81_2520_0,0.4145767206
1073_478,0.4138323068
3076_724,0.4138323068
13_29_37_45,0.4134484215
551_7210_13_45,0.4131642993
22_350_13_105,0.4131642993
0_45_606_68,0.4131642993
45_8359_2363_13_45,0.4131642993
81_293,0.4130431485
0_29_76_45,0.4120855758
45_31_76_26,0.4120855758
45_31_76_45,0.4120855758
13_31_76_45,0.4120855758
13_31_76_26,0.4120855758
13_29_76_45,0.4120855758
13_29_76_26,0.4120855758
0_31_76_45,0.4120855758
26_29_76_26,0.4120855758
45_29_76_26,0.4120855758
231_105_398_637_365,0.4111642993
164_3271_45_3491_145,0.4111642993
13_29_76_41,0.4066411313
37_45_31_76_26,0.4063796221
37_45_31_111,0.4051917202
31_87_29,0.4045338950
31_1062_29,0.4035338950
31_1911_29,0.4035338950
1027_45_29,0.4035338950
1168_31_76,0.4035338950
31_12_29,0.4035338950
29_234_31,0.4035338950
29_52_31,0.4035338950
2087_13_31,0.4035338950
29_76_6,0.4035338950
2363_13_29,0.4035338950
29_555_31,0.4035338950
1168_29_76,0.4035338950
29_1911_31,0.4035338950
31_76_1002,0.4035338950
31_76_133,0.4035338950
31_76_46,0.4035338950
29_12_31,0.4035338950
31_41_46,0.4035338950
29_1140_31,0.4035338950
29_519_31,0.4035338950
31_555_29,0.4035338950
31_234_29,0.4035338950
31_519_29,0.4035338950
29_76_1168,0.4035338950
29_76_133,0.4035338950
31_52_29,0.4035338950
31_1140_29,0.4035338950
2363_31_76,0.4035338950
52_31_76,0.4035338950
492_13_31,0.4035338950
31_76_2138,0.4018450061
2087_13_29,0.4018450061
45_7210_13_45,0.4004384456
26_12_13_45,0.4004384456
45_8359_2363_13,0.3989727105
31_76_84_93,0.3988323068
29_76_84_93,0.3988323068
1911_2139_13_45,0.3988323068
491_13_2313_37,0.3988323068
68_1138_365_45,0.3984384456
1180_45_29,0.3981607956
29_76_896,0.3981607956
29_76_2277,0.3981607956
519_31_76,0.3981607956
31_2545_29,0.3981607956
104_45_31,0.3981607956
1180_45_31,0.3981607956
31_76_2277,0.3981607956
551_8359_2363_13,0.3979727105
365_31_76_233,0.3969191367
491_13_9313_37,0.3968323068
643_312_49,0.3968323068
14386_7101_118,0.3968323068
1804_26_1864_365,0.3968323068
1281_1842_145_65,0.3968323068
9476_8359_13,0.3968323068
6948_61_31,0.3961607956
6948_61_29,0.3961607956
29_26_1796,0.3961607956
5595_365_29,0.3961607956
2739_365_29,0.3961607956
1027_365_31,0.3961607956
1027_365_29,0.3961607956
2413_31_76,0.3961607956
2313_37_31,0.3961607956
76_233_11,0.3961607956
31_2453_664,0.3961607956
664_26_2138,0.3961607956
29_26_4337,0.3961607956
5963_49_31,0.3961607956
1804_365_31,0.3961607956
4486_13_29,0.3961607956
643_145_31,0.3961607956
2002_365_29,0.3961607956
2086_365_29,0.3961607956
4656_365_29,0.3961607956
106_13_29,0.3961607956
670_199_31,0.3961607956
519_29_76,0.3961607956
2804_13_31,0.3961607956
75_37_31,0.3961607956
31_68_1027,0.3961607956
31_41_73177,0.3961607956
44_234_31,0.3961607956
1911_2139_13_31,0.3961607956
29_41_46_47,0.3961607956
104_31_76,0.3961607956
31_470_416,0.3961607956
5595_365_31,0.3961607956
86_87_31,0.3961607956
152_365_29,0.3961607956
12_26_2138,0.3961607956
2617_365_31,0.3961607956
2617_365_29,0.3961607956
11_45_416,0.3961607956
643_49_31,0.3961607956
1745_365_31,0.3961607956
1745_365_29,0.3961607956
31_1133_29,0.3961607956
2501_13_31,0.3961607956
29_68_1027,0.3961607956
2501_13_29,0.3961607956
3211_13_29,0.3961607956
4486_13_31,0.3961607956
29_26_1807,0.3961607956
1365_365_29,0.3961607956
5963_49_29,0.3961607956
1365_365_31,0.3961607956
29_470_416,0.3961607956
29_76_5561,0.3961607956
2086_365_31,0.3961607956
1701_29_76,0.3961607956
209_365_31,0.3961607956
7612_664_31,0.3961607956
4656_365_31,0.3961607956
670_199_29,0.3961607956
106_13_31,0.3961607956
44_49_31,0.3961607956
44_49_29,0.3961607956
6848_37_31,0.3961607956
6848_37_29,0.3961607956
2804_13_29,0.3961607956
31_26_1807,0.3961607956
2503_13_46,0.3961607956
75_37_29,0.3961607956
29_1133_31,0.3961607956
44_234_29,0.3961607956
1864_365_31,0.3961607956
2313_37_29,0.3961607956
31_26_4337,0.3961607956
3439_3440,0.3951607956
470_5334_1316_31_20306,0.3951607956
31_470_5334_1316_29,0.3951607956
1023_22_664,0.3951607956
3271_45_3419,0.3951607956
2163_13_2416,0.3951607956
1804_26_1864,0.3951607956
519_31_32,0.3951607956
519_31_749,0.3951607956
491_13_498,0.3951607956
519_29_749,0.3951607956
139_13_542,0.3951607956
3509_3510,0.3951607956
3462_3463,0.3951607956
1359_3446,0.3951607956
3424_3432,0.3951607956
3298_3299,0.3951607956
3455_3456,0.3951607956
3459_3460,0.3951607956
3495_3496,0.3951607956
3595_3596,0.3951607956
3704_3705,0.3951607956
470_5334_1316_29_20306,0.3951607956
29_470_5334_1316_31,0.3951607956
21_26_418_9481,0.3951607956
1062_29_1062,0.3951607956
7275_881_12956,0.3951607956
12_26_2413,0.3951607956
254_13_954,0.3951607956
2138_13_3110,0.3951607956
3451_3452_3453,0.3951607956
8359_13_7022,0.3951607956
8359_13_405,0.3951607956
111_13_7014,0.3951607956
3589_3590_3591,0.3951607956
255_13_21,0.3951607956
1062_31_1062,0.3951607956
491_13_7252,0.3951607956
491_13_9313,0.3951607956
519_29_32,0.3951607956
491_13_682,0.3951607956
491_13_3143,0.3951607956
253_13_1046,0.3951607956
3507_3508,0.3951607956
3368_3369,0.3951607956
3557_3558,0.3951607956
13831_13832,0.3951607956
3282_3283,0.3951607956
3522_3920,0.3951607956
3586_3587,0.3951607956
3293_3294,0.3951607956
3442_3443,0.3951607956
3706_3707,0.3951607956
1461_13_6918,0.3951607956
3437_3438,0.3951607956
118_45_31_2122,0.3939191367
291_3887,0.3919191367
132_4314,0.3919191367
218_1299,0.3919191367
218_690,0.3919191367
213_9942,0.3919191367
213_4881,0.3919191367
23_1858,0.3919191367
1186_1834,0.3919191367
132_1099,0.3919191367
504_4295,0.3919191367
105_2396,0.3919191367
672_3,0.3919191367
65_243,0.3919191367
13_15497,0.3919191367
739_1858,0.3919191367
89_275,0.3919191367
49_29_37_45,0.3902805508
0_0_0_0_0_0_0,0.3902635985
13_31_76_105,0.3897522424
29_26_105,0.3881917859
87_45_29_111_13_21,0.3879054748
87_45_31_111_13_21,0.3879054748
13_496_37_31,0.3879054748
68_2086_365_29,0.3869054748
68_2086_365_31,0.3869054748
31_76_105,0.3844886241
76_29_0,0.3826477867
29_68_45,0.3809069070
31_26_68,0.3809069070
31_68_45,0.3809069070
31_76_551_664_13,0.3786650946
145_45_31,0.3770947341
68_45_29,0.3770947341
1124_118_45_29,0.3756743991
13_45_31_41,0.3756655033
13_29_0,0.3756655033
13_31_41,0.3756655033
13_45_29_0,0.3756655033
13_29_26,0.3756655033
45_29_61,0.3756655033
26_29_26,0.3756655033
61_31_26,0.3756655033
13_45_29_41,0.3756655033
13_29_41,0.3756655033
26_31_41,0.3756655033
0_29_26,0.3756655033
41_29_26,0.3756655033
26_29_41,0.3756655033
45_31_61,0.3756655033
0_29_76_105,0.3751911829
0_31_76_105,0.3747522424
61_31_76,0.3745653401
365_31_76,0.3735653401
0_87_45_31,0.3728495474
0_87_45_29,0.3728495474
45_29_111,0.3716241636
61_31_470,0.3716241636
45_31_111,0.3716241636
61_29_470,0.3716241636
49_29_470,0.3716241636
365_29_470,0.3716241636
26_664_13_45,0.3712892729
26_6_13_45,0.3712892729
26_551_664_13,0.3712892729
0_41_45,0.3712635985
0_0_0,0.3712635985
0_0_45,0.3712635985
26_41_45,0.3712635985
551_29_664,0.3706241636
13_29_76_68,0.3691911829
365_31_76_26,0.3691911829
105_244_270_41,0.3671170321
105_11005_491_37,0.3671170321
13_45_1186_211,0.3664606391
31_76_551_6,0.3659082284
13_45_31_26,0.3642668370
0_31_26,0.3642668370
13_45_31_0,0.3642668370
45_29_13_45,0.3642668370
26_31_26,0.3642668370
45_29_26,0.3642668370
2122_13_45_1186_211,0.3639953437
76_26_45,0.3633028970
31_41_105,0.3633028970
31_145_45,0.3633028970
29_145_45,0.3626802128
31_22_45,0.3626802128
29_26_68,0.3626802128
31_118_45,0.3626802128
76_84_43_44,0.3622240179
13_29_76_105,0.3621911829
9476_8359,0.3602240179
76_84_93_44,0.3602240179
48_7277,0.3602240179
576_2852,0.3602240179
7209_8359,0.3602240179
11021_46,0.3602240179
49_45_31,0.3588680400
145_45_29,0.3588680400
76_26_105,0.3558566834
31_0_43,0.3558566834
31_26_65,0.3558566834
31_68_105,0.3558566834
87_45_29,0.3549268635
12_13_45,0.3548566834
76_41_105,0.3548566834
29_26_65,0.3548566834
31_231_45,0.3548566834
555_13_45,0.3548566834
2363_13_45,0.3548566834
233_68_45,0.3548566834
29_22_105,0.3548566834
491_41_45,0.3548566834
29_231_105,0.3548566834
31_22_105,0.3548566834
41_45_46,0.3539268635
365_551_29,0.3539268635
0_0_52,0.3539268635
13_45_133,0.3539268635
13_45_111,0.3539268635
13_45_46,0.3539268635
13_45_81,0.3539268635
13_45_1300,0.3539268635
41_45_416,0.3539268635
13_551_29,0.3539268635
26_551_29,0.3539268635
61_45_46,0.3539268635
45_551_29,0.3539268635
26_45_416,0.3539268635
26_551_31,0.3539268635
45_7210_13_45_29,0.3539083709
45_7210_13_45_31,0.3539083709
46_29470,0.3538102909
46_9096,0.3538102909
46_14263,0.3538102909
26_45_81,0.3529268635
260_111,0.3526926439
421_663,0.3526926439
491_6874,0.3526926439
1911_663,0.3526926439
418_6848,0.3526926439
643_312,0.3526926439
11005_491,0.3526926439
1633_2189,0.3526926439
22_45_46,0.3519268635
13_45_576,0.3519268635
145_45_416,0.3519268635
22_45_416,0.3519268635
0_45_1766,0.3519268635
13_45_1004,0.3519268635
41_45_1766,0.3519268635
41_45_81,0.3519268635
365_45_31,0.3514907241
365_45_29,0.3514907241
8359_13_45,0.3511677945
13_45_2163,0.3509268635
13_45_283,0.3509268635
13_45_1917,0.3509268635
0_41_657,0.3509268635
41_45_2462,0.3509268635
0_41_1671,0.3509268635
41_45_2760,0.3509268635
41_45_1004,0.3509268635
199_45_1300,0.3509268635
61_45_81,0.3509268635
145_105_46,0.3509268635
0_41_745,0.3509268635
497_61_29,0.3509268635
13_45_8832,0.3509268635
22_105_1076,0.3499268635
164_355_718,0.3499268635
365_105_3393,0.3499268635
93_164_747,0.3499268635
37_45_31_76_84,0.3497683093
76_151_45,0.3484835840
350_13_45,0.3484835840
236_37_45,0.3464835840
7890_13_45,0.3464835840
793_61_45,0.3464835840
1023_118_45,0.3464835840
9313_37_45,0.3464835840
253_37_45,0.3464835840
192_37_45,0.3464835840
152_61_45,0.3464835840
747_118_45,0.3464835840
233_68_105,0.3464835840
270_87_45,0.3464835840
2371_13_45,0.3464835840
1909_61_45,0.3464835840
2163_13_45,0.3464835840
14599_13_45,0.3464835840
1098_61_45,0.3464835840
2027_13_45,0.3464835840
29_22_45,0.3450762028
29_41_105,0.3450762028
551_29_2503,0.3440201536
29_118_45,0.3431350263
84_43_44_49_29,0.3416305737
84_43_44_234_29,0.3416305737
416_1837_13_45,0.3408408050
461_1707,0.3389840381
3024_1924,0.3389840381
2081_1924,0.3389840381
4580_2300,0.3389840381
4766_231,0.3389840381
7567_334,0.3389840381
4881_87,0.3389840381
12947_478,0.3389840381
3065_213,0.3389840381
1956_2820_87,0.3388408050
6_13_45,0.3382526734
76_41_65,0.3382526734
547_13_45,0.3382526734
76_26_551,0.3382526734
76_26_68,0.3382526734
7210_13_45,0.3382526734
111_13_45,0.3382526734
664_13_45,0.3382526734
29_76_547_13,0.3352139044
118_45_29,0.3332640299
22_45_29,0.3332640299
22_45_31,0.3332640299
118_45_31,0.3332640299
49_45_29,0.3332640299
496_37_45,0.3298795740
2086_365_45,0.3298795740
6987_365_45,0.3298795740
336_37_45,0.3298795740
2086_61_45,0.3298795740
1138_365_45,0.3298795740
73_26_45,0.3298795740
1837_13_45,0.3298795740
13_45_418,0.3293228535
13_45_416,0.3293228535
13_45_139,0.3293228535
26_45_46,0.3293228535
199_45_29,0.3293228535
13_45_7,0.3293228535
37_45_29_26,0.3289438312
37_45_31_26,0.3289438312
2820_87_45,0.3288795740
22_29_470,0.3274455209
118_29_470,0.3274455209
13_29_749,0.3274455209
145_31_470,0.3274455209
13_31_749,0.3274455209
0_29_52,0.3274455209
87_31_76,0.3274455209
87_29_470,0.3274455209
0_52_31,0.3274455209
0_31_1062,0.3274455209
0_31_52,0.3274455209
0_31_225,0.3274455209
37_29_470,0.3274455209
365_31_664,0.3274455209
22_31_470,0.3274455209
234_31_76,0.3274455209
234_29_76,0.3274455209
45_31_975,0.3274455209
13_31_975,0.3264455209
13_31_2965,0.3264455209
0_29_225,0.3264455209
45_29_1140,0.3264455209
365_29_547,0.3264455209
45_31_253,0.3264455209
13_29_975,0.3264455209
0_29_1062,0.3264455209
0_29_2965,0.3264455209
0_31_2965,0.3264455209
365_31_547,0.3264455209
45_31_1140,0.3264455209
231_1124_118_45_29_2122_13_45_1186_211,0.3263228535
231_1124_118_45_31_2122_13_45_1186_211,0.3263228535
365_45_7,0.3263228535
61_45_3887,0.3263228535
13_45_581,0.3263228535
13_45_7209,0.3263228535
231_105_398,0.3253228535
13_29_32,0.3244455209
13_31_32,0.3244455209
45_29_2122,0.3244455209
37_29_975,0.3244455209
45_31_2122,0.3244455209
45_416_1048,0.3244455209
551_29_1911,0.3244455209
37_31_975,0.3244455209
45_416_38,0.3244455209
0_29_470_5334_1316_31_20306_33330_5881,0.3234455209
0_31_470_5334_1316_29_20306_33330_5881,0.3234455209
13_29_61,0.3222210589
61_29_26,0.3222210589
31_26_45,0.3215102912
0_31_68,0.3149361800
61_31_41,0.3149361800
31_76_84_43_68,0.3123969950
43_68_105_106,0.3112218366
29_76_84_43_68,0.3107081061
22_105_580_13,0.3072805508
1124_118_45_31,0.3072081747
118_45_29_2122,0.3066666723
132_2950,0.3046666723
132_701,0.3046666723
551_4989,0.3046666723
1186_211,0.3046666723
2122_13_45_1186,0.3040238956
29_76_84_43,0.3005165173
31_76_84_43,0.3005165173
31_749_0,0.2982054062
31_749_26,0.2982054062
29_76_132,0.2982054062
29_76_164,0.2982054062
29_76_231,0.2982054062
29_76_773,0.2982054062
31_76_649,0.2982054062
31_76_132,0.2982054062
31_76_84,0.2982054062
31_76_773,0.2982054062
29_76_1002_13,0.2982054062
31_1062_45,0.2982054062
29_76_84,0.2982054062
31_76_231,0.2982054062
31_76_151,0.2982054062
29_1062_45,0.2982054062
45_31_145,0.2973321700
45_31_37,0.2973321700
145_29_26,0.2967094858
145_31_26,0.2967094858
49_31_13,0.2967094858
37_31_0,0.2967094858
37_31_26,0.2967094858
0_29_68,0.2967094858
45_29_49,0.2967094858
45_31_22,0.2967094858
45_31_49,0.2967094858
365_29_13,0.2967094858
13_31_22,0.2967094858
13_31_37,0.2967094858
26_31_37,0.2967094858
61_29_41,0.2967094858
31_470_29,0.2955338950
29_470_31,0.2955338950
29_749_0,0.2955165173
29_749_26,0.2955165173
29_76_151,0.2955165173
29_76_233,0.2945338950
31_76_233,0.2945338950
0_0_41,0.2939302652
31_73_26,0.2938323068
31_73_0,0.2938323068
29_76_331,0.2938323068
31_76_331,0.2938323068
13_29_118,0.2937094858
49_31_41,0.2937094858
49_29_26,0.2937094858
26_29_37,0.2937094858
37_29_0,0.2937094858
365_31_41,0.2937094858
365_29_41,0.2937094858
37_31_41,0.2937094858
45_29_87,0.2927683093
49_29_41,0.2927683093
45_31_87,0.2927683093
37_29_41,0.2927683093
365_31_61,0.2927683093
76_233_10,0.2918323068
591_664_13,0.2918323068
76_233_68,0.2918323068
31_1121_0,0.2918323068
31_2277_199,0.2918323068
29_2277_199,0.2918323068
663_664_26,0.2918323068
663_664_13,0.2918323068
11_1002_13,0.2918323068
29_7010_199,0.2918323068
76_152_365,0.2918323068
31_7010_199,0.2918323068
29_1121_0,0.2918323068
31_670_199,0.2918323068
31_4_0,0.2918323068
29_670_199,0.2918323068
29_76_3014,0.2918323068
31_52_551,0.2918323068
87_31_26,0.2917683093
22_664_26,0.2917683093
13_31_87,0.2917683093
26_1002_13,0.2917683093
49_31_118,0.2917683093
49_31_37,0.2917683093
37_31_87,0.2917683093
87_31_41,0.2917683093
87_29_41,0.2917683093
365_31_22,0.2917683093
365_31_145,0.2917683093
365_29_145,0.2917683093
45_31_234,0.2917683093
365_29_22,0.2917683093
13_29_87,0.2917683093
45_111_13,0.2917683093
365_29_61,0.2917683093
26_491_13,0.2917683093
45_547_13,0.2917683093
1300_1027_365,0.2908323068
33330_5881_33158_23651_58435_0,0.2908323068
2189_3252_158_22,0.2908323068
81_82_8359_13,0.2908323068
233_1023_22,0.2908323068
1766_1864_365,0.2908323068
6904_664_13,0.2908323068
663_664_145,0.2908323068
1766_1804_26,0.2908323068
5165_881_45,0.2908323068
22_1002_13_45,0.2903086209
377_2116_3301,0.2900367837
22_6_13,0.2897683093
26_2087_13,0.2897683093
105_491_13,0.2897683093
37_45_38_13,0.2893086209
470_5334_1316_31_20306_33330_5881_33158_23651,0.2891607956
152_365_31,0.2891607956
3271_45_3491,0.2891607956
491_13_2313,0.2891607956
470_5334_1316_29_20306_33330_5881_33158_23651,0.2891607956
29_2453_664,0.2891607956
76_84_43_44_49,0.2890238956
1002_13_45_2501_13,0.2890238956
164_3566,0.2889191367
45_253_145,0.2887683093
45_2027_13,0.2887683093
105_3237_13,0.2887683093
45_1325_0,0.2887683093
22_1002_13,0.2887683093
26_1418_0,0.2887683093
45_3491_145,0.2887683093
45_1909_61,0.2887683093
68_2086_365,0.2887683093
45_16450_13,0.2887683093
551_492_13,0.2887683093
45_2807_13,0.2887683093
45_4152_13,0.2887683093
105_547_13,0.2887683093
13_2313_37,0.2887683093
68_1745_365,0.2887683093
61_1160_45,0.2887683093
45_2253_13,0.2887683093
61_1263_45,0.2887683093
551_12_26,0.2887683093
551_12_13,0.2887683093
45_5165_68,0.2887683093
45_1200_13,0.2887683093
45_1766_68,0.2887683093
45_31_2453,0.2887683093
45_552_13,0.2887683093
45_3887_13,0.2887683093
13_954_26,0.2887683093
551_664_26,0.2887683093
551_8359_13,0.2887683093
45_3698_13,0.2887683093
61_1063_45,0.2887683093
45_29_2453,0.2887683093
105_1854_13,0.2887683093
68_992_45,0.2887683093
45_3168_13,0.2887683093
551_2503_13,0.2887683093
26_491_37,0.2887683093
0_118_45,0.2883664046
0_37_45,0.2883664046
68_1138_365,0.2877683093
45_3419_145,0.2877683093
105_4580_49,0.2877683093
355_718_41,0.2877683093
61_14474_45,0.2877683093
43_44_234,0.2877683093
0_87_45,0.2873664046
26_68_105,0.2873664046
0_0_43,0.2873664046
26_22_105,0.2873664046
0_213_45,0.2873664046
0_22_105,0.2873664046
0_0_93,0.2873664046
43_68_105,0.2873664046
43_68_45,0.2873664046
41_773_45,0.2873664046
0_41_132,0.2873664046
13_45_144_145,0.2873086209
43_68_105_106_13,0.2873086209
76_84_43_44_234,0.2870238956
2199_158_22,0.2870238956
4766_231_105,0.2870238956
68_348_45,0.2853664046
13_45_218,0.2853664046
1167_13_45,0.2853664046
218_13_45,0.2853664046
789_68_45,0.2853664046
93_68_45,0.2853664046
84_43_44_234,0.2853086209
68_348_105,0.2843664046
497_61_45,0.2843664046
61_458_105,0.2843664046
0_43_164,0.2843664046
0_789_231,0.2843664046
0_93_348,0.2843664046
118_45_1186,0.2843664046
182_49_45,0.2843664046
93_164_348,0.2833664046
231_1124_118,0.2833664046
0_43_231_105,0.2829067161
13_29_37,0.2791054758
45_29_118,0.2791054758
365_31_26,0.2791054758
49_31_26,0.2791054758
365_29_26,0.2791054758
45_31_118,0.2791054758
45_29_145,0.2791054758
2647_2611,0.2779067161
723_724,0.2779067161
508_724,0.2779067161
22_29_13,0.2761054758
37_29_26,0.2761054758
68_664_13,0.2751642993
45_139_13,0.2751642993
45_12_13,0.2751642993
45_405_13,0.2731642993
111_13_27,0.2730615907
0_41_105,0.2727035710
26_68_45,0.2727035710
37_45_31_76_84_43,0.2723086209
45_1448_13,0.2721642993
105_350_13,0.2721642993
45_283_13,0.2721642993
0_49_45,0.2717623946
26_45_551,0.2717623946
26_199_45,0.2717623946
26_37_45,0.2717623946
37_31_76_84_43,0.2713086209
37_29_76_84_43,0.2713086209
41_45_552_13,0.2713086209
68_115_365,0.2711642993
164_747_118,0.2711642993
348_3271_145,0.2711642993
37_45_59_13,0.2703086209
68_105_106_13,0.2703086209
1124_118_45_29_2122_13_45_1186,0.2703086209
45_31_2122_13_45_1186,0.2703086209
45_29_2122_13_45_1186,0.2703086209
41_45_81_2520_0,0.2703086209
231_105_260_13,0.2703086209
234_45_1687_13,0.2703086209
37_45_673_13,0.2703086209
41_105_6948_61,0.2703086209
234_45_6395_13,0.2703086209
22_105_1076_13,0.2703086209
41_45_675_13,0.2703086209
68_2086_61_45,0.2703086209
61_458_45,0.2697623946
43_231_105,0.2687623946
158_22_45,0.2687623946
76_547_13_45,0.2686767468
84_93_44_49,0.2683086209
789_68_2014_199,0.2683086209
789_68_670_199,0.2683086209
132_2950_61,0.2683086209
132_701_61,0.2683086209
164_3566_145,0.2683086209
9942_105,0.2639925363
45_2138_1911_2139_13,0.2621170321
45_81_82_41,0.2621170321
45_81_82_26,0.2621170321
26_2138_1911_2139_13,0.2621170321
26_29_13,0.2566655033
37_45_31,0.2520947341
46_448,0.2508102909
45_29_76_84,0.2504351907
37_29_76_84,0.2504351907
87_31_76_84,0.2504351907
0_1002_13_45,0.2465332807
43_68_2086_61,0.2455332807
37_45_29_76_84,0.2454021197
37_45_31_234,0.2454021197
1002_13_45,0.2388566834
492_13_45,0.2388566834
6347_2611,0.2347621197
491_37_45,0.2334835840
87_45_31,0.2329268635
580_13_45,0.2324835840
26_551_6,0.2309268635
45_551_664,0.2309268635
13_31_76_233,0.2257005062
13_496_37_29,0.2257005062
0_0_52_31,0.2257005062
37_31_76_84,0.2202105309
365_551_31,0.2187482208
0_45_1300,0.2187482208
0_45_416,0.2187482208
26_45_139,0.2187482208
87_31_470,0.2184455209
49_31_470,0.2184455209
37_31_470,0.2184455209
365_29_664,0.2184455209
365_31_470,0.2184455209
0_45_327,0.2177482208
145_45_46,0.2177482208
68_45_416,0.2177482208
37_45_46,0.2177482208
41_45_81_2520,0.2174455209
0_41_735,0.2167482208
0_43_643,0.2167482208
234_45_3211_13_29,0.2167482208
22_45_2087,0.2167482208
41_105_6948,0.2167482208
26_65_2253,0.2167482208
118_61_3129,0.2167482208
182_49_31,0.2167482208
182_49_29,0.2167482208
13_45_1834,0.2167482208
13_45_2157,0.2167482208
13_45_3751,0.2167482208
13_45_4384,0.2167482208
13_45_552,0.2167482208
41_45_945,0.2167482208
0_41_227,0.2167482208
0_41_1127,0.2167482208
0_41_618,0.2167482208
41_45_1822,0.2167482208
0_41_1261,0.2167482208
0_41_1531,0.2167482208
0_41_1158,0.2167482208
0_41_1604,0.2167482208
0_41_4607,0.2167482208
41_45_675,0.2167482208
41_45_576,0.2167482208
41_45_2313,0.2167482208
41_45_48,0.2167482208
497_61_31,0.2167482208
37_45_804,0.2167482208
37_45_59,0.2167482208
37_45_139,0.2167482208
145_65_236,0.2167482208
45_551_6,0.2167482208
68_132_133,0.2167482208
0_118_1464,0.2167482208
0_118_227,0.2167482208
231_105_491,0.2167482208
158_22_29,0.2167482208
158_22_31,0.2167482208
0_43_242,0.2167482208
68_105_491,0.2167482208
0_43_1023,0.2167482208
0_43_11,0.2167482208
0_43_44,0.2167482208
0_43_104,0.2167482208
0_118_1604,0.2167482208
2300_45_1048,0.2157482208
231_132_133,0.2157482208
1324_45_1325,0.2157482208
43_68_69,0.2157482208
43_68_3045,0.2157482208
0_41_4312,0.2157482208
41_132_5963,0.2157482208
37_45_1863,0.2157482208
37_45_433,0.2157482208
234_45_6395,0.2157482208
234_45_3211,0.2157482208
231_105_1144,0.2157482208
84_43_760,0.2157482208
84_43_643,0.2157482208
22_132_66,0.2157482208
789_68_2014,0.2157482208
789_68_670,0.2157482208
789_68_1027,0.2157482208
68_105_11005,0.2157482208
68_105_106,0.2157482208
93_68_2086,0.2157482208
944_65_38,0.2157482208
0_145_3411,0.2157482208
26_65_1110,0.2157482208
37_45_29,0.2082640299
0_45_606,0.2063228535
31_22_350_13,0.1966164631
29_76_555_13,0.1952054062
1911_492_13,0.1908323068
29_0_43,0.1883969950
29_234_45,0.1873969950
31_234_45,0.1873969950
31_944_45,0.1873969950
29_944_45,0.1873969950
76_26_65,0.1873969950
31_231_105,0.1873969950
31_26_551,0.1873969950
68_105_580_13,0.1863086209
1435_13_45,0.1820238956
4466_13_45,0.1820238956
236_118_45,0.1820238956
1316_13_45,0.1820238956
2122_13_45,0.1820238956
776_365_45,0.1820238956
1203_61_45,0.1820238956
2187_13_45,0.1820238956
2277_199_45,0.1820238956
267_37_45,0.1820238956
8760_41_45,0.1820238956
44_37_45,0.1820238956
941_37_45,0.1820238956
7010_199_45,0.1820238956
31_84_43,0.1820238956
1023_22_45,0.1820238956
1842_22_45,0.1820238956
2990_13_45,0.1820238956
643_37_45,0.1820238956
2730_13_45,0.1820238956
96_61_45,0.1820238956
670_199_45,0.1820238956
6975_145_45,0.1820238956
3626_61_45,0.1820238956
74_13_45,0.1820238956
1523_41_45,0.1820238956
2139_13_45,0.1820238956
75_37_45,0.1820238956
2594_13_45,0.1820238956
466_13_45,0.1820238956
260_13_45,0.1820238956
561_61_45,0.1820238956
29_84_43,0.1820238956
2860_13_45,0.1820238956
4032_13_45,0.1820238956
31_84_93,0.1820238956
1023_22_105,0.1820238956
76_182_49,0.1820238956
350_13_105,0.1820238956
350_13_65,0.1820238956
29_272_13,0.1820238956
643_22_105,0.1820238956
4547_61_45,0.1820238956
76_773_68,0.1820238956
635_13_45,0.1820238956
747_41_45,0.1820238956
4656_365_45,0.1820238956
4538_13_45,0.1820238956
6848_37_45,0.1820238956
1002_13_65,0.1820238956
86_87_45,0.1810238956
233_649_355,0.1810238956
2277_199_43,0.1810238956
1147_158_22,0.1810238956
3_118_61,0.1810238956
1842_145_65,0.1810238956
670_199_789,0.1810238956
2212_118_45,0.1810238956
1023_22_132,0.1810238956
670_199_43,0.1810238956
551_29_13,0.1757683093
26_6_13,0.1757683093
45_6_13,0.1757683093
45_555_13,0.1757683093
45_492_13,0.1757683093
26_492_13,0.1757683093
26_12_13,0.1757683093
22_664_13,0.1757683093
26_555_13,0.1757683093
151_664_13,0.1747683093
105_580_13,0.1747683093
68_2086_61,0.1747683093
22_350_13,0.1747683093
551_664_13,0.1747683093
45_2087_13,0.1747683093
551_6_13,0.1747683093
68_1002_13,0.1747683093
0_43_68,0.1733664046
0_0_789,0.1733664046
0_93_164,0.1723664046
45_29_22,0.1693086209
0_1002_13,0.1653086209
45_7210_13,0.1653086209
49_29_37,0.1653086209
234_29_26,0.1653086209
365_29_37,0.1653086209
45_29_234,0.1653086209
2300_29_26,0.1643086209
234_29_37,0.1643086209
45_236_13,0.1643086209
45_38_13,0.1643086209
45_1523_13,0.1633086209
45_1687_13,0.1633086209
151_6_13,0.1633086209
45_1783_0,0.1633086209
45_59_13,0.1633086209
68_2211_365,0.1633086209
61_1263_105,0.1633086209
45_4387_13,0.1633086209
45_294_13,0.1633086209
45_62_13,0.1633086209
43_44_37,0.1633086209
22_492_13,0.1633086209
43_11_45,0.1633086209
45_2163_13_2416_13,0.1633086209
45_1833_13,0.1633086209
45_2313_13,0.1633086209
68_1027_365,0.1633086209
551_7210_13,0.1633086209
68_1027_41,0.1633086209
45_3542_13,0.1633086209
45_642_13,0.1633086209
45_3852_13,0.1633086209
45_2414_13,0.1633086209
105_491_37,0.1633086209
105_1076_13,0.1633086209
45_1057_13,0.1633086209
45_4486_13,0.1633086209
68_2086_22,0.1633086209
68_350_13,0.1633086209
26_1864_365,0.1633086209
43_1180_45,0.1633086209
45_7504_13,0.1633086209
45_211_13,0.1633086209
45_3200_0,0.1633086209
45_882_13,0.1633086209
45_48_13,0.1633086209
45_433_13,0.1633086209
26_1023_22,0.1633086209
45_144_145,0.1633086209
551_2087_13,0.1633086209
45_675_13,0.1633086209
45_2163_13,0.1633086209
45_1104_13,0.1633086209
45_1006_68,0.1633086209
45_1194_13,0.1633086209
41_1423_13,0.1633086209
45_2501_13,0.1633086209
45_1973_13,0.1633086209
0_1203_61,0.1633086209
45_606_68,0.1633086209
105_6948_61,0.1633086209
45_7929_13,0.1633086209
22_2087_13,0.1633086209
26_2371_13,0.1633086209
45_8545_13,0.1633086209
68_152_365,0.1633086209
105_260_13,0.1633086209
68_2042_61,0.1633086209
45_3864_13,0.1633086209
43_242_105,0.1633086209
41_7349_61,0.1633086209
45_1300_68,0.1633086209
105_1901_13,0.1633086209
61_236_49,0.1633086209
61_236_118,0.1633086209
45_12634_13,0.1633086209
45_3270_13,0.1633086209
45_6395_13,0.1633086209
43_643_145,0.1633086209
43_643_49,0.1633086209
61_3129_45,0.1633086209
61_3129_105,0.1633086209
43_11_105,0.1633086209
231_1002_13,0.1633086209
13_9313_26,0.1633086209
68_316_41,0.1633086209
13_9313_37,0.1633086209
68_2128_41,0.1633086209
45_2441_13,0.1633086209
41_740_26,0.1633086209
105_2149_13,0.1633086209
43_104_45,0.1633086209
45_1939_13,0.1633086209
61_236_145,0.1633086209
348_1842_22,0.1623086209
45_795_199,0.1623086209
61_62_37,0.1623086209
105_106_37,0.1623086209
68_2002_365,0.1623086209
26_1986_365,0.1623086209
105_254_13,0.1623086209
68_776_365,0.1623086209
105_4663_13,0.1623086209
68_2739_365,0.1623086209
68_209_365,0.1623086209
164_1023_22,0.1623086209
87_651_61,0.1623086209
132_5963_49,0.1623086209
45_32009_13,0.1623086209
118_5060_13,0.1623086209
164_747_41,0.1623086209
41_1166_49,0.1623086209
41_4547_61,0.1623086209
43_86_87,0.1623086209
68_3045_365,0.1623086209
65_3542_41,0.1623086209
68_2866_365,0.1623086209
41_7017_61,0.1623086209
41_8502_13,0.1623086209
43_96_61,0.1623086209
93_44_49,0.1623086209
105_7256_13,0.1623086209
348_1023_22,0.1623086209
43_44_49,0.1623086209
43_1023_22,0.1623086209
68_4583_365,0.1623086209
43_242_65,0.1623086209
231_4170_61,0.1623086209
41_2870_145,0.1623086209
45_6674_13,0.1623086209
68_2942_365,0.1623086209
43_637_65,0.1623086209
61_6298_22,0.1623086209
0_0_213,0.1619067161
0_944_45,0.1619067161
0_789_68,0.1609067161
0_93_68,0.1609067161
43_231_45,0.1609067161
0_43_151,0.1599067161
0_3250_13,0.1599067161
585_22_45,0.1599067161
199_43_672,0.1599067161
22_585_22,0.1599067161
231_348_45,0.1599067161
0_199_1186,0.1599067161
0_944_65,0.1599067161
13_45_1186,0.1599067161
89_43_68,0.1599067161
37_45_1186,0.1599067161
231_105_551,0.1599067161
26_164_355,0.1599067161
0_43_348,0.1599067161
0_43_10,0.1599067161
0_504_45,0.1599067161
1124_118_45,0.1599067161
216_43_68,0.1599067161
199_43_68,0.1599067161
199_43_649,0.1599067161
0_497_61,0.1599067161
807_13_45,0.1599067161
43_68_348,0.1599067161
0_93_231,0.1599067161
41_773_43,0.1599067161
199_789_68,0.1599067161
0_291_68,0.1599067161
41_45_1186,0.1599067161
84_43_68,0.1599067161
3250_13_45,0.1599067161
93_68_105,0.1599067161
26_664_13,0.1591642993
26_547_13,0.1591642993
45_664_13,0.1591642993
789_672_458,0.1589067161
216_789_68,0.1589067161
117_118_61,0.1589067161
773_649_355,0.1589067161
199_789_672,0.1589067161
43_117_61,0.1589067161
84_93_68,0.1589067161
164_355_105,0.1589067161
43_164_355,0.1589067161
45_2804_13,0.1581642993
45_9857_13,0.1581642993
231_1124_118_45,0.1576153846
45_31_76_84,0.1574351907
2520_0,0.1549840381
22_105_580,0.1097482208
26_551_664,0.1097482208
43_68_2086,0.1097482208
84_43_44,0.1097482208
84_93_44,0.1097482208
37_45_38,0.1097482208
2087_13_45,0.0810238956
45_673_13,0.0623086209
26_1745_365,0.0623086209
105_106_13,0.0623086209
105_255_13,0.0623086209
0_43_231,0.0609067161
