29_61_12_150_45_8,0.8978351039
275_11_12_62_45_8,0.7264131829
275_61_12_62_45_8,0.7026790990
29_11_12_150_45_523,0.6983364416
600_23_29_30_29_34,0.6816001666
600_23_320_437,0.6740129060
245_11_25_810,0.6740129060
233_36_37_34,0.6740129060
701_38_11_127,0.6740129060
30_36_37_34,0.6740129060
630_23_320_437,0.6740129060
167_5_130_345,0.6740129060
2201_45_8_30_8_34,0.6537196369
8_7_1189_11_65,0.6446582527
8_11_65_5_6883,0.6252343793
150_45_2602_7_8,0.6233922740
150_45_8_7_1189,0.6233922740
90_7_109_45_29,0.6233922740
8_8975_30_29_34_9,0.6230309675
29_30_147_37_34,0.6226966218
30_36_37_9_294,0.6226966218
294_9_147_37_34,0.6226966218
150_45_8_7_123,0.6226966218
9_147_37_34_9,0.6226966218
1_23_410_12_109,0.6226966218
275_23_2872,0.6226966218
233_147_37_34_9,0.6226966218
164_11_12_29_328,0.6226966218
660_12_109_7_90,0.6226966218
30_147_37_34_9,0.6226966218
1074_45_12_229_18,0.6226966218
607_45_2456,0.6218545166
591_23_526,0.6209656277
684_7_1415,0.6209656277
79_162_834,0.6191656277
3733_45_8275,0.6191656277
3379_7_7708,0.6191656277
2676_7_1405,0.6191656277
233_147_148,0.6191656277
8275_7_8286,0.6191656277
590_23_591,0.6191656277
19328_165_2889,0.6191656277
6215_38_5946,0.6191656277
1147_423_422,0.6191656277
2934_7_2935,0.6191656277
1042_1316_607,0.6191656277
2120_25_1452,0.6191656277
637_45_2143,0.6191656277
886_45_887,0.6191656277
30_10959_34_8_30_8_34,0.6129334099
2889_8_30_8_34,0.6129334099
9343_30_29_34_9,0.6119334099
65_5_6883_3193_30_8290_34,0.6083956525
523_8_7_1189_30_1191_34,0.6083956525
1305_1071_30_29_34_1305_1071,0.6083956525
13066_8_5658_30_19345_34,0.6083956525
294_30_294_1205_294_34,0.6083956525
5661_11607_30_5684_34,0.6083956525
22_9_658_9_552,0.6083956525
294_30_294_1205_9,0.6083956525
416_1_219_18,0.6083956525
274_30_5374_34,0.6083956525
1607_30_34_1071,0.6083956525
692_30_12914_34,0.6083956525
810_1054_11_8,0.6083956525
22_9_552_9,0.6083956525
5658_30_5680_34,0.6083956525
523_2602_7_1189,0.6083956525
30_9369_34_9,0.6083956525
8_7_8639_11095,0.6083956525
8_7_5661_11607,0.6083956525
150_45_523_2602,0.6083956525
8_947_70_139,0.6083956525
525_7_1041_1,0.6083956525
9371_8_2247_30,0.6083956525
233_294_1205_9,0.6083956525
1041_1_219_18,0.6083956525
630_23_10961_9,0.6083956525
896_1_219_18,0.6083956525
214_215_9371_8,0.6083956525
9371_11095_29,0.6083956525
3121_8_30_3122_34_423_836,0.6083956525
213_8_8061_2271_30_8_34,0.6083956525
11095_12830_9343_30_29_34,0.6083956525
15690_34_9_8_11607_5658,0.6083956525
2244_8_692_30_12914_34,0.6083956525
294_9_294_9_7_294,0.6083956525
10961_9_29_9_2595,0.6083956525
9371_8_30_11052_34,0.6083956525
9_16072_9_7_2595,0.6083956525
11408_29_30_14491_34,0.6083956525
6883_3193_30_8290_34,0.6083956525
9343_30_29_34_6793,0.6083956525
9_294_1205_23_34,0.6083956525
30_30_1549_34_34,0.6083956525
65_5_1133_8_1134,0.6083956525
157_523_8_7_1189,0.6083956525
110_105_674_45_29,0.6083956525
29_30_18036_34_9,0.6083956525
5809_5658_30_29_34,0.6083956525
214_215_8_11607_5658,0.6083956525
644_30_8_34_187,0.6083956525
1189_30_2681_34,0.6083956525
1189_30_1191_34,0.6083956525
10961_30_11009_34,0.6083956525
30_147_512_34,0.6083956525
204_30_488_34,0.6083956525
11607_30_17975_34,0.6083956525
12836_30_29_34,0.6083956525
30_328_59_34,0.6083956525
294_1205_23_233,0.6083956525
187_45_8_8061,0.6083956525
294_29_5_3030,0.6083956525
65_5_6883_3193,0.6083956525
610_8_30_11049,0.6083956525
29_30_2843_34,0.6083956525
1041_1_23_660,0.6083956525
409_1_23_991,0.6083956525
10961_30_596_34,0.6083956525
409_1_23_797,0.6083956525
5658_30_19284_34,0.6083956525
8639_11095_29,0.6083956525
1469_15_8,0.6083956525
2680_8_7_1189_30_2681_34,0.6083956525
10961_9_29_9_16072,0.6083956525
30_294_1205_9_34,0.6083956525
30_29_34_1310_1071,0.6083956525
3121_8_30_3122_34,0.6083956525
34_1305_1071_30,0.6083956525
65_19_142_29,0.6083956525
328_30_147_148,0.6083956525
294_9_147_148,0.6083956525
525_7_896_1,0.6083956525
409_1_23_554,0.6083956525
409_1_23_1532,0.6083956525
527_29_1526,0.6075535472
13066_8_5658,0.6075535472
65_5_17487_6883,0.6066646583
573_565_8,0.6066646583
1645_8_620,0.6066646583
29_1526_30_2202,0.6066646583
610_30_10959_34,0.6066646583
6883_3193_30_8283_34,0.6056646583
741_30_2265_34,0.6056646583
8639_8_11070,0.6056646583
3586_3121_8,0.6056646583
300_8082_5658_30_2073_34,0.6056646583
658_9_552,0.6056646583
153_3117_30,0.6056646583
1305_1071_11293_30_10962_34_1305_1071_11294_30_11011_34_1310_1071,0.6048646583
607_600_9_1435_1312_1071_607_102_9_127_1312_1071,0.6048646583
1305_1071_11294_30_11011_34_1310_1071,0.6048646583
5697_5698_2526_30_5699_34,0.6048646583
1333_1071_1334_1071_1335_1071,0.6048646583
1290_1071_1291_1292_1071,0.6048646583
372_1234_30_2878_34,0.6048646583
187_213_8_8061_2271,0.6048646583
10961_34_1305_1071_11293,0.6048646583
1333_1071_1334_1071,0.6048646583
5681_30_9369_34,0.6048646583
1071_1007_1312_1071,0.6048646583
1305_1071_11293_30,0.6048646583
1071_11360_11361_11362,0.6048646583
2595_30_11201_34,0.6048646583
1042_1316_893_222,0.6048646583
1312_1071_2189,0.6048646583
1312_1071_428,0.6048646583
117_153_3117,0.6048646583
22_149_57,0.6048646583
202_19_142,0.6048646583
5805_5806,0.6048646583
742_1312_1071_11219_11295_1331_224_1042_1316_893_222_1312_1071_1007_1312,0.6048646583
1312_1071_607_600_9_1435_1312_1071_607_102_9_127,0.6048646583
1304_1071_1305_1071_30_11219_84_34_1305_1071_30,0.6048646583
222_1312_1071_8_1042_1316_607_11301_1331_964,0.6048646583
1305_1071_30_2595_34_1305_1071_11292_30,0.6048646583
1305_1071_30_11219_84_34_1305_1071,0.6048646583
1312_1071_607_102_9_127_1312_1071,0.6048646583
1304_1071_1305_1071_30_11219_84_34,0.6048646583
10962_34_1305_1071_11294_30_11011_34,0.6048646583
1071_1307_1312_1071_1321_1312_1071,0.6048646583
1292_1071_1295_1296_1292_1071,0.6048646583
34_1305_1071_11293_30_10962,0.6048646583
1042_1316_893_222_1312_1071,0.6048646583
1042_1316_607_11301_1331_964,0.6048646583
1292_1071_1295_1296_1297_1071,0.6048646583
1297_1071_1201_1202_1298_1071,0.6048646583
2834_1735_2835_30_2836_34,0.6048646583
544_545_320_546_34,0.6048646583
1312_1071_1307_1312_1071,0.6048646583
1312_1071_428_1312_1071,0.6048646583
1341_1071_1342_1343_1071,0.6048646583
1310_1071_1311_1312_1071,0.6048646583
1331_2730_222_1312_1071,0.6048646583
1671_1071_1672_1071,0.6048646583
1305_1071_11292_30,0.6048646583
1295_1296_1292_1071,0.6048646583
1295_1296_1297_1071,0.6048646583
1312_1071_607_102,0.6048646583
560_8_1697_57,0.6048646583
1526_30_2202_34,0.6048646583
1042_1316_150_1331,0.6048646583
65_1214_372,0.6048646583
1133_8_1134,0.6048646583
960_543_120,0.6048646583
3753_8_178,0.6048646583
294_60_294,0.6048646583
300_8082_5658,0.6048646583
1188_30_2805,0.6048646583
1312_1071_11219,0.6048646583
1312_1071_1321,0.6048646583
598_729_8,0.6048646583
9371_11095_9342,0.6048646583
11219_11295_1331,0.6048646583
15719_1312_1071,0.6048646583
5895_644_30,0.6048646583
22_149_741,0.6048646583
11311_44_1312,0.6048646583
1485_3066_4782,0.6048646583
3719_16697_4806,0.6048646583
110_1205_288,0.6048646583
294_143_294,0.6048646583
65_126_231,0.6048646583
4220_105_2380,0.6048646583
8285_9_8275,0.6048646583
18163_18164,0.6048646583
1312_1071_742_1312_1071_11219_11295_1331_224_1042_1316_893_222_1312_1071_1007_1312_1071,0.6048646583
1305_1071_11292_30_10961_34_1305_1071_11293_30,0.6048646583
1042_1316_417_1331_11311_44_1312_1071,0.6048646583
836_5946_6385_30_6386_34,0.6048646583
3444_999_4249_30_19_34,0.6048646583
300_7739_18218_30_9359_34,0.6048646583
5661_5679_5658_30_19282,0.6048646583
1312_1071_742_1312_1071,0.6048646583
7643_30_6920_34,0.6048646583
1304_1071_1305_1071,0.6048646583
1292_1071_1295_1296,0.6048646583
1042_1316_417_1331,0.6048646583
5661_8_5691,0.6048646583
7739_18218_30,0.6048646583
1444_153_3117,0.6048646583
9_19283_5658,0.6048646583
3050_3051,0.6048646583
150_45_8_11_65_5,0.6026464929
109_7_90_45_29_11,0.5635084317
18_106_2362_23,0.5589706743
109_7_665_45,0.5589706743
328_30_147_37,0.5589706743
141_7_881_45,0.5589706743
18_106_107_23,0.5589706743
11_12_150_45_523_8,0.5547928900
600_23_29_30_29_34_9,0.5479025681
7739_9358,0.5432227259
1331_11311,0.5432227259
6423_2318,0.5432227259
300_7739,0.5432227259
5317_1454,0.5432227259
19313_7680,0.5432227259
5661_5679,0.5432227259
117_5367,0.5432227259
8285_14461,0.5432227259
12_109_7_90_45_29,0.5404204589
209_212_11_157,0.5366371772
1593_30_676_34,0.5366371772
11_65_5_17487,0.5366371772
147_37_10865_30,0.5341061830
8_8975_30_29_34_7,0.5322020730
1_12_1041_45_219_18,0.5256454289
18_106_23_660_12_109,0.5256454289
18_106_23_410_12_109,0.5256454289
1_12_409_45_219_18,0.5256454289
523_8_7_1189_11,0.5244349113
409_1_23_660_12,0.5237392591
523_8_7_1189_423,0.5237392591
30_34_9_147_37,0.5237392591
2_3322_23,0.5237392591
8_7_1189_167_5,0.5237392591
409_1_23_18_12,0.5237392591
294_1205_9_147_37,0.5237392591
2602_7_8_580_215,0.5237392591
2_107_25,0.5237392591
18_3322_23,0.5237392591
412_833_61,0.5237392591
5703_167_5,0.5228971538
2_3697_25,0.5220082649
412_1818_61,0.5220082649
3449_89_45,0.5210082649
7285_1696_45,0.5210082649
512_1042_37,0.5210082649
1312_1071_1316,0.5210082649
644_214_215,0.5210082649
382_1463_70,0.5210082649
148_1042_37,0.5210082649
149_57_106,0.5210082649
1310_1071_1311,0.5210082649
537_764_7,0.5210082649
810_459_387,0.5210082649
79_4501_23,0.5210082649
190_116_5,0.5210082649
2331_202_5,0.5210082649
8_30_3122_34_11,0.5157193761
150_45_3121_8_30_3122_34_423,0.5150237239
8_30_11049_34_209,0.5150237239
29_30_18036_34_7,0.5150237239
29_30_10957_34_209,0.5150237239
157_523_2602_7,0.5150237239
1333_1071_1334_1071_1335_1071_1341_1071_1342_1343,0.5122927297
1312_1071_8_1042_1316,0.5122927297
1312_1071_29_1042_1316,0.5122927297
1331_224_1042_1316,0.5122927297
1_12_1041_45_219,0.5065889232
1_12_1074_45_219,0.5065889232
18_106_23_554_12,0.5065889232
30_147_37_34_7,0.5065889232
18_106_23_410_12,0.5065889232
9_147_37_34_7,0.5065889232
1_12_409_45_219,0.5065889232
23_8_8975_30_29_34,0.5059388988
61_8_150_11_6883,0.5056110891
1593_30_676_34_1071_29,0.5056110891
61_8_150_11_8290,0.5056110891
45_523_2602_7_8,0.5056110891
11_65_5_1133_8,0.5056110891
11_219_18_9_2,0.5056110891
12_150_45_3121_8,0.5056110891
45_2680_2602_7_8,0.5056110891
45_523_8_7_1189,0.5056110891
11_12_229_18_9,0.5056110891
147_148_34,0.5056110891
320_451_412,0.5038800949
70_139_140,0.5038800949
130_345_412,0.5038800949
209_1067_275,0.5038800949
209_1530_275,0.5038800949
106_139_140,0.5038800949
5_8_8975_30_29_34,0.5032546883
458_810_459,0.5030800949
458_810_491,0.5030800949
25_1430_2648,0.5030800949
55_684_692,0.5030800949
320_437_537,0.5030800949
7_8_30_1191_34,0.5004714065
25_575_9_22,0.4986293013
37_9_294_1205,0.4986293013
61_2244_8_692,0.4986293013
25_22_9_658,0.4986293013
1074_45_219_18_106_23_410,0.4974973122
409_45_219_18_106_23_410,0.4974973122
1074_45_219_18_106_23_797,0.4974973122
676_1042_1071_154_676_1042_1071,0.4960983071
7_29_61_12_150_45,0.4943835561
61_12_150_45_8_7,0.4943835561
630_23_320_437_10961,0.4934840791
30_36_37_9_294_34,0.4934840791
150_45_523_8_7_1189,0.4934840791
65_5_590_23_591,0.4934840791
12_1041_45_219_18,0.4930425410
106_23_660_12_109,0.4930425410
12_135_45_219_18,0.4930425410
320_25_687_45_284,0.4930425410
12_1074_45_12_18,0.4930425410
12_1074_45_12_229,0.4930425410
12_409_45_219_18,0.4930425410
61_12_62_45_5661,0.4930425410
5720_10066_1261,0.4924840791
150_45_523_2602_7_8_30_1191_34,0.4829141038
610_8_30_11049_34,0.4829141038
3059_29_30_2843_34,0.4829141038
8_38_123_8289,0.4829141038
1305_1071_30_29_34_1305_1071_30,0.4829141038
294_60_294_9_147_37_34,0.4829141038
523_2602_7_8_30_1191_34,0.4829141038
2602_7_8_30_1191_34,0.4829141038
12830_9343_30_29_34_8374,0.4829141038
5895_644_30_8_34_187,0.4829141038
5661_11607_30_17975_34,0.4829141038
30_294_143_294,0.4829141038
2680_2602_7_8_30_2681_34,0.4829141038
19_419_137,0.4824090809
19_20_21,0.4824090809
512_38_37,0.4824090809
1539_23_162,0.4824090809
84_276_220,0.4824090809
1998_10896_422,0.4819141038
1485_507_8,0.4819141038
2248_2924_2821,0.4819141038
836_5946_2520,0.4819141038
19327_19328,0.4819141038
530_531,0.4819141038
1071_607_600_9_1435_1312_1071_607_102_9_127_1312_1071,0.4819141038
1333_1071_1334_1071_1335_1071_1341_1071_1342_1343_1071,0.4819141038
1331_224_1042_1316_893_222_1312_1071,0.4819141038
294_1204_682_110_1205_288,0.4819141038
294_1204_682_30_1205_34,0.4819141038
1312_1071_4379_1312_1071,0.4819141038
1312_1071_1007_1312_1071,0.4819141038
65_5_17487_6883_3193,0.4819141038
19283_5658_30_19284_34,0.4819141038
1312_1071_1321_1312_1071,0.4819141038
1304_1071_1305_1071_30,0.4819141038
6501_1959_8_8374,0.4819141038
3612_7_607_417,0.4819141038
1485_3066_4782_29,0.4819141038
9371_11095_12830_9343,0.4819141038
9183_263_108_30,0.4819141038
5661_5679_5658,0.4819141038
1071_1201_1202,0.4819141038
5441_858_274,0.4819141038
3115_1818_11388,0.4819141038
5697_5698_2526,0.4819141038
211_2427_3166,0.4819141038
7739_9358_30,0.4819141038
836_6215_2520,0.4819141038
3444_999_4249,0.4819141038
12830_9343_30,0.4819141038
7088_1857_322,0.4819141038
607_3601_1254,0.4819141038
294_1204_682,0.4819141038
2316_2317_9,0.4819141038
300_7739_9358,0.4819141038
300_7739_18218,0.4819141038
9183_263_108,0.4819141038
1735_2835_30,0.4819141038
30_3201_1369,0.4819141038
2467_1251_1195,0.4819141038
2498_2499,0.4819141038
9755_5697,0.4819141038
11391_3018,0.4819141038
5372_5616,0.4819141038
5764_5765,0.4819141038
4986_6950,0.4819141038
2029_4782,0.4819141038
1525_1526,0.4819141038
598_565,0.4819141038
3186_3189,0.4819141038
9342_9343,0.4819141038
2887_3092,0.4819141038
1042_1316_893_222_1312_1071_1007_1312_1071,0.4819141038
1312_1071_1307_1312_1071_1321_1312_1071,0.4819141038
9371_11095_12830_9343_30,0.4819141038
1331_11311_44_1312_1071,0.4819141038
1331_11311_44_1312,0.4819141038
9371_11095_9342_9343,0.4819141038
233_294_1204_682,0.4819141038
2247_3753_8_178,0.4819141038
51_831_644_30,0.4819141038
5661_5679_5677,0.4819141038
1546_687_531,0.4819141038
2193_3143_1369,0.4819141038
473_40_474,0.4819141038
432_999_1431,0.4819141038
1818_11388_349,0.4819141038
5535_858_274,0.4819141038
294_145_438,0.4819141038
6019_455_456,0.4819141038
2834_1735_2835,0.4819141038
836_5946_6385,0.4819141038
16111_16112_7101,0.4819141038
8061_2271,0.4819141038
662_2643,0.4819141038
8227_2833,0.4819141038
1527_2289,0.4819141038
5348_1369,0.4819141038
2440_2381,0.4819141038
1192_466,0.4819141038
6883_3193,0.4819141038
1770_980,0.4819141038
726_1803,0.4819141038
5787_464,0.4819141038
1042_1316_607_11301_1331_964_1333_1071_1334_1071_1335_1071_1341_1071_1342_1343_1071,0.4819141038
7425_6089_679,0.4819141038
1738_1739,0.4819141038
3136_6909,0.4819141038
5697_5698,0.4819141038
3455_23_162_25,0.4784090809
3516_3517,0.4777272302
61_12_150_45_8_11,0.4721906487
61_8_150_11_65_5,0.4691201997
12_1066_1430,0.4682233466
357_162_275,0.4682233466
52_25_1046,0.4682233466
209_130_272,0.4682233466
36_37_233,0.4674233466
220_130_6515,0.4674233466
419_137_2051,0.4674233466
596_423_422,0.4674233466
1003_162_834,0.4674233466
147_37_288,0.4674233466
419_137_1232,0.4674233466
264_106_25_810,0.4632233466
106_139_164_11,0.4581096734
25_1557_687_45,0.4581096734
25_810_1054_11,0.4581096734
7_1189_580_215,0.4581096734
12_325_1147_423,0.4581096734
70_139_164_11,0.4581096734
61_12_150_45_523_8_7,0.4365805815
1_23_660_12_109_45,0.4358283700
5720_10066,0.4348283700
60_294_9_147_37_34,0.4265532578
409_1_23_410_12_109,0.4265532578
12_150_45_8_7_1189,0.4258437986
12_150_45_2602_7_8,0.4258437986
284_1153_33,0.4255532578
11095_9342_9343_30_29_34,0.4212721714
5809_5658_30_29_34_2889,0.4212721714
11607_5658_30_29_34_2889,0.4212721714
11607_5658_30_29_34_152,0.4212721714
658_9_552_18,0.4212721714
11607_5658,0.4212721714
23_660_12_109_7_90,0.4203763063
61_12_150_45_3121_8,0.4203763063
25_557_7_212,0.4203763063
70_22_23_24,0.4203763063
964_1333_1071_1334_1071_1335_1071_1341_1071_1342_1343_1071,0.4202721714
512_1042_37_120,0.4202721714
4782_3018,0.4202721714
508_1226,0.4202721714
145_1452,0.4202721714
625_455,0.4202721714
1818_11388,0.4202721714
372_1234,0.4202721714
2653_509,0.4202721714
1042_1316_893_222_1312_1071_1007,0.4202721714
1312_1071_1307_1312_1071_1321,0.4202721714
1312_1071_8_1042_1316_607,0.4202721714
2833_2834_1735_2835,0.4202721714
5661_5679_5658_2016,0.4202721714
960_676_1042_1071,0.4202721714
284_32_33,0.4202721714
8295_6883_3193,0.4202721714
17487_6883_3193,0.4202721714
962_810_459,0.4202721714
1214_2790,0.4202721714
567_3168,0.4202721714
455_456,0.4202721714
453_482,0.4202721714
382_2888,0.4202721714
211_2427,0.4202721714
453_5067,0.4202721714
1215_422,0.4202721714
1735_5372,0.4202721714
18035_1354,0.4202721714
453_454,0.4202721714
153_10064,0.4202721714
1217_509,0.4202721714
1378_4986,0.4202721714
1515_567,0.4202721714
85_2779,0.4202721714
5790_620,0.4202721714
1150_561,0.4202721714
1331_224,0.4202721714
3399_644,0.4202721714
6215_2520,0.4202721714
11388_3116,0.4202721714
2582_2755,0.4202721714
2582_508,0.4202721714
1147_1237,0.4202721714
5701_102,0.4202721714
1690_18053,0.4202721714
1998_2080,0.4202721714
11219_84,0.4202721714
4585_5261,0.4202721714
9183_263,0.4202721714
8565_1165,0.4202721714
704_630,0.4202721714
704_600,0.4202721714
541_2120,0.4202721714
6501_1959,0.4202721714
303_10955,0.4202721714
893_2318,0.4202721714
894_895,0.4202721714
300_17985,0.4202721714
3601_1254,0.4202721714
5179_1257,0.4202721714
4690_1246,0.4202721714
255_2909,0.4202721714
145_3011,0.4202721714
145_438,0.4202721714
3005_274,0.4202721714
5695_385,0.4202721714
836_6215,0.4202721714
1945_1345,0.4202721714
3777_456,0.4202721714
2834_1735,0.4202721714
16079_2929,0.4202721714
16079_5703,0.4202721714
6019_455,0.4202721714
123_8289,0.4202721714
738_2643,0.4202721714
11408_3018,0.4202721714
671_324,0.4202721714
105_2179,0.4202721714
2669_947,0.4202721714
5441_858,0.4202721714
1711_1246,0.4202721714
710_711,0.4202721714
325_4693,0.4202721714
325_5012,0.4202721714
51_831,0.4202721714
3166_274,0.4202721714
231_2716,0.4202721714
2977_2049,0.4202721714
2977_5261,0.4202721714
3095_567,0.4202721714
3098_3099,0.4202721714
1325_1603,0.4202721714
999_40,0.4202721714
9816_18,0.4202721714
2248_2924,0.4202721714
5946_2520,0.4202721714
5946_6385,0.4202721714
16111_16112,0.4202721714
16112_7101,0.4202721714
2247_3753,0.4202721714
2281_2391,0.4202721714
2442_290,0.4202721714
5829_1794,0.4202721714
7998_102,0.4202721714
11027_274,0.4202721714
1295_1296,0.4202721714
1257_1261,0.4202721714
8295_6883,0.4202721714
870_182,0.4202721714
4378_213,0.4202721714
32_33,0.4202721714
1975_608,0.4202721714
1060_1130,0.4202721714
3265_422,0.4202721714
2929_346,0.4202721714
5299_102,0.4202721714
5930_2755,0.4202721714
4662_171,0.4202721714
5930_1563,0.4202721714
12830_9343,0.4202721714
1989_1794,0.4202721714
1857_322,0.4202721714
5604_1032,0.4202721714
1857_323,0.4202721714
811_1705,0.4202721714
2823_1226,0.4202721714
960_459,0.4202721714
40_474,0.4202721714
811_812,0.4202721714
3033_349,0.4202721714
2968_422,0.4202721714
12132_456,0.4202721714
2993_18,0.4202721714
3629_4055,0.4202721714
4459_101,0.4202721714
10896_422,0.4202721714
2622_2410,0.4202721714
1071_11291,0.4202721714
527_1575,0.4202721714
724_729,0.4202721714
939_2068,0.4202721714
521_522,0.4202721714
90_93,0.4202721714
284_9708,0.4202721714
527_1582,0.4202721714
432_999,0.4202721714
527_1578,0.4202721714
284_4753,0.4202721714
430_120,0.4202721714
9233_2835,0.4202721714
5787_1531,0.4202721714
1531_1195,0.4202721714
1228_2049,0.4202721714
4737_1646,0.4202721714
194_255,0.4202721714
483_1595,0.4202721714
2264_149,0.4202721714
759_249,0.4202721714
6089_6991,0.4202721714
2059_335,0.4202721714
5898_1228,0.4202721714
5435_6883,0.4202721714
2056_1809,0.4202721714
2190_2286,0.4202721714
3733_1062,0.4202721714
5435_567,0.4202721714
4737_620,0.4202721714
1032_2427,0.4202721714
2120_33,0.4202721714
473_40,0.4202721714
1809_5337,0.4202721714
329_461,0.4202721714
2820_2821,0.4202721714
1164_5325,0.4202721714
12_89_7_90_45,0.4191190472
23_660_12_109_45,0.4191190472
23_660_12_89_45,0.4191190472
12_90_7_109_45,0.4191190472
23_797_12_72_45,0.4191190472
23_410_12_72_45,0.4191190472
23_660_12_109_7,0.4191190472
23_991_12_72_45,0.4191190472
23_410_12_109_45,0.4191190472
23_554_12_109_45,0.4191190472
23_410_12_44_45,0.4191190472
12_150_45_2602_7,0.4191190472
896_1_12_1074_45,0.4143701015
409_1_23_991_12,0.4143701015
896_1_23_660_12,0.4143701015
3629_4055_45,0.4133701015
836_6215_38,0.4133701015
19313_7680_11,0.4133701015
5930_1563_5,0.4133701015
1074_45_12_229_18_106_23,0.4104421581
34_1310_1071_1311,0.4083855604
1074_45_219_18_106_23_660_12,0.4062068234
1_12_1041_45_219_18_106_23,0.4062068234
18_106_23_797_12,0.4062068234
61_12_150_7_62_45,0.4033190676
12_1201_1202,0.4027639761
423_372_1234,0.4027639761
70_710_711_23_24,0.4027639761
423_836_6215_38_5946,0.4027639761
676_1042_1071,0.4027639761
38_123_8289,0.4027639761
7_123_8289,0.4027639761
23_4225_213,0.4027639761
423_836_6215,0.4027639761
7_2498_2499,0.4027639761
45_12_229_18_106_23,0.3986348570
320_437_220,0.3986348570
70_914_23,0.3986348570
106_841_220,0.3986348570
21_1643_23,0.3986348570
532_1643_165,0.3986348570
220_2308_215,0.3986348570
23_991_1140,0.3986348570
524_1018_23,0.3986348570
238_79_162,0.3986348570
676_1042_1071_60_676_1042_1071,0.3985131825
676_1042_1071_5139_34,0.3985131825
209_537_45_12_1066,0.3936348570
220_1535_220,0.3936348570
357_137_162,0.3936348570
264_106_458,0.3936348570
121_137_21,0.3936348570
532_137_21,0.3936348570
320_12_1835_45_12,0.3936348570
45_219_18_106_23,0.3936348570
12_325_596_423,0.3936348570
121_21_290_23,0.3936348570
23_162_236_23,0.3936348570
220_130_707_23,0.3936348570
36_37_34_38,0.3936348570
1074_45_219_18_106_23,0.3916492033
45_219_18_106_23_410,0.3803046548
419_137_2434,0.3803046548
264_106_458_459,0.3773046548
264_70_458_810,0.3773046548
209_12_1066_1430,0.3773046548
1_23_410_12_109_45,0.3703690503
211_2419,0.3693690503
991_647,0.3693690503
614_387,0.3693690503
2501_308,0.3693690503
1400_387,0.3693690503
120_2614,0.3693690503
7496_2042,0.3693690503
823_387,0.3693690503
219_18_3322_23,0.3642739755
130_345_412_45,0.3642739755
320_451_412_45,0.3642739755
320_451_412_61,0.3642739755
1734_1735,0.3639973535
1734_317,0.3639973535
571_3208,0.3639973535
10066_1265,0.3639973535
10066_1261,0.3639973535
1066_272,0.3639973535
4835_1368,0.3639973535
467_44,0.3639973535
1153_33,0.3639973535
121_271,0.3639973535
676_1042,0.3639973535
28_1247,0.3639973535
1537_2230,0.3639973535
676_1042_1071_120,0.3513503913
676_1042_1071_5139,0.3513503913
1_12_409_45_219_18_106_23,0.3511178426
219_18_106_2362_23,0.3414302067
12_62_45_2456_61,0.3414302067
45_219_18_106_23_660,0.3402331299
121_21_822,0.3402331299
121_21_275,0.3402331299
264_106_458_810,0.3382331299
12_1074_45_12_18_106,0.3295682387
219_18_106_23_660_12,0.3295682387
106_23_410_12_109_45,0.3295682387
23_797_1140,0.3295682387
219_18_106_23_797_12,0.3295682387
23_991_647,0.3295682387
12_1074_45_12_18_106_23,0.3265682387
12_409_45_219_18_106_23,0.3265682387
12_1041_45_219_18_106_23,0.3265682387
121_21_1643_23,0.3265682387
121_21,0.3265682387
219_18_106_23_991_12,0.2951215435
21_1643_23_162,0.2931215435
1058_162,0.2931215435
18_106_23_797,0.2060129060
1074_45_219_18,0.2060129060
557_7_212,0.1816966218
22_23_24,0.1816966218
741_532_1643,0.1791656277
711_23_24,0.1791656277
182_532_1643,0.1791656277
3612_7_607,0.1791656277
18_106_553,0.1791656277
2_532_562,0.1791656277
9343_30_29_34_8374,0.1713956525
896_1_23_554,0.1713956525
896_1_23_660,0.1713956525
896_1_12_1074,0.1713956525
1041_1_23_410,0.1713956525
2602_7_8_30_2681_34,0.1713956525
1794_30_6924_34,0.1696646583
335_65_126,0.1696646583
724_565_8,0.1696646583
1204_682_30_1205_34,0.1688646583
5765_30_5745,0.1688646583
625_382_2370,0.1688646583
22_105_57,0.1688646583
12835_12836,0.1688646583
55_12_325_1147,0.1346371772
409_1_23_410_12,0.1327392591
2_206_25,0.1327392591
1530_275_61,0.1327392591
135_855_165,0.1310082649
66_855_165,0.1310082649
2901_212_11,0.1310082649
135_230_165,0.1310082649
2_2337_23,0.1310082649
135_129_165,0.1310082649
2_490_165,0.1310082649
2_555_165,0.1310082649
9343_30_29_34_209,0.1270237239
11_2331_202,0.1198800949
18_106_23_660_12,0.1195889232
18_106_23_991_12,0.1195889232
46_135_855,0.1190800949
219_18_3322,0.1190800949
1066_1530_275,0.1190800949
662_2643_1188,0.1099141038
738_2643_1188,0.1099141038
1818_11388_3116,0.1099141038
2248_787_2821,0.1099141038
5829_1989_1794,0.1099141038
1584_9233,0.1099141038
2248_787,0.1099141038
1257_1265,0.1099141038
645_23_162,0.1094090809
219_18_173_12,0.1031096734
12_289_5666,0.0994233466
268_209_971,0.0994233466
182_532_1643_165,0.0888283700
1074_45_219_18_106_23_660,0.0858398092
2_3755_165,0.0803701015
65_678_308,0.0803701015
710_681_99,0.0803701015
12_1066_1530_275,0.0773763063
183_320_451_412,0.0773763063
2833_2834_1735,0.0762721714
1217_1218,0.0762721714
1032_2842,0.0762721714
1211_620,0.0762721714
411_2406,0.0762721714
1485_507,0.0762721714
5698_2526,0.0762721714
1201_1202,0.0762721714
710_1220,0.0762721714
1546_687,0.0762721714
2089_603,0.0762721714
2316_2317,0.0762721714
2370_317,0.0762721714
4225_213,0.0762721714
7352_1794,0.0762721714
3115_3033,0.0762721714
1251_1195,0.0762721714
1972_963,0.0762721714
3111_1405,0.0762721714
3349_222,0.0762721714
12830_12835,0.0762721714
2763_1257,0.0762721714
3444_999,0.0762721714
6089_679,0.0762721714
483_484,0.0762721714
2732_17,0.0762721714
11095_12830_9343,0.0762721714
1735_2835,0.0762721714
5535_858,0.0762721714
1211_1022,0.0762721714
2643_1188,0.0762721714
3201_1369,0.0762721714
1998_10896,0.0762721714
987_924,0.0762721714
125_2633,0.0762721714
1204_682,0.0762721714
57_1052,0.0762721714
999_1431,0.0762721714
2315_2120,0.0762721714
2929_5703,0.0762721714
962_810,0.0762721714
19_1174,0.0762721714
338_855,0.0762721714
487_405,0.0762721714
2193_3143,0.0762721714
2227_895,0.0762721714
106_490_23_162,0.0746348570
424_419_137,0.0746348570
23_24_712,0.0746348570
264_70_458,0.0746348570
571_212_133,0.0746348570
70_710_1220,0.0727639761
1216_1217_509,0.0727639761
409_45_219_18_106_23,0.0706492033
264_106_458_810_459,0.0667706327
264_70_458_491,0.0613046548
106_1535_570,0.0613046548
46_135_855_165,0.0602739755
304_305,0.0523690503
3755_165,0.0523690503
4604_308,0.0523690503
678_308,0.0523690503
797_1140,0.0523690503
681_99,0.0523690503
219_727,0.0469973535
571_1068,0.0469973535
1066_2001,0.0469973535
1535_570,0.0469973535
571_212_133_845,0.0469973535
458_2402,0.0469973535
137_2434,0.0469973535
46_338,0.0469973535
106_304_305,0.0465682387
106_571_212_133,0.0465682387
209_571_212_133,0.0465682387
268_209_971_165,0.0465682387
1861_137,0.0331215435
1657_133,0.0331215435
