18_265_182_44_5,0.9721364110
5_12_39_68_21_18,0.9562639352
18_265_130_25_930,0.9086135126
21_5_12_39_68_21_18,0.8960299462
2241_84_18_85_2,0.8948466525
5_149_39_68_21_18,0.8892685984
68_21_18_84_18_85,0.8842636842
12_39_68_21_18_2,0.8828484059
5_149_39_1134_21_18,0.8651383348
18_40_182_44_5,0.8527646225
12_39_68_21_18_12,0.8449476809
40_44_402_4903_2241,0.8440958165
40_84_682_904,0.8430396983
85_12_39_68_21_18,0.8401983963
12_39_68_21_18_118,0.8340882665
39_68_21_402_18,0.8275487721
118_128_161_21_40,0.8272454816
5_149_1341_18_1414,0.8063929837
443_663_1785_84_18_85,0.8058532773
12_40_44_462_18,0.8043314084
12_40_44_62_18,0.8033314084
149_39_68_21_18_2,0.8012661973
12_39_68_21_18_7,0.7930104961
558_33_18_157_566_567,0.7907311682
208_149_39_68_21_18,0.7886363380
149_39_68_21_18_7,0.7826294778
1988_66,0.7797095895
208_12_39_68_21_18,0.7788049442
62_325_467_18,0.7694295758
40_572_140_157_158_687,0.7681070210
11_12_39_68_21_18,0.7664228411
40_44_608_25_462,0.7661546400
44_402_4903_18_84,0.7661484367
40_44_175_880_84,0.7651546400
40_44_175_880,0.7650985219
18_265_499_929_25,0.7632590531
602_1460_1461_18,0.7621605069
40_572_140_157_158,0.7570675522
39_68_21_462_18,0.7550383864
1619_19,0.7525413885
12_39_68_21_402_18,0.7499934886
18_84_14220_85,0.7478158679
149_39_68_21_462_18,0.7465585947
5021_1454_84_18_85_12,0.7464581784
118_128_161_21_40_44,0.7425566013
602_4717_443_663_1785_84_18_85,0.7408563994
2240_2241_84_18_85,0.7395166138
39_68_21_62_18,0.7367041572
18_344_1046_21_5,0.7351042393
39_68_21_310_18,0.7277041572
18_2054_1066_2055,0.7245649721
12_40_44_7751_18_84,0.7154711211
39_736_21_1341_18,0.7081944093
18_84_18_85_21_39,0.7073920415
18_25697_84_5_85,0.7065944914
126_118_128_161_21_40,0.7051311272
12_40_44_608_25_462,0.7043292955
40_44_1751_25_608,0.7016690363
1347_19,0.6968052949
1170_7_1346_44_18,0.6932766898
12_40_44_310_18,0.6893972308
39_736_21_40_44,0.6825524786
12_40_44_7751_18,0.6819907597
1341_18_7_3117_84_13689_85,0.6704956015
12_40_44_2024_18,0.6698874829
12_40_44_2632_18,0.6688874829
40_44_5224_60_1434,0.6685757285
40_44_18_182_44,0.6680995776
12_39_736_21_40_44,0.6680505533
850_785_18,0.6674102395
149_39_68_21_18_12,0.6637198735
25_18_25697_84_5,0.6634050091
5021_1454_84_18_85,0.6606411640
145_118_12_40_44,0.6565196268
12_40_44_1751_25,0.6563750346
12_40_44_3708_18,0.6532833163
40_44_402_4903_18_84_9048_85,0.6512100866
610_67,0.6489719073
402_7981_18_84_278_85,0.6415600196
402_9047_18_84_9048_85,0.6415600196
62_2240_2241_84_18_85,0.6410600196
402_9047_2241_84_18_85,0.6400600196
4717_443_663_1785_84_18_85,0.6399171625
1241_443_663_1785_84_18_85,0.6399171625
4726_663_1785_84_18_85,0.6394171625
1522_2243_2244_84_18_85,0.6388100196
175_880_84_18_85,0.6332055821
18_5021_1454,0.6306713751
2159_21_18_5021_1454,0.6305627250
5_84_529_85_2,0.6298244068
2552_2553_88,0.6289555821
40_44_1751_25_608_1103_18,0.6266401222
59_27,0.6233157403
84_1148_158_2_277,0.6232580097
18_60_5745_1276,0.6199972651
68_21_18_12_40_44,0.6187038430
157_566_58_970,0.6173763447
277_2_258_158_85,0.6153763447
963_85_555_33_84,0.6143763447
534_33_536_537,0.6143763447
981_982,0.6143763447
1919_908_603_84_18_85,0.6143695434
4193_5964_12992_1276_84_18_85,0.6137624006
1679_1233_18_84_17130_85,0.6137624006
16079_12992_1276_84_18_85,0.6137624006
158_93_258_158_85,0.6134963656
39_693_7_688_21_5,0.6121190243
40_44_1751_25_608_18,0.6117357932
1448_277_2_258_158_85,0.6097442574
602_4717_443_663,0.6081371145
85_555_33_34052_84_4776_85,0.6080187796
688_7_693_21_5_84,0.6047722828
18_2054_2081,0.6021881742
118_5_84_5_85_29,0.5986465905
149_39_68_21_40_44,0.5984572730
1013_18_5021_1454_84_18_85,0.5958574793
12_39_68_21_40_44,0.5952536369
402_7981_18_84_278,0.5871187597
231_88,0.5843665834
532_33_533_534,0.5788945519
117_118_18_29_128,0.5762062864
12_39_531_144_84,0.5705322223
21_5_149_39_68_21,0.5684471048
602_4717_443_663_1785,0.5639151518
899_945,0.5608924074
1516_1517,0.5608924074
391_868,0.5608924074
5934_4529,0.5608924074
6675_15751,0.5608924074
391_617,0.5608924074
815_39_688_21_5,0.5608658138
618_84_1148_158_85,0.5592657189
84_277_1448_277_2_258,0.5589005200
678_208_25_679_18,0.5588829401
273_161_7751_13778,0.5587204860
12_40_44_2024_18_966,0.5577907008
342_51_25_815_39_688,0.5565528461
118_39_1001_21_127_342,0.5563791471
732_4719_40_44,0.5563713505
12_40_44_1103_18,0.5560102521
2_130_2_729_2,0.5556991471
531_84_1148_158_85,0.5553840538
620_84_1148_158_85,0.5553840538
110_7202,0.5543840538
970_14237,0.5543840538
691_118_25_692_39_688,0.5537188000
2422_2602,0.5532657189
602_4726_663_1785,0.5525528461
118_6648_6649_4469,0.5516531773
1719_1361,0.5516531773
1784_1785,0.5508590741
6651_624,0.5508590741
391_1719,0.5506531773
84_5_85_556_33,0.5496259225
39_691_21_127_342_51_25_692,0.5495134241
100_157_33_685,0.5485040747
55_10_678_208,0.5477912019
158_2_258_158_85,0.5476647552
128_161_21_40_44,0.5470645748
127_5402_709,0.5467912019
39_688_7_693_21_5_12,0.5467829021
39_469_21_127_342_51_25_584,0.5465610432
982_983,0.5456711810
23436_2178,0.5436711810
4193_5964,0.5436711810
1024_1025,0.5436711810
2243_2244,0.5429795699
84_1148_158_2_277_85,0.5427442574
84_1148_158_2_277_85_2,0.5427442574
2_277_3176_25_85,0.5427442574
618_2023_128_888,0.5411371145
970_14237_78,0.5411371145
85_556_33_557_558_33,0.5411371145
532_33_533_534_33,0.5411371145
93_277_337_3449,0.5411371145
1241_443_663_1785,0.5411371145
33_545_106,0.5411371145
532_33_533_534_33_535_132_534_33,0.5411371145
157_566_567_195,0.5411371145
161_4960_60_7751,0.5404795699
5_84_5_85_12_39,0.5399114330
55_10_105_25_151_11,0.5397541940
342_51_25_692_39_688,0.5327190937
29_208_12_39_68_21,0.5324001886
5_84_5_85_2_128,0.5308948995
5187_5188_443_120,0.5304319509
21_5_12_39_736_21,0.5269870680
193_21_5_12_39_68_21,0.5203309864
563_558_33_565_558_33,0.5197846141
688_7_693_21_5_12,0.5192126515
25697_84_5_85_2,0.5191127076
118_39_469_21_127_342_51_25,0.5154181891
16079_12992,0.5143843133
4960_185,0.5143843133
23537_2524,0.5143843133
39_688_7_693_21_5,0.5136477188
151_11_12_39_68_21,0.5128704643
691_21_127_342_51_25,0.5115551854
39_469_21_39_342,0.5100652264
100_157_33_3662,0.5085043342
113_1458_1221,0.5084096669
144_84_258_158_85,0.5083303965
13742_215_526,0.5066704447
4824_4825,0.5066704447
1719_5732,0.5066704447
3676_168,0.5066704447
127_342_51_25_584_39,0.5061367448
127_342_51_3125_25,0.5043367448
342_51_25_692_39,0.5011398008
499_929_25_930_906,0.5004175786
4193_5964_12992,0.4999487314
12_39_68_21_602,0.4987194462
1307_3370,0.4976371113
1316_163,0.4974487314
8917_120,0.4974487314
5187_5188,0.4974487314
574_3039,0.4974487314
5927_2209,0.4974487314
2_1148_158_85_60,0.4965375986
8359_663,0.4964487314
850_785,0.4964487314
1065_5363,0.4964312145
5689_2829,0.4964312145
118_25_815_39_688,0.4962903559
157_566_58_970_14237,0.4959151518
4717_443_663_1785,0.4959151518
1154_1592_1593,0.4959151518
337_3449_135_3176_137,0.4959151518
10_208_12_39_68_21,0.4952979008
44_1751_25_608_1103,0.4952904577
1166_9085,0.4952827775
14334_14335,0.4944312145
461_208_149_39_68_21,0.4935359135
144_84_1148_158_85,0.4925096404
4_11_4_5_12,0.4924271850
24276_1395,0.4908667833
112_3458,0.4908667833
6170_357,0.4908667833
9232_357,0.4908667833
6631_796,0.4908667833
8042_1558,0.4908667833
583_1769,0.4908667833
6117_1020,0.4908667833
51_25_815_39_688,0.4904373949
118_25_815_39_688_21,0.4898488812
2_729_2_728_2,0.4894683779
128_581_2_130_2,0.4890351726
629_294,0.4884011124
1651_2019,0.4884011124
1016_2054,0.4884011124
447_2189,0.4884011124
357_2453,0.4884011124
785_18836,0.4884011124
1064_1065,0.4884011124
4048_1298,0.4884011124
7331_594,0.4884011124
5494_1586,0.4884011124
2540_4730,0.4884011124
13742_215,0.4884011124
337_3449,0.4884011124
4057_4007,0.4884011124
14208_1166,0.4884011124
13617_3034,0.4884011124
3366_3434,0.4884011124
4800_7238,0.4884011124
7238_1259,0.4884011124
1499_1500,0.4884011124
1775_1776,0.4884011124
7330_7331,0.4884011124
545_106,0.4884011124
256_1024,0.4884011124
5304_2209,0.4884011124
4050_1501,0.4884011124
84_1148_158_85_60,0.4879055113
6883_1307,0.4874487314
1024_1120,0.4874011124
3070_3034,0.4874011124
13764_405,0.4874011124
4007_4008,0.4874011124
8431_5188,0.4874011124
84_84_257_85_85,0.4871339465
720_84_5928_85_2,0.4849683779
258_158_85_2_7,0.4844736185
5_3688_84_14891_85,0.4842828034
1001_118_25_815_39,0.4837854913
7739_4157,0.4837348628
93_277_3176_2,0.4832603202
85_556_33_557,0.4827796248
16898_84_2569_85,0.4826531773
84_100_157_33_1000_100_157_33,0.4826531773
9047_2241_84_18_85,0.4822628358
4666_3138,0.4822348628
2516_3075,0.4822348628
8263_3254,0.4822348628
391_2422_2602,0.4816531773
5921_18969,0.4816531773
576_33_577_33_578_33_579_33_580_204_33,0.4816531773
157_566_58_970_14237_78_558_33,0.4816531773
682_100_157_33_3662,0.4816531773
554_33_555_33_84,0.4816531773
13393_14417,0.4816531773
18068_2518,0.4812348628
678_208_12_39_68_21,0.4811345955
342_51_25_582_39,0.4786260484
342_51_25_582_473,0.4786260484
84_5_85_55_10_208,0.4773174820
127_342_51_701_25,0.4772158496
2802_3716,0.4770194643
60_5_84_1148_158,0.4759765688
2_729_2_4874,0.4759207588
118_127_342_51_701_25,0.4759038262
100_157_33_3024,0.4756629405
128_130_2_729_2,0.4754336368
5_84_5_85_29_39,0.4753214995
39_1001_21_39_342,0.4752838643
144_84_258_1449_85,0.4748443866
149_315_820_687,0.4747541940
5021_1454,0.4747015295
1394_13492,0.4747015295
774_613,0.4747015295
183_84_3215_85_5,0.4740867128
68_21_608_25_462,0.4740867128
2516_3119,0.4732015295
4298_1889,0.4732015295
1163_1164,0.4732015295
1678_18063,0.4732015295
1089_5770,0.4732015295
2552_2553,0.4732015295
7_3117_84_13689_85,0.4724812559
499_929_25_930,0.4724795699
402_8503_2241,0.4724795699
402_7981_2241_84,0.4724795699
4800_7238_246,0.4724795699
1525_1526,0.4722015295
3626_2792,0.4722015295
4974_153_21_2601,0.4722015295
44_8951_8952,0.4717541940
1522_2243_2244,0.4714795699
277_337_3449,0.4714795699
7330_7331_594,0.4714795699
2_3_4_5_2,0.4699841487
21_127_342_51_25_815,0.4697541940
8786_14372,0.4694956327
12_39_341_342_2_275,0.4692149754
1341_3038_7_3117,0.4689956327
215_526,0.4679956327
1001_21_127_342_51_25_582,0.4674413159
2017_988,0.4669956327
688_7_689_21_5,0.4663174820
39_1001_21_127_342,0.4659541940
12_128_130_2_729,0.4655995908
128_538_2_130_2,0.4655995908
25_582_473_5,0.4652319718
36_39_95_7_567_58,0.4652319718
8503_2241,0.4650695703
179_100_157_33_25_100_157_33,0.4644626679
149_403_1249_861,0.4642319718
727_6480,0.4640695703
158_93_277_3176,0.4637826679
273_161_4960_60_7751,0.4637826679
128_130_129_132,0.4635519718
128_1504_188_798,0.4635519718
129_758_84_5805_85,0.4634319509
16079_12992_1276,0.4634319509
68_21_1751_25_608,0.4630390937
4007_4008_294,0.4624319509
899_945_946,0.4621872438
9092_836,0.4621872438
987_988,0.4621872438
574_836,0.4621872438
2017_3394,0.4621872438
2138_5122,0.4621872438
2476_174,0.4621872438
110_8917,0.4621872438
5082_2794,0.4621872438
1274_2717,0.4621872438
1269_4093,0.4621872438
5161_6152,0.4621872438
568_1114,0.4621872438
499_1085,0.4621872438
8767_4051,0.4621872438
1460_1461,0.4621872438
55_10_208_25_679,0.4619541940
3945_2518_294_84,0.4614319509
5304_2209_567,0.4614319509
51_701_25_692,0.4612319718
1929_7916,0.4593167344
40_12_39_5_144,0.4592280265
84_5_85_55_10,0.4546409322
884_2155,0.4541539104
1178_1179,0.4541539104
3288_4525,0.4541539104
1005_227,0.4541539104
1529_2956,0.4541539104
1932_5741,0.4541539104
672_2722,0.4541539104
2516_3185,0.4541539104
3034_1630,0.4541539104
3942_4666,0.4541539104
4545_6604,0.4541539104
5266_5267,0.4541539104
18221_594,0.4541539104
2138_5116,0.4541539104
5192_638,0.4541539104
113_1458,0.4532015295
2906_1150,0.4532015295
1879_1880,0.4532015295
7837_1105,0.4521539104
12_39_341_342_2,0.4476698603
21_39_688_7_693_21,0.4475698531
688_21_5_12_39_68_21,0.4470005731
116_640,0.4469480136
13460_3394,0.4469480136
1060_1061,0.4469480136
3011_1977,0.4469480136
520_521,0.4469480136
1470_1471,0.4469480136
9122_3718,0.4469480136
8767_1,0.4469480136
692_39_688_7_693_21,0.4469467039
105_25_151_11_12,0.4466689261
39_1001_21_127_342_51,0.4461278758
110_8917_120,0.4459956327
707_629,0.4459956327
39_2865_21_5_12_39,0.4452632977
39_469_21_127_342_51_25_582,0.4451225836
51_1702_863,0.4446955120
403_39_3057_21_39,0.4444990505
1952_346,0.4441702359
14388_5623,0.4439480136
1847_664,0.4439480136
499_929,0.4439480136
4917_3062,0.4439480136
972_973,0.4439480136
265_499_929_25_930,0.4430775042
5_29_170_21_39,0.4422111034
815_39_688_7_693_21,0.4409467039
1703_39_688_7_693_21,0.4408990849
21487_59,0.4408670427
899_4358,0.4408670427
2042_8295,0.4408670427
5727_1276,0.4408670427
5_84_5_85_55_10,0.4404888812
39_469_21_39_342_51,0.4402271850
266_39_688_7_693_21,0.4398990849
118_25_692_39_688_7,0.4387305463
39_688_7_693_21_39,0.4371342712
691_118_39_469_21,0.4348586470
55_10_208_12_39,0.4339451337
2594_503,0.4333674366
25_151_11_12_39_68_21,0.4332979008
469_21_127_342_51_25_815,0.4331798019
1651_39_20_21_128,0.4325553326
469_21_39_342_51_25,0.4317044367
127_342_51_25_692,0.4316926799
21_127_342_51_25,0.4302979008
25_692_39_688_7,0.4297128993
21_127_342_265_25,0.4293455199
18_84_18_85_2,0.4291252160
691_118_25_815_39_688_7,0.4284484950
25_692_39_693_7,0.4277605183
8431_5188_443,0.4271704368
25_815_39_952_21,0.4270975146
17060_5_84_6871_85,0.4270383574
118_25_815_39_78_21,0.4268488812
25_815_39_688_7,0.4267605183
342_51_25_584_39,0.4265553326
12_1170_7_1346_44,0.4261451337
117_118_5_84_5_85,0.4260052908
161_4960_185,0.4254312145
14380_14454,0.4254312145
4553_4554,0.4254312145
51_3125_25_692_39,0.4250975146
1064_4147,0.4247841186
21_39_341_342_51_25,0.4236788532
39_469_21_127_342_29_25,0.4236312342
25_151_315_11_820,0.4230158496
93_277_3176_25,0.4229055113
691_118_39_691_21_127,0.4225668299
3505_2_277_3176_25,0.4222983684
9_10_105_25,0.4220158496
40_84_277_85,0.4215716843
3213_1395,0.4204314609
1472_9439,0.4204314609
26691_526,0.4204314609
3324_891_342_21,0.4189514453
3324_891_132_21,0.4183443024
1499_1500_21,0.4183443024
118_25_692_39_688_7_693_21,0.4181345955
1478_5116,0.4179314609
3020_3467,0.4179314609
1140_5132,0.4179314609
277_337_3449_84_3176_85_25,0.4173443024
593_594,0.4169314609
13577_526,0.4169314609
39_68_21_722_149,0.4168312342
342_51_25_815_39,0.4162509616
691_118_25_342_39,0.4161345955
25_1703_39_78_21,0.4158788532
25_582_39_688_7,0.4158788532
691_118_39_469_21_127_342_51_25,0.4156260484
691_118_25_815_39_688_21,0.4151345955
691_118_39_469_21_127,0.4139038262
691_118_25_584_39,0.4139038262
989_118_25_1703_39,0.4139038262
989_118_25_692_39,0.4139038262
275_341_128_20_21,0.4139038262
25_692_39_688_7_693_21,0.4138788532
51_25_692_39_688_7_693_21,0.4138788532
39_952_7_693_21,0.4138788532
25_582_39_229_21,0.4138312342
2346_1591,0.4135662209
51_3125_25_815_39,0.4132158496
342_51_3298_25,0.4129038262
342_51_25_1703_39,0.4126260484
469_21_127_342_51_25_692_39,0.4126260484
127_342_489_25,0.4124936273
2415_39_1765_82,0.4122966834
80_9_105_82,0.4122966834
39_469_21_39_341_342_51,0.4122634686
989_118_39_469_21,0.4119514453
989_118_25_815_39,0.4119038262
1001_118_25_692_39,0.4119038262
118_127_342_489_25,0.4119038262
128_3901_726_21,0.4114936273
342_51_1702_863,0.4112966834
25_584_39_229_21,0.4112634686
39_567_21_722_149,0.4112158496
5260_7_5298_21,0.4103443024
12_18_84_18_85,0.4095796391
5_85_12_40_44,0.4089862393
5_149_39_1134_21,0.4049523309
21_18_84_18_85,0.4047901655
55_10_105_25_151,0.4014815629
183_1236_84_5_85,0.3997456327
3072_2981,0.3988838418
5402_709,0.3988838418
632_2162,0.3988838418
16994_1787,0.3988838418
1886_4582,0.3988838418
5108_1117,0.3988838418
1275_977,0.3988838418
674_3426,0.3988838418
2066_1164,0.3988838418
3666_703,0.3988838418
4542_1010,0.3988838418
1776_1082,0.3988838418
6210_690,0.3988838418
3634_812,0.3988838418
1370_594,0.3988838418
5604_464,0.3988838418
1773_357,0.3988838418
695_16994,0.3988838418
5404_1607,0.3988838418
538_2_130_2_729,0.3982456327
9652_5_84_18066_85,0.3982456327
175_880_881,0.3974956327
678_208_149_39_68_21,0.3974225698
183_5_84_17125_85,0.3972456327
5304_2209_720_84_5928_85,0.3969956327
4202_5_3688_84_14891_85,0.3969956327
130_129_758_84_5805_85,0.3969956327
13521_2969_84_13522_85,0.3969956327
17052_84_17070_85,0.3969956327
277_337_3449_135_3176_137,0.3959956327
2182_84_2358_85,0.3959956327
682_904_687_85,0.3959956327
860_1305_128_888,0.3959956327
785_18836_4827,0.3959956327
1775_1776_1082,0.3959956327
3627_14372,0.3959956327
110_7202_5337,0.3959956327
14208_1166_9085,0.3959956327
2540_4730_1066,0.3959956327
23436_2178_357,0.3959956327
4598_4495,0.3949956327
265_130_25_930_906,0.3927440629
40_44_18_84_18_85,0.3917243119
39_691_21_127_342_51,0.3893108966
12_40_44_402,0.3851906437
39_469_21_127_342_29,0.3836955120
7751_18_84_18_85,0.3834909376
3038_7_18_84,0.3823909376
130_2_729_2_728,0.3801980136
11_7_147_148,0.3796280136
470_528_7_126_118,0.3789480136
126_118_170_605,0.3789480136
273_1394_13492,0.3781251233
572_140_157_158_687,0.3779480136
4057_4007_4008_294,0.3779480136
8431_5188_443_120,0.3779480136
981_982_983,0.3779480136
256_1024_1120,0.3779480136
256_1024_1025,0.3779480136
5494_1586_118,0.3779480136
13617_3034_1630,0.3779480136
738_1608_3063,0.3779480136
1943_1944,0.3779480136
18320_18321,0.3779480136
3844_3845,0.3779480136
3666_4503,0.3779480136
3085_1963,0.3779480136
62_6883_995_946,0.3779480136
2000_13764_405,0.3779480136
5927_2209_720,0.3779480136
574_836_1630,0.3779480136
8774_4889_246,0.3779480136
8652_28720,0.3779480136
4012_2908,0.3779480136
5304_5916,0.3779480136
3613_2555,0.3769480136
4057_4007_4008,0.3761702359
5927_2209_720_84_5928_85,0.3759956327
4193_5964_12992_1276,0.3759480136
447_2189_246,0.3759480136
5304_2209_720,0.3759480136
574_3039_1630,0.3759480136
3070_3034_1630,0.3759480136
7088_7089,0.3759480136
39_324_21_127_342,0.3757379682
12_127_342_2_275,0.3753357460
39_193_21_5_12_39,0.3753053944
39_1001_21_127_342_51_25_815,0.3751225836
39_1001_21_127_342_51_25_692,0.3751225836
906_437_60_12_793,0.3751225836
1518_7238_1259,0.3749956327
2159_21_18_5021,0.3745560018
990_265_749_991_419,0.3744797264
990_51_749_991_1247,0.3744797264
39_334_461_208,0.3737575042
127_1651_2019,0.3730775042
265_499_1085_25_930,0.3730775042
39_545_106,0.3730775042
193_558_33_18,0.3723060018
29_128_1055_7_11,0.3721225836
18_84_9048_85,0.3714778053
12_40_44_7751,0.3709710924
12_40_44_602,0.3709710924
1702_863,0.3707843195
12_40_44_7751_18_84_18_85,0.3682899511
262_2949_18,0.3674060018
12_40_44_18_2,0.3662414696
499_1085_25_930,0.3639833600
1245_465_450_23,0.3639647638
114_12_40_44,0.3639163529
1608_3063,0.3595546807
29_11_12_39_68_21,0.3574512332
9672_501,0.3573844951
4928_502,0.3563844951
25_151_11_12_39,0.3549114675
558_33_18_157_566,0.3544742741
118_39_1001_21_127_342_51_25,0.3514231803
118_25_815_39_688_7_693_21,0.3507009581
437_7_12_793_44,0.3504231803
691_118_25_692_39_688_7_693_21,0.3490855735
39_469_21_39_342_51_25,0.3488112332
437_60_12_793_44,0.3471924111
5_84_33148_85_29,0.3454701889
39_68_21_18_12,0.3449009669
21_402_4903_18,0.3413892233
39_1001_21_127_342_51_25,0.3390969475
39_691_21_127_342_51_25,0.3380969475
40_182_44_5,0.3374413814
29_170_21_39_334,0.3354815629
55_10_105_25,0.3354815629
21_127_342_51_25_582_473,0.3354815629
4_108_2556_25,0.3354815629
5187_5188_443,0.3347364996
25_692_39_688_21,0.3344070665
126_118_127_51_128,0.3341447921
275_388_39_78_21,0.3334225698
275_1651_39_20_21_128,0.3334225698
691_118_25_1703_39,0.3334225698
691_118_25_582_473,0.3334225698
691_118_25_815_39,0.3334225698
275_1651_128_20_21,0.3334225698
25_584_39_78_21,0.3334070665
265_315_1534_25,0.3325291819
25_692_39_78_21,0.3323594475
469_21_39_341_342_51_25,0.3321447921
691_118_25_582_39,0.3314225698
25_1703_39_229_21,0.3313594475
39_3014_7_1248_21,0.3297916819
25_815_39_688_21,0.3293594475
25_692_39_229_21,0.3293594475
39_688_7_160_21,0.3284070665
25_1703_39_688_21,0.3284070665
25_815_39_688_7_693_21,0.3283594475
128_1504_188_798_21,0.3280694597
25_2415_39_1765,0.3280047974
403_1249_4_11_4,0.3277440629
51_3484_182_44,0.3270218407
265_499_929_25_930_906,0.3270218407
286_333_1830_82,0.3270218407
286_324_1830_82,0.3270218407
108_1027_2865_12,0.3270218407
1277_324_1830_82,0.3270218407
286_324_2580_82,0.3270218407
286_1416_1830_82,0.3260218407
25_2415_39_1765_82,0.3257440629
265_367_112_12_39,0.3247440629
40_44_117_118,0.3159316335
40_7_126_118,0.3159316335
2030_346,0.3146275771
18_84_278_85,0.3118448700
18_344_5_1046,0.3088448700
40_44_691_118,0.3085029570
18_7_3117_84,0.3068448700
40_44_402_4903,0.3049828105
40_465_523_5,0.3049828105
2949_18_84_6055_85,0.3044138879
663_1785_84_18_85,0.3044138879
691_118_25_692_39,0.3029819536
39_693_7_688_21,0.3028033956
402_9047_18_84_9048,0.3021638879
40_44_732_4719,0.3002923343
5_12_40_44_18,0.2988668235
7734_4157,0.2964259012
39_688_7_689_21,0.2961367289
2_5_84_5_85_2,0.2948573002
85_7_5_84_5_85,0.2948573002
1134_7_68_21_18,0.2923229898
68_21_18_44_5,0.2912875919
40_44_18_465,0.2901974612
5_149_68_21_18,0.2874588221
40_44_402_18,0.2872450803
40_44_18_182,0.2867450803
18_12_40_465,0.2862450803
84_18_85_2_411,0.2859243400
402_4903_2241_84_18_85,0.2848327435
5_344_1341_18,0.2848098118
40_44_1140_18,0.2847422378
25_1703_39_688_7,0.2843446435
40_44_7751_18,0.2837422378
40_44_2024_18,0.2837422378
40_44_785_18,0.2822220912
1276_84_18_85_7,0.2819243400
1276_84_18_85_2,0.2818132419
85_12_40_44_18,0.2793685232
68_21_40_44_18,0.2783685232
68_21_18_118_128,0.2766128038
149_39_68_21_40,0.2765648549
18_12_39_1637,0.2763616691
1221_84_18_85,0.2762056451
2241_84_18_85,0.2762056451
68_21_176_18,0.2762056451
40_44_462_18,0.2747353324
40_44_62_18,0.2747353324
18_93_48_2,0.2744128461
18_29_128_1679,0.2743176080
1341_3038_7_18,0.2739748759
1341_18_7_3117,0.2739748759
1134_21_2949_18,0.2739748759
40_44_310_18,0.2725532672
40_465_1393,0.2717699890
40_572_687,0.2717699890
5377_358,0.2716395072
18_1381_265_367,0.2714604652
18_84_13689_85,0.2714604652
12_40_44_1785,0.2708624941
44_5_84_5_85,0.2707642633
12992_1276_84_18_85,0.2704783060
723_40_44_402,0.2699783060
12_40_44_1751,0.2698624941
17329_946_84_18_85,0.2689783060
1140_18_84_1060_85,0.2689783060
12_39_68_21_40,0.2688612189
176_18_84_20934_85,0.2683354489
785_18_84_851_85,0.2683354489
2159_1013_18_5021_1454,0.2682283060
9569_245_18_84_14220,0.2677283060
39_1886_18_1342_132,0.2676042523
18_535_758_144,0.2674128461
21_5_12_40_44,0.2660522067
3745_18_3682,0.2659157850
17407_443_18,0.2659157850
3571_1785_18,0.2659157850
7_5_12_40_44,0.2641424845
44_5_12_40_44,0.2640789924
39_469_21_39_341_342,0.2627060591
40_44_14_18,0.2622590369
40_44_1751_18,0.2622590369
18_60_5745,0.2609608981
18_253_3631,0.2609608981
18_443_6151,0.2609608981
68_21_462_18,0.2608839779
469_21_39_342_51,0.2607765695
40_44_7937_18,0.2597388904
40_44_3708_18,0.2597388904
40_44_3680_18_946,0.2596513743
40_44_176_18,0.2593066559
18_12_40_632,0.2593066559
40_44_1434_18,0.2593066559
40_44_602_18,0.2583066559
18_443_5741,0.2580085171
18_2054_1066,0.2580085171
40_44_18_966,0.2576912713
18_4825_1259,0.2575085171
40_44_18_3705,0.2571912713
18_273_1394,0.2570085171
40_44_2632_18,0.2566912713
40_44_1103_18,0.2552590369
18_403_794,0.2549608981
145_118_12_40,0.2541614562
40_44_5224_60,0.2532801407
18_7_3117_12,0.2521898193
3993_1276_84_18_85,0.2519306870
5_84_5_85_33,0.2512133371
84_18_85_29_128,0.2510989031
18_84_6055_85_12,0.2508479063
21_18_7_3117,0.2500276488
68_21_310_18,0.2488742300
25_5_84_5_85,0.2487437740
12_39_1134_21_18,0.2480408268
84_18_85_2159,0.2478742300
40_265_182_44,0.2478479063
2290_18_7_3117,0.2473572289
21_2949_18_84,0.2470276488
16101_1276_84_18_85,0.2469306870
149_39_736_21_18,0.2465408268
68_149_462_18,0.2463742300
12_40_44_18_84,0.2455863602
21_40_44_62,0.2450310789
12_40_44_62,0.2445310789
21_40_44_462,0.2440310789
12_40_44_462,0.2440310789
68_21_62_18,0.2418363588
5_149_18_1414,0.2418363588
68_21_3305_18,0.2417700633
11_12_40_44,0.2414790103
128_144_21_40,0.2410310789
25_18_25697_84,0.2408080975
68_21_18_3705,0.2395392941
4904_84_18_85,0.2395392941
6480_84_18_85,0.2395392941
12_39_736_21_18,0.2393205624
1751_25_608_1103_18,0.2385883342
2524_84_18_85,0.2385392941
402_4903_18_84,0.2385392941
2029_2030_346,0.2381067256
9039_18_7_3117,0.2378964369
9039_3038_7_18,0.2378964369
18_157_566,0.2377185872
531_12_40_44,0.2369790103
736_21_40_44,0.2369790103
12_40_44_310,0.2364269122
402_4903_18_84_9048_85,0.2362688856
39_68_21_18_2,0.2354147543
12_40_44_2632,0.2348115276
12_40_44_3708,0.2348115276
3680_18_946_84_18_85,0.2343455878
5_84_5_85_25,0.2338391448
84_5_85_12_39,0.2338391448
12_40_44_2024,0.2338115276
149_39_1134_21_18,0.2334932077
39_68_21_18_44,0.2325944325
12_40_44_608,0.2323792932
402_7981_18,0.2320873460
402_9047_18,0.2320873460
62_1522_18,0.2320873460
18_40_182_44,0.2315900296
3906_6152_18,0.2314802032
1518_18_1259,0.2314802032
15461_1886_18,0.2314802032
3700_18_946,0.2314802032
1013_18_5021,0.2314802032
682_18_3208,0.2314802032
2024_18_966,0.2314802032
325_467_18,0.2314802032
4992_1046_18,0.2314802032
128_161_21_40,0.2313792932
903_12_40_44,0.2313748436
12_39_5_144_84,0.2311203002
5_84_5_85_149,0.2310266448
51_769_12_40,0.2307639086
51_266_12_40,0.2307639086
12_40_44_7937,0.2307639086
18_51_182_44,0.2307066184
9569_245_18,0.2304802032
21_5_84_5_85_12,0.2298435204
25697_84_5_85,0.2289066704
93_258_158_85,0.2283559012
2_1148_158_85,0.2283559012
84_258_158_2,0.2283559012
84_1148_158_85,0.2283559012
84_529_85_2,0.2282912858
1341_18_12_40,0.2281624030
84_2709_84_85,0.2276759012
84_277_3176_2,0.2276759012
277_3176_25_85,0.2276759012
277_3176_25_2,0.2276759012
85_555_33_84_5_85_555_33,0.2276759012
277_5_44_4588,0.2276759012
84_277_3176_85,0.2276759012
144_84_277_85,0.2276759012
2_277_3176_2,0.2276759012
84_144_502_85,0.2276759012
277_3176_2_85,0.2276759012
84_5_85_555_33,0.2276759012
84_257_85_85,0.2276759012
84_85_344_888,0.2276759012
1046_21_7147_5,0.2276759012
5_84_2569_85,0.2276759012
5_85_556_33,0.2276759012
2_7_5072_84,0.2276759012
5_2709_84_85,0.2276759012
39_68_21_40_44,0.2275809106
5073_2_5071_2,0.2270330441
85_555_33_84,0.2270330441
277_3176_25_93,0.2270330441
277_416_277_2,0.2270330441
277_1448_277_2,0.2270330441
5073_2_5062_2,0.2270330441
84_277_416_277,0.2270330441
2709_84_85_157,0.2270330441
18_265_130_25,0.2267066184
85_555_33_34052_84_4776_85_555_33_34053_84_4833_85_556_33,0.2264259012
970_143_576_33_577_33_578_33_579_33_580_204_33,0.2264259012
85_555_33_34052_84_4776_85_555_33_34053_84_4833,0.2264259012
554_33_555_33_84_27359_963_85_555_33_84,0.2264259012
555_33_84_27359_963_85_555_33_84,0.2264259012
555_33_84_17039_85_555_33_34051_84,0.2264259012
558_33_567_195_2_793_558_33,0.2264259012
970_699_157_566_708_193_558_33,0.2264259012
534_33_536_537_544_33,0.2264259012
157_566_708_193_558_33,0.2264259012
534_33_535_132_534_33,0.2264259012
157_566_567_34060_970_143,0.2264259012
558_33_567_195_2,0.2264259012
558_33_3799_558_33,0.2264259012
579_33_580_204_33,0.2264259012
558_33_563_558_33,0.2264259012
576_33_577_33,0.2264259012
2_6809_2100_33,0.2264259012
1558_84_8086_85,0.2264259012
2_543_2100_33,0.2264259012
2_915_2100_33,0.2264259012
2_503_2100_33,0.2264259012
2_8412_2100_33,0.2264259012
2_257_2100_33,0.2264259012
554_33_555_33,0.2264259012
572_558_33,0.2264259012
62_325_467,0.2264259012
84_682_1247,0.2264259012
558_33_27359,0.2264259012
3276_2_3274,0.2264259012
7145_9249_9250,0.2264259012
1678_768_405,0.2264259012
1000_100_157,0.2264259012
2130_1988_1989,0.2264259012
908_828_2930,0.2264259012
1448_100_157,0.2264259012
157_566_567,0.2264259012
602_4717_443,0.2264259012
558_33_563_558_33_565_558_33,0.2264259012
85_29_33_84_5468_85_5469_33,0.2264259012
532_33_533_534_33_535_132,0.2264259012
558_33_571_572_558_33,0.2264259012
534_33_536_537_534_33,0.2264259012
576_33_577_33_578_33,0.2264259012
33_5466_33_29_33_84,0.2264259012
558_33_723_558_33,0.2264259012
558_33_27359_34054_970,0.2264259012
970_14237_78_558_33,0.2264259012
534_33_130_129_132,0.2264259012
558_33_565_558_33,0.2264259012
558_33_570_558_33,0.2264259012
558_33_1588_558_33,0.2264259012
970_19055_193_558_33,0.2264259012
118_4469_2_118_958,0.2264259012
556_33_557_558_33,0.2264259012
85_555_33_34051_84,0.2264259012
970_699_558_33,0.2264259012
2_134_2100_33,0.2264259012
2_1261_2100_33,0.2264259012
2_371_2100_33,0.2264259012
2_3232_2100_33,0.2264259012
2_258_2100_33,0.2264259012
2_959_2100_33,0.2264259012
157_566_708_193,0.2264259012
2_356_2100_33,0.2264259012
2_1148_2100_33,0.2264259012
558_33_565,0.2264259012
542_2_4408,0.2264259012
277_100_157,0.2264259012
904_100_157,0.2264259012
33_536_537,0.2264259012
199_1066_84,0.2264259012
135_277_137,0.2264259012
602_4726_663,0.2264259012
342_534_33,0.2264259012
118_6648_6649,0.2264259012
5462_33_2404_33_5113_5463_33,0.2264259012
544_33_545_106_546_33,0.2264259012
2_414_2100_33,0.2264259012
542_19902_542_33,0.2264259012
84_277_337,0.2264259012
18_691_118_25,0.2257066184
85_149_39_68_21,0.2232156711
2_7_39_193_21,0.2222156711
18_344_1046_21,0.2217542374
736_21_62_18,0.2214916750
208_25_679_18,0.2214916750
18_84_18_85_29,0.2211933582
18_29_122_44,0.2207066184
68_21_18_12_40,0.2199329414
769_12_40_44,0.2193272246
266_12_40_44,0.2193272246
126_118_40_44,0.2193272246
18_1336_7_273,0.2192779419
80_12_40_44,0.2189313912
603_84_18_85,0.2187224443
402_7_62_18,0.2187224443
21_5_12_39_68_21,0.2185605310
880_84_18_85,0.2177700633
84_277_85_12_39,0.2172156711
84_277_85_2_7,0.2172156711
1454_84_18_85,0.2167700633
991_811_12_18,0.2164916750
608_25_462_18,0.2164916750
68_21_7937_18,0.2164916750
149_39_68_21_62,0.2161603002
367_46_18,0.2156825841
128_171_44_18,0.2155920669
736_21_1341_18,0.2155392941
465_265_41,0.2153325841
723_40_44_18,0.2150484885
1345_12_40_44,0.2143272246
18_253_1046_21,0.2143255610
784_179_18,0.2140397270
608_1103_18,0.2140397270
158_100_157,0.2139728918
179_100_157,0.2139728918
1148_158_93,0.2139728918
21_3038_7_18,0.2135920669
1013_4943_18,0.2134325841
2166_1688,0.2110075867
18_4_147_4,0.2107577954
62_1069_18,0.2090397270
149_39_1134_21_2949,0.2088782489
39_736_21_1341,0.2088782489
1148_158_85_2,0.2088782489
258_158_85_2,0.2088782489
39_688_2_693,0.2088136335
12_40_44_18_60,0.2085010422
462_1069_18,0.2084325841
1679_1233_18,0.2084325841
60_2_277_3176,0.2081982489
128_84_14763_85,0.2081982489
62_2024_18,0.2080873460
12_40_44_18_7,0.2076320439
12_175_880,0.2075553918
100_157_33_1448_100_157_33,0.2075553918
158_2_277_3176,0.2075553918
2431_84_85_157,0.2075553918
9899_2100_33,0.2075553918
273_161_7751,0.2075553918
9899_9757_33,0.2075553918
344_768_1076,0.2075553918
9933_2100_33,0.2075553918
100_157_33,0.2075553918
344_908_828,0.2075553918
9933_9757_33,0.2075553918
44_62_1069,0.2075553918
5987_9757_33,0.2075553918
619_620_85,0.2075553918
12_39_68_21_18,0.2073939519
596_594,0.2069742534
39_1491_21_18,0.2065444479
149_1341_18_736,0.2063725156
149_1341_18_143,0.2063725156
149_1341_18_1414,0.2063725156
44_402_4903_18,0.2063725156
12_40_44_1103,0.2060644130
25_679_18_2,0.2045444479
1341_18_143_12,0.2019358316
39_1248_21_18,0.2015920669
39_736_21_18_12,0.2013027540
149_68_21_18_7,0.2003810729
149_68_21_18_12,0.2003810729
4950_2_5_2_7,0.1995756711
25_679_40_44,0.1985310755
12_40_465_827,0.1979633099
12_1637_40_44,0.1979633099
12_5710_40_44,0.1979633099
118_128_651_21,0.1979090044
84_277_1448_277,0.1976012513
532_33_533,0.1969941085
85_555_33_34052_84_4776,0.1969941085
27359_34054_970,0.1969941085
157_566_58,0.1969941085
44_7751_18_84,0.1969879003
44_1103_18_84,0.1969879003
39_1820_21_18,0.1969402812
880_881,0.1959599677
1448_277_2_258,0.1956782352
277_3176_2_258,0.1956782352
2709_84_85_344,0.1956782352
277_2_258_158,0.1956782352
2_277_3176_25,0.1956782352
144_751_44_39,0.1956782352
5_144_84_258,0.1956782352
85_84_1148_158,0.1956782352
84_277_85_827,0.1956782352
277_3176_2_25,0.1956782352
12_19_7_1170,0.1953248966
5439_1117_21,0.1950710923
558_33_566,0.1950710923
277_3176_158,0.1950710923
1449_157_158,0.1950710923
970_699_157_566,0.1950710923
84_140_157_158,0.1950710923
556_33_557,0.1950710923
117_118_18_29,0.1934923793
2054_2081,0.1929266343
1592_1593,0.1929266343
12_723_40_44,0.1925310755
85_12_39_68_21,0.1917106318
12_128_671_21,0.1882970573
4_108_1262_25,0.1860150060
258_158_85_7,0.1860150060
1148_158_85_60,0.1860150060
1148_158_85_44,0.1860150060
257_158_93_258,0.1860150060
1148_158_85_265,0.1860150060
158_93_258_158,0.1860150060
13220_357,0.1797041848
19400_357,0.1797041848
8774_4889,0.1797041848
258_1449_85_7,0.1772775060
108_402_6630_21,0.1772775060
21_18_12_40_44,0.1771061843
25_679_18_7,0.1767438492
344_1341_18_7,0.1762438492
25_679_18_12,0.1756962302
12_40_44_175,0.1753618628
5_84_5_85_68,0.1723644396
149_18_143_273,0.1696396826
149_39_68_21_18,0.1684195461
44_18_465_265,0.1666962302
9687_357,0.1637041848
1751_25_608_18,0.1614266256
40_784_179,0.1613171792
18_84_258_1449,0.1596747929
40_572_140,0.1580319358
18_265_182_44,0.1574650984
693_7_688_21_5,0.1573513743
158_2_258_158,0.1565243897
688_2_693_2,0.1536847076
5_84_1038_85,0.1536847076
84_1148_158_2,0.1531339384
93_1148_158_85,0.1524910813
8458_503_84_5_85,0.1524539384
2_258_1449_85,0.1524539384
84_618_620_85,0.1524539384
538_2_729_2,0.1524539384
118_128_1001_118,0.1524539384
5_84_18567_85,0.1524539384
1066_13895_84_5_85,0.1524539384
2_130_2_728,0.1524539384
2_729_2_130,0.1524539384
5_84_18534_85,0.1524539384
567_84_1505_85,0.1518110813
1440_2_9706,0.1512039384
157_158_685,0.1512039384
14643_357_2453,0.1512039384
618_619_620,0.1512039384
4730_1066_84,0.1512039384
1241_443_663,0.1512039384
1326_36_5187,0.1512039384
1458_1221_84,0.1512039384
277_337_3449_84_3176_85,0.1512039384
4872_84_17336_85,0.1512039384
758_84_5805_85,0.1512039384
4717_443_663,0.1512039384
135_3176_137,0.1512039384
153_21_2601,0.1512039384
2_277_337,0.1512039384
4960_60_7751,0.1512039384
39_193_21_5_84,0.1511205597
39_78_21_5_84,0.1511205597
39_229_21_5_84,0.1511205597
18_84_1148_158,0.1505638944
84_5_85_2_128,0.1463667736
5_149_39_68_21,0.1463667736
118_5_84_5_85,0.1427066355
85_12_39_736_21,0.1419381527
229_21_5_344_39,0.1419381527
5_12_39_1134_21,0.1419381527
118_39_469_21_39,0.1399381527
51_100_157,0.1384731512
149_39_68_21_462,0.1376605597
7_5_12_39_68_21,0.1356784375
85_4_147_4,0.1351382168
144_820_12_39,0.1351382168
39_68_21_3305,0.1342716708
39_68_21_602,0.1342716708
118_39_793_21_5,0.1337780147
12_39_143_144,0.1336562862
688_21_39_793_21,0.1332981527
39_143_144_84,0.1329762862
2_258_158_85,0.1325868796
273_161_4960,0.1323334290
749_991_1247,0.1323334290
1245_465_523,0.1323334290
732_4719_40,0.1308140595
1001_118_39_1001_21,0.1276784946
743_688_7_693_21,0.1276784946
7737_697_21,0.1270713518
161_4960_60,0.1270713518
39_78_21_5_7,0.1263506598
84_258_158_85,0.1238047773
39_793_21_5_7,0.1232881598
538_2_130_2,0.1231247773
118_12_128_130,0.1225957925
1001_21_39_342,0.1219291258
5_118_128_1472,0.1219157925
68_21_117_118,0.1219157925
118_128_691_118,0.1217491258
118_25_692_39_688,0.1212491258
118_128_117_118,0.1212491258
437_7_12_793,0.1206983566
342_51_25_692,0.1206983566
5_84_6871_85,0.1205183566
84_100_85_33,0.1205183566
729_2_130_2,0.1205183566
183_84_3260_85,0.1205183566
112_12_39_5_144,0.1202491258
793_195_44_5,0.1202491258
815_39_688_7_693,0.1200183566
84_258_140_85,0.1200183566
4202_28_21_5,0.1200183566
2207_84_85_33,0.1200183566
751_44_531_2,0.1200183566
581_2_130_2,0.1200183566
342_2_275_388,0.1200183566
84_258_1449_85,0.1200183566
130_2_728_2,0.1200183566
691_118_39_691,0.1200183566
5_84_2078_85,0.1200183566
5_84_33148_85,0.1200183566
3117_84_13689_85,0.1192683566
3505_2_277_3176,0.1192683566
618_860_1305,0.1192683566
618_2023_620,0.1192683566
118_39_341_342,0.1190183566
161_7751_13778_84_13779_85,0.1187683566
2346_1591_84_4963_85,0.1187683566
2969_84_13522_85,0.1187683566
120_84_14860_85,0.1187683566
5468_85_5469_33,0.1187683566
140_157_158_277,0.1187683566
59_243_2,0.1187683566
183_13521_2969,0.1187683566
5188_443_120,0.1187683566
2_572_687,0.1187683566
93_277_3176,0.1187683566
1678_5_1659,0.1187683566
1449_685_85,0.1187683566
161_7751_13778,0.1187683566
1066_13895_84,0.1187683566
3993_1276_84,0.1187683566
3945_2518_294,0.1187683566
1518_7238_1259_84_2488_85,0.1187683566
1088_84_7762_85,0.1187683566
1298_84_24999_85,0.1187683566
1880_1894_84,0.1187683566
1880_4147_84,0.1187683566
5680_2_5693,0.1187683566
17052_2_5615,0.1187683566
17052_2_4776,0.1187683566
2240_2241_84,0.1187683566
3375_768_1076,0.1187683566
135_10324_137,0.1187683566
2264_273_1395,0.1187683566
4505_245_946,0.1187683566
860_1305_620,0.1187683566
93_258_1449_85,0.1183754994
443_120_84,0.1177683566
2023_620_85,0.1177683566
4726_663_1785,0.1177683566
149_128_1415_21,0.1173528723
39_3057_21_39,0.1167374877
403_128_798_21,0.1167374877
7_4_11_4,0.1167374877
1148_158_85_7,0.1167374877
688_21_5_12_39,0.1159311917
344_39_193_21_5,0.1158649778
12_39_68_21_402,0.1158649778
12_39_68_21_62,0.1158649778
84_5_85_29_128,0.1157803487
5_84_5_85_29,0.1147608912
44_8458_503,0.1147374877
60_12_793_44_5,0.1133649778
149_39_68_21_402,0.1133649778
12_39_68_21_462,0.1128649778
11_12_39_68_21,0.1125025709
208_12_39_68_21,0.1125025709
5_12_39_736_21,0.1117803487
1000_5_12_39_68_21,0.1117803487
117_118_5_2_128,0.1117803487
11_149_39_68_21,0.1105025709
357_84_5_85_7,0.1097803487
118_12_127_342,0.1095481734
531_12_39_68_21,0.1095025709
469_21_127_342_51_25_692,0.1093729597
7_277_2_510,0.1092777654
469_21_39_342,0.1088815068
5_29_108_11,0.1088815068
1336_7_273_68,0.1086328075
25_151_315_11,0.1086328075
25_151_108_11,0.1086328075
990_51_749_991,0.1079899503
990_51_749_1247,0.1079899503
990_265_749_991,0.1079899503
437_60_12_793,0.1076507375
5_29_128_1055,0.1076507375
963_3_4_5,0.1076507375
342_51_25_4036,0.1076507375
324_21_127_342,0.1076507375
85_29_128_1679,0.1076507375
5_55_10_208,0.1076507375
535_688_7_693,0.1069707375
117_118_127_342,0.1069707375
145_118_127_342,0.1069707375
691_118_127_342,0.1069707375
5_84_5577_85,0.1069707375
130_2_729_2,0.1069707375
126_7_324_118,0.1069707375
1236_84_5_85,0.1069707375
117_7_989_118,0.1069707375
85_29_678_208,0.1069707375
989_118_25_582,0.1069707375
642_805_21_5,0.1069707375
720_84_5928_85,0.1069707375
28740_357_84_5_85,0.1069707375
528_7_126_118,0.1069707375
691_118_25_4036,0.1069707375
694_118_127_342,0.1069707375
275_751_39_688,0.1069707375
342_266_39_688,0.1069707375
85_93_48_2,0.1069707375
5_29_678_208,0.1069707375
2_729_2_728,0.1069707375
989_118_127_342,0.1069707375
2_3_4_5,0.1068815068
21_127_342_29_25_692,0.1066328075
2607_7_126_118,0.1063278804
5685_7_126_118,0.1063278804
729_2_728_342,0.1063278804
2_44_60_92,0.1063180196
5_84_543_85,0.1062015068
1559_23_4834,0.1060375694
39_334_1062,0.1059899503
450_23_2925,0.1059899503
450_23_4834,0.1059899503
55_10_155,0.1059899503
51_147_148,0.1059899503
29_147_148,0.1059899503
718_151_208,0.1059899503
9_10_734,0.1059899503
315_820_687,0.1059899503
450_23_930,0.1059899503
450_23_3045,0.1059899503
55_10_769,0.1059899503
55_10_1479,0.1059899503
55_10_1840,0.1059899503
4_108_5835,0.1059899503
1559_23_2925,0.1059899503
55_10_2040,0.1059899503
7_147_148,0.1059899503
718_151_1587,0.1059899503
5_84_5_85_55,0.1057327296
1269_4093_84_8669_85,0.1057207375
729_2_728_132,0.1057207375
1381_265_367_112,0.1057207375
3688_84_14891_85,0.1057207375
140_157_158_687,0.1057207375
461_208_25_679,0.1057207375
2704_7_1345,0.1057207375
161_391_2302,0.1057207375
150_151_839,0.1057207375
3464_768_1076,0.1057207375
711_21_712,0.1057207375
62_2240_2241,0.1057207375
118_170_605,0.1057207375
572_25_687,0.1057207375
17329_946_84,0.1057207375
249_7_259,0.1057207375
1751_60_608,0.1057207375
62_115_603,0.1057207375
535_132_1710,0.1057207375
62_6883_995,0.1057207375
402_4903_2241,0.1057207375
2054_1066_2055,0.1057207375
175_880_84,0.1057207375
62_908_603,0.1057207375
1285_1286_118,0.1057207375
28740_357_84,0.1057207375
729_2_4874,0.1057207375
643_7_482,0.1057207375
608_60_462,0.1057207375
8458_503_84,0.1057207375
130_535_132,0.1057207375
929_25_930,0.1057207375
1085_25_930,0.1057207375
489_25_584,0.1057207375
3945_2518_366,0.1057207375
84_636_637_403_638_85,0.1057207375
5927_2209_720_84_5928,0.1057207375
895_542_145_118,0.1057207375
342_489_25_815,0.1057207375
275_489_25_815,0.1057207375
150_151_1587,0.1057207375
402_7981_2241,0.1057207375
488_21_712,0.1057207375
1919_908_603,0.1057207375
130_129_758,0.1057207375
132_51_3125,0.1057207375
4008_294_84,0.1057207375
908_603_84,0.1057207375
129_535_758,0.1057207375
5260_7_5298,0.1057207375
2554_129_758,0.1057207375
465_827_523,0.1057207375
80_9_1840,0.1057207375
275_9_732,0.1057207375
2_990_51_749,0.1057026350
404_25_82_21,0.1057026350
2_4_147_4,0.1057026350
122_44_108_123,0.1056507375
85_29_108_1027,0.1056507375
118_1277_324,0.1055501026
450_23_367,0.1052121726
619_128_888,0.1050375694
990_265_749_419,0.1049899503
2_130_2_729,0.1049707375
1001_118_25_815,0.1049707375
1001_118_127_342,0.1049707375
130_2_729_342,0.1049707375
1001_118_25_582,0.1049707375
5_29_461_208,0.1049707375
2415_39_1765,0.1049429597
994_144_342,0.1049429597
95_7_567_58_84_1564_85,0.1043278804
44_60_92_5,0.1042958111
567_149_39_68_21,0.1038625709
678_208_25_679,0.1037207375
1305_128_888,0.1037207375
812_1054_2,0.1037207375
6446_21_3467,0.1037207375
5661_503_1259,0.1037207375
1504_188_798,0.1037207375
3463_768_1076,0.1037207375
16898_84_2569,0.1037207375
62_87_946,0.1037207375
21004_27149,0.1037207375
1982_1983,0.1037207375
95_7_567_58,0.1037207375
874_33_875_33,0.1037207375
2023_128_888,0.1037207375
105_25_4834,0.1037207375
7982_246_84,0.1037207375
402_9047_2241,0.1037207375
14453_798_14454,0.1037207375
701_25_692,0.1037207375
84_2358_85,0.1037207375
2029_891_812,0.1037207375
226_768_5188,0.1037207375
1627_991_1247,0.1037207375
4274_4275,0.1037207375
896_82_39,0.1037026350
29_39_334_461,0.1036804265
29_39_334_1679,0.1036804265
990_51_128_991,0.1036804265
2865_21_5_12_39,0.1034549519
112_820_82,0.1030954921
5_84_18066_85,0.1030183566
1014_805_21_5,0.1030183566
4_108_2556,0.1029899503
414_273_1395,0.1029899503
450_23_1575,0.1029899503
720_149_39_68_21,0.1028625709
688_7_693_21_39,0.1028625709
84_14220_85,0.1023754994
29_208_12_39_68,0.1021773588
39_469_21_127_342,0.1018953075
21_39_341_342,0.1018360889
39_688_21_705,0.1018360889
39_68_21_608,0.1017884699
82_5_29_11,0.1017884699
3_4_5_2,0.1017884699
3038_7_3117,0.1017683566
768_1076_84_2011_85,0.1017683566
6502_720_84_14528_85,0.1017683566
346_84_2032_85,0.1017683566
84_682_904,0.1017683566
2_994_144,0.1017683566
729_2_14440,0.1017683566
39_1134_21_1341,0.1012207043
128_798_21_618,0.1012207043
39_736_21_62,0.1012207043
25_584_39_688,0.1012207043
25_815_39_688,0.1012207043
39_68_21_722,0.1011730853
12_1170_7_1346,0.1011730853
128_1055_7_11,0.1011730853
25_1703_39_688,0.1011730853
29_108_11_68,0.1011730853
25_692_39_952,0.1011730853
108_11_7_1055,0.1011730853
265_130_25_930,0.1011730853
29_208_25_679,0.1011730853
25_815_39_952,0.1011730853
21_608_25_462,0.1011730853
25_582_39_688,0.1011730853
315_11_820_5,0.1011730853
651_21_39_78_21,0.1008625709
127_342_2_275,0.1005407043
51_701_25_815,0.1005302281
315_11_820_531,0.1005302281
51_3125_25_815,0.1005302281
51_3125_25_692,0.1005302281
253_39_721_2264,0.1005302281
403_1249_4_11,0.1005302281
567_12_39_68_21,0.1005025709
128_729_2_728,0.1004930853
39_341_342_2,0.1004930853
128_130_2_729,0.1004930853
39_531_144_84,0.1004930853
10_105_25_151_11,0.1004746726
118_39_1001_21_127,0.1001959042
118_39_469_21_127,0.1001959042
5_51_122_44,0.1001403487
128_3324_891,0.0998978472
21_402_8503,0.0998978472
749_991_419,0.0998978472
403_1249_170,0.0998978472
128_3901_726,0.0998978472
7_3008_2599,0.0998978472
4_5835_195,0.0998978472
44_402_8503,0.0998978472
265_1287_11,0.0998502281
4_3416_118,0.0998502281
23_367_1014,0.0998502281
12_1839_687,0.0998502281
12_732_4719,0.0998502281
121_461_208,0.0998502281
127_911_342,0.0998502281
51_367_1303,0.0998502281
403_1249_861,0.0998502281
7_175_880,0.0998502281
44_402_9047,0.0998502281
749_1627_991,0.0998502281
1277_324_1830,0.0998502281
121_678_208,0.0998502281
29_939_208,0.0998502281
7_1248_2602,0.0998502281
403_642_124,0.0998502281
10_678_208,0.0998502281
403_1249_705,0.0998502281
334_461_208,0.0998502281
29_695_11,0.0998502281
128_1627_991,0.0998502281
39_721_5741,0.0998502281
7_693_21_5_12,0.0997166158
2761_6066_44,0.0996833671
118_25_584_39,0.0994736820
208_12_793_44,0.0994736820
688_7_693_12,0.0994736820
85_265_130_25,0.0994736820
85_265_182_44,0.0994736820
39_68_21_3906,0.0991730853
51_3484_182,0.0990724503
469_21_127_342_51_25_584_39,0.0989651350
44_175_880,0.0988978472
149_402_4903,0.0988978472
39_469_21_39_341,0.0988953075
208_149_39_68_21,0.0985025709
688_7_160_21,0.0982429128
815_39_952_21,0.0982429128
688_7_689_21,0.0982429128
461_208_149_39,0.0982429128
903_39_688_21,0.0982429128
1170_7_1346_44,0.0982429128
952_7_693_21,0.0982429128
21_1751_25_608,0.0981730853
25_687_21_904,0.0981730853
44_1751_25_608,0.0981730853
12_397_25_692,0.0981730853
149_39_721_780,0.0981730853
85_29_39_334,0.0978857852
118_127_51_128,0.0978857852
12_793_44_5_12,0.0977642349
688_7_693_21_5,0.0977042784
2023_620_149,0.0976357699
39_691_21_127_342,0.0975583111
1703_39_78_21,0.0972429128
144_84_258_158,0.0972429128
39_474_798,0.0968502281
39_693_7_688,0.0968360889
3_4_5_84,0.0968360889
807_25_151_128,0.0966550160
751_44_1245_21,0.0966550160
5_29_39_334,0.0965524519
12_1751_25_608,0.0962207043
25_692_39_693,0.0962207043
25_815_39_535,0.0962207043
39_688_21_5_12,0.0959150779
128_729_2_130,0.0955407043
273_1886_1395,0.0948978472
128_812_1054,0.0948978472
39_3945_2518,0.0948978472
128_1235_342,0.0948978472
128_4202_28,0.0948978472
469_21_127_342_29_25,0.0946550160
150_151_315,0.0940478731
3303_25_151,0.0940478731
465_2394_23,0.0940478731
3760_3_4,0.0940478731
465_450_23,0.0940478731
39_193_21_5_12,0.0938525779
729_2_728_2,0.0938068425
183_84_3215_85,0.0938068425
989_118_25_692,0.0938068425
39_2865_21_5_12,0.0934864571
39_78_21_5_344,0.0934864571
39_193_21_5_4,0.0934864571
39_229_21_5_344,0.0934864571
183_5_84_17125,0.0931639854
5_29_11_149,0.0930927296
39_193_21_5_149,0.0927642349
5224_60_1434,0.0925568425
7_689_21_5_12,0.0914864571
2916_841_39,0.0910954921
656_21_68_44,0.0904260630
118_25_582_39,0.0904260630
694_118_5_29,0.0904260630
118_25_1703_39,0.0904260630
360_55_10,0.0902042868
990_121_749,0.0902042868
9_23_10,0.0902042868
103_207_151,0.0902042868
718_23_151,0.0902042868
411_450_23,0.0902042868
117_118_5_29_128,0.0901403487
29_122_44_128,0.0898696714
151_11_12_39,0.0898696714
10_208_12_39,0.0898696714
265_751_12_128,0.0898696714
51_25_815_39,0.0898696714
118_5_55_10,0.0898106784
275_751_39_78_21,0.0898106784
815_39_688_21,0.0898106784
117_118_5_55,0.0898106784
692_39_688_7,0.0898106784
25_582_473_39,0.0892542868
55_10_734_25,0.0892542868
827_10_182_44,0.0892542868
51_25_582_473,0.0892542868
127_342_51_25,0.0892542868
12_39_1812_21,0.0892542868
999_128_1415_21,0.0892542868
151_315_11_820,0.0892542868
51_25_584_39,0.0892542868
29_315_11_820,0.0892542868
103_29_1795_82,0.0892542868
29_128_1055_7,0.0892542868
55_10_208_25,0.0892542868
55_10_208_149,0.0892542868
253_39_721_414,0.0892542868
51_238_25_151,0.0892542868
51_105_25_151,0.0892542868
701_25_815_39,0.0891952937
489_25_692_39,0.0891952937
815_39_229_21,0.0891952937
126_118_127_51,0.0891952937
2_275_388_39,0.0891952937
126_118_12_127,0.0891952937
342_51_818_25,0.0891952937
692_39_229_21,0.0891952937
342_51_701_25,0.0891952937
692_39_693_7,0.0891952937
1651_128_20_21,0.0891952937
275_9_769_39,0.0891952937
144_84_1148_158,0.0891952937
692_39_952_21,0.0891952937
5_84_258_158,0.0891952937
567_21_722_149,0.0891952937
1703_39_229_21,0.0891952937
692_39_78_21,0.0891952937
5_807_25_151,0.0891952937
3125_25_692_39,0.0891952937
118_25_582_473,0.0891952937
388_39_229_21,0.0891952937
678_208_12_39,0.0891952937
150_151_11_12,0.0891952937
388_39_78_21,0.0891952937
1535_118_5_29,0.0891952937
145_118_12_127,0.0891952937
2_275_489_25,0.0891952937
342_1268_82,0.0891952937
118_127_342_51,0.0891952937
118_25_4036_39,0.0891952937
126_118_12_128,0.0890927296
124_977_149,0.0885881509
402_1433_21,0.0885881509
275_3174_25,0.0885881509
324_1830_82,0.0885881509
275_912_473,0.0885881509
275_3269_82,0.0885881509
991_1247_12,0.0885881509
991_419_265,0.0885881509
991_1247_251,0.0885881509
324_81_82,0.0885881509
367_315_11_820,0.0885881509
572_140_157_158,0.0885881509
150_641_25,0.0885881509
80_1830_82,0.0885881509
275_5096_128,0.0885881509
324_2580_82,0.0885881509
170_605_7,0.0885881509
275_238_82,0.0885881509
333_1830_82,0.0885881509
1839_80_9,0.0885881509
1416_1830_82,0.0885881509
342_4004_82,0.0885881509
342_29_25_692_39,0.0885329006
692_39_688_21,0.0884260630
4_147_4_39,0.0882519058
207_23_151,0.0882042868
1479_149_39_68_21,0.0881959042
691_118_5_29,0.0881403487
344_39_3014_21,0.0879172904
3_4_5_7,0.0879172904
265_182_44_128,0.0879172904
51_25_692_39,0.0879172904
44_906_5_60,0.0878696714
4974_153_21,0.0878103731
2_5_55_10,0.0874736820
1001_118_5_29,0.0874736820
4_2660_21_128,0.0873019058
403_39_3057_21,0.0873019058
51_25_582_39,0.0873019058
51_25_1703_39,0.0873019058
12_39_5195_21,0.0873019058
344_39_5260_21,0.0873019058
344_39_630_21,0.0873019058
55_10_208_12,0.0873019058
456_2016_25,0.0872542868
619_620_149,0.0872542868
23_1272_25,0.0872542868
251_4200_7,0.0872542868
39_1094_251,0.0872542868
51_3298_25,0.0872542868
29_3497_820,0.0872542868
147_148_7,0.0872542868
147_148_12,0.0872542868
9_1840_82,0.0872542868
25_582_1411,0.0872542868
151_1587_4,0.0872542868
315_1426_820,0.0872542868
55_316_10,0.0872542868
1575_39_3014_21,0.0871952937
584_39_78_21,0.0871952937
118_275_818_128,0.0871952937
769_39_78_21,0.0871952937
68_21_722_149,0.0871952937
912_39_229_21,0.0871952937
693_7_689_21,0.0871952937
3014_7_1248_21,0.0871952937
2_275_266_39,0.0871952937
118_275_3125_128,0.0871952937
465_265_182_44,0.0871952937
266_39_229_21,0.0871952937
912_39_78_21,0.0871952937
342_691_118_25,0.0871952937
342_25_692_39,0.0871952937
584_39_229_21,0.0871952937
342_51_3125_25,0.0871952937
8951_8952,0.0869237579
21_127_342_29,0.0869172904
51_122_44_128,0.0868696714
25_151_11_12,0.0868696714
991_419_12,0.0865881509
25_151_4_11_4,0.0863019058
4_128_107_21,0.0862542868
90_39_3014_21,0.0862542868
29_4_11_4,0.0862542868
29_108_11_7,0.0862542868
4_147_4_12,0.0862519058
1575_39_124_21,0.0862429128
367_112_12_39,0.0862429128
678_208_149_39,0.0862429128
93_48_2_39,0.0862429128
4050_671_21,0.0856357699
12_39_224_21,0.0853019058
44_128_1304_21,0.0853019058
51_315_11_820,0.0853019058
4_108_3240_25,0.0853019058
344_39_716_21,0.0853019058
403_39_780_21,0.0853019058
315_1534_25,0.0842542868
51_1413_4,0.0842542868
39_1134_7_68_21,0.0838464571
39_68_21_1751_25,0.0837988381
342_51_25_815,0.0832689448
128_691_118_25,0.0824099492
128_991_811_12,0.0817945645
82_5_150_151,0.0817945645
29_678_208_12,0.0817945645
128_991_2349_12,0.0817945645
108_11_68_149,0.0817945645
127_342_3047_25,0.0817945645
127_342_751_39,0.0817945645
127_342_266_39,0.0817945645
29_678_208_25,0.0817945645
342_51_25_1703,0.0814392234
342_51_25_584,0.0814392234
44_691_118_25,0.0811242349
691_118_25_584,0.0807592234
691_118_25_342,0.0807592234
691_118_25_692,0.0807592234
691_118_25_1703,0.0807592234
989_118_39_469,0.0807592234
1001_118_25_692,0.0807592234
989_118_25_815,0.0807592234
691_118_39_469,0.0807592234
7_989_118_39,0.0804575682
39_3008_688_21,0.0803421836
25_815_39_78_21,0.0801321714
29_678_208_149,0.0798421836
39_3008_229_21,0.0798421836
128_1504_798_21,0.0798421836
128_130_132_21,0.0798421836
128_743_342_21,0.0798421836
39_3008_688_7,0.0798421836
39_708_688_21,0.0798421836
39_3008_78_21,0.0798421836
29_461_208_149,0.0797945645
39_341_342_51,0.0797945645
130_129_132,0.0795092234
183_1236_84,0.0795092234
342_51_3298,0.0795092234
80_9_105,0.0795092234
85_55_10_208,0.0794392234
128_1220_671_21,0.0787945645
55_10_105,0.0787784363
9_10_105,0.0787784363
55_10_678,0.0787784363
691_118_25_815,0.0787592234
691_118_25_582,0.0787592234
989_118_25_1703,0.0787592234
85_29_170_21_39,0.0780922333
39_721_2264_273,0.0778421836
108_123_124_21,0.0778421836
3324_891_132,0.0775092234
128_581_2_130,0.0763291902
4_11_4_5,0.0760091902
12_39_531_144,0.0760091902
44_608_25_462,0.0759615712
3324_891_342,0.0755568425
286_333_1830,0.0746387140
286_324_1830,0.0746387140
286_1416_1830,0.0746387140
108_1027_2865,0.0746387140
39_567_21_722,0.0739615712
12_39_341_342,0.0739615712
127_342_489,0.0738609363
127_342_51_3125,0.0733187140
170_21_39_334,0.0703846784
39_469_21_127_342_51_25,0.0664290551
126_118_128_161_21,0.0649249561
275_896_82,0.0643178133
5_85_55_10,0.0632033444
39_688_7_693_21,0.0624058409
9_105_82,0.0619839492
21_127_342_265,0.0615993338
1001_21_127_342,0.0538094495
896_82_5,0.0531294495
25_151_128_1055,0.0530888373
275_341_128_20,0.0524865924
265_315_1534,0.0524459802
682_904_687,0.0518794495
84_636_637,0.0518794495
443_663_1785_84,0.0518794495
10_208_25_679,0.0495666151
25_584_39_229,0.0495666151
44_1518_7238,0.0482437579
1651_39_20_21,0.0450983568
266_39_688_7,0.0450983568
5_84_1148_158,0.0450983568
84_33148_85_29,0.0450983568
860_1305_128,0.0444912140
130_25_930_906,0.0444912140
265_367_112_12,0.0408555224
275_1651_128_20,0.0315176848
127_342_51_701,0.0295619932
