18_265_182_44_5,0.9707342725
5_12_39_68_21_18,0.9513248676
85_12_39_68_21_18,0.9298033730
21_5_12_39_68_21_18,0.9167923387
18_265_130_25_930,0.9084209247
5_149_39_68_21_18,0.9060105421
2241_84_18_85_2,0.9058355395
12_39_68_21_18_2,0.8972317723
68_21_18_84_18_85,0.8961159431
18_40_182_44_5,0.8851030706
118_128_161_21_40,0.8646801754
25_18_25696_84_5_85,0.8627635829
40_84_682_904,0.8594698233
40_44_402_4903_2241,0.8594186716
12_40_44_462_18,0.8511227108
12_40_44_62_18,0.8500602108
5_149_1341_18_1414,0.8431638376
208_149_39_68_21_18,0.8353020222
443_663_1785_84_18_85,0.8297980694
12_39_68_21_18_118,0.8288709241
208_12_39_68_21_18,0.8275995539
12_39_68_21_18_12,0.8200218611
602_1460_1461_18,0.7990744673
62_325_467_18,0.7981823500
149_39_68_21_18_2,0.7952401660
12_39_68_21_18_7,0.7945454561
1988_66,0.7935296682
44_402_4903_18_84,0.7884227739
149_39_68_21_18_7,0.7867406668
602_4717_443_663_1785_84_18_85,0.7837383716
11_12_39_68_21_18,0.7802436837
18_265_499_929_25,0.7769081857
5_149_39_1134_21_18,0.7767880612
12_39_68_21_402_18,0.7687689440
40_572_140_157_158,0.7687346562
39_68_21_462_18,0.7662301401
118_128_161_21_40_44,0.7581281698
12_40_44_7751_18_84,0.7570539872
149_39_68_21_462_18,0.7527245447
558_33_18_157_566_567,0.7521664839
40_44_608_25_462,0.7479564340
1619_19,0.7473322773
2240_2241_84_18_85,0.7472966133
40_572_140_157_158_687,0.7470443128
40_44_175_880,0.7451409191
40_44_175_880_84,0.7449564340
39_68_21_62_18,0.7448211511
18_84_14220_85,0.7336415165
39_68_21_310_18,0.7321608336
18_344_1046_21_5,0.7245235327
39_736_21_40_44,0.7176803436
39_736_21_1341_18,0.7100106172
50_246,0.7097652574
18_2054_1066_2055,0.7092950275
126_118_128_161_21_40,0.7085038621
149_39_68_21_18_12,0.7035632650
610_67,0.7035078900
1170_7_1346_44_18,0.6984671351
12_40_44_310_18,0.6975911667
1347_19,0.6970604512
908_603_84_18_85,0.6945125896
18_25696_84_5_85,0.6941415702
40_44_1751_25_608,0.6833159790
12_40_44_2024_18,0.6774409502
25_18_25696_84_5,0.6764816345
12_40_44_2632_18,0.6755034502
12_40_44_7751_18,0.6749669242
18_157_566_567,0.6737031637
850_785_18,0.6708104440
40_44_18_182_44,0.6666146789
12_40_44_3708_18,0.6645454957
40_44_5224_60_1434,0.6624779358
12_39_736_21_40_44,0.6606817413
59_27,0.6564004598
5021_1454_84_18_85,0.6554000346
12_40_44_1751_25,0.6492083710
1341_18_7_3117_84_13689_85,0.6476305529
145_118_12_40_44,0.6461278044
40_44_402_4903_18_84_9048_85,0.6458165294
402_7981_18_84_278_85,0.6425643764
402_9047_18_84_9048_85,0.6425643764
62_2240_2241_84_18_85,0.6422518764
1241_443_663_1785_84_18_85,0.6415643764
402_9047_2241_84_18_85,0.6413143764
4717_443_663_1785_84_18_85,0.6405643764
4726_663_1785_84_18_85,0.6402518764
1522_2243_2244_84_18_85,0.6393074320
175_880_84_18_85,0.6353484828
2159_21_18_5021_1454,0.6314040383
2552_2553_88,0.6314040383
231_88,0.6296039816
40_44_1751_25_608_1103_18,0.6269471713
68_21_18_12_40_44,0.6268000094
39_693_7_688_21_5,0.6231111428
18_60_5745_1276,0.6228138380
40_44_1751_25_608_18,0.6223268392
1919_908_603_84_18_85,0.6218677748
4193_5964_12992_1276_84_18_85,0.6209233303
16079_12992_1276_84_18_85,0.6209233303
1679_1233_18_84_17130_85,0.6209233303
688_7_693_21_5_84,0.6154197239
18_2054_2081,0.6102601726
21_5_84_18534_85,0.6083315780
1013_18_5021_1454_84_18_85,0.6056431015
84_1148_158_2_277,0.6052154173
158_93_258_158_85,0.5976806096
149_39_68_21_40_44,0.5970547371
12_39_68_21_40_44,0.5949054681
277_2_258_158_85,0.5941796669
157_566_58_970,0.5936102225
602_4717_443_663,0.5900124599
602_4726_663,0.5900124599
815_39_688_21_5,0.5879236929
981_982,0.5872352225
118_5_84_5_85_29,0.5863102568
12_39_531_144_84,0.5855913590
12_40_44_1103_18,0.5823461035
963_85_555_33_84,0.5813602225
534_33_536_537,0.5813602225
678_208_25_679_18,0.5806434457
118_39_1001_21_127_342,0.5793522644
2_130_2_729_2,0.5783522644
39_1001_21_127_342,0.5774194079
12_40_44_2024_18_966,0.5772194118
21_5_149_39_68_21,0.5755862528
402_7981_18_84_278,0.5755568713
342_51_25_815_39_688,0.5706926066
21_127_342_51_25_815,0.5705638523
602_4717_443_663_1785,0.5693157771
39_691_21_127_342_51_25_692,0.5671255767
55_10_105_25_151_11,0.5656077564
117_118_18_29_128,0.5648118119
44_5224_60_1434,0.5644204141
39_688_7_693_21_5_12,0.5639696226
39_469_21_127_342_51_25_584,0.5618172434
691_118_25_692_39_688,0.5606913007
688_7_689_21_5,0.5592565723
55_10_678_208,0.5583467888
21_5_12_39_736_21,0.5577037567
2243_2244,0.5575240937
3945_2518_366_5,0.5573809590
342_51_25_692_39_688,0.5568111178
161_4960_60_7751,0.5565240937
4726_663_1785,0.5565240937
982_983,0.5564644359
140_157_158_277,0.5557468563
158_2_258_158_85,0.5546416034
29_208_12_39_68_21,0.5546354956
1516_1517,0.5537200655
140_157_158_687,0.5510894359
2540_4730,0.5510894359
4193_5964,0.5510894359
1024_1025,0.5510894359
128_161_21_40_44,0.5507354157
39_688_7_693_21_5,0.5502860894
1719_1361,0.5501223029
23435_2178,0.5488894359
5187_5188_443_120,0.5486666733
391_1719,0.5481223029
6675_15751,0.5468450655
391_617,0.5468450655
5934_4529,0.5468450655
391_868,0.5468450655
732_4719_40_44,0.5464570500
532_33_533_534,0.5443651775
688_7_693_21_5_12,0.5438450265
118_6648_6649_4469,0.5422473029
25696_84_5_85_2,0.5421121348
1784_1785,0.5413450655
193_21_5_12_39_68_21,0.5411427066
39_469_21_39_342,0.5387620674
84_277_1448_277_2_258,0.5375155598
618_84_1148_158_85,0.5360321669
5_84_529_85_2,0.5353268457
6651_624,0.5344700655
151_11_12_39_68_21,0.5341382012
620_84_1148_158_85,0.5334269721
531_84_1148_158_85,0.5334269721
2422_2602,0.5307460519
970_14237,0.5304269721
110_7202,0.5304269721
10_208_12_39_68_21,0.5283404387
100_157_33_685,0.5274973592
691_21_127_342_51_25,0.5257487054
118_39_1001_21_127,0.5247473956
4824_4825,0.5242555396
1719_5732,0.5242555396
3676_168,0.5242555396
4_11_4_5_12,0.5225950202
127_342_51_25_584_39,0.5198977251
118_25_815_39_688,0.5198261431
13742_215_526,0.5196577770
1065_5363,0.5196577770
5689_2829,0.5196577770
127_342_51_25_582_473,0.5194749625
118_39_691_21_127_342_51_25,0.5190103473
5_55_10_105,0.5184574193
14334_14335,0.5156577770
127_342_51_3125_25,0.5154139949
113_1458_1221,0.5146270112
342_51_25_692_39,0.5140899753
1307_3370,0.5138805396
2042_8295,0.5138805396
5_84_5_85_12_39,0.5121066360
118_25_815_39_688_21,0.5120103473
29_678_208_25,0.5114139949
904_100_157_33,0.5106636226
23536_2524,0.5106636226
16079_12992,0.5106636226
4726_663,0.5106636226
4960_185,0.5106636226
84_5_85_556_33,0.5102804171
118_39_469_21_127_342_51_25,0.5091983815
100_157_33_3662,0.5077340098
144_84_258_158_85,0.5072440681
44_1751_25_608_1103,0.5071116016
7739_4157,0.5065691193
461_208_149_39_68_21,0.5059506896
8263_3254,0.5055691193
18068_2518,0.5055691193
4666_3138,0.5055691193
2516_3075,0.5055691193
2_277_3176_25_85,0.5054946667
499_929_25_930_906,0.5049566420
678_208_12_39_68_21,0.5043529270
342_51_25_582_39,0.5043529270
1001_118_25_815_39,0.5037338794
84_1148_158_2_277_85_2,0.5025530001
2_1148_158_85_60,0.5019243066
5_3688_84_14891_85,0.5011412010
8786_14372,0.5009713567
127_342_51_701_25,0.5003019466
2017_988,0.4999713567
1341_3038_7_3117,0.4999713567
7331_594,0.4997297824
4193_5964_12992,0.4997297824
342_51_25_582_473,0.4994195936
84_1148_158_85_60,0.4993265440
887_814,0.4992076642
2802_3716,0.4992076642
850_785,0.4987297824
8359_663,0.4987297824
5927_2209,0.4987297824
8917_120,0.4987297824
1316_163,0.4987297824
5187_5188,0.4987297824
4730_1066,0.4987297824
574_3039,0.4987297824
84_1148_158_2_277_85,0.4986196667
144_84_258_1449_85,0.4981385638
5_84_5_85_2_128,0.4971200948
157_566_567_195,0.4965502223
618_2023_128_888,0.4965502223
93_277_337_3449,0.4965502223
5073_2_5071_2,0.4965502223
1241_443_663_1785,0.4965502223
970_14237_78,0.4965502223
118_127_342_51_701_25,0.4964195936
1394_13492,0.4961941193
774_613,0.4961941193
1988_1989,0.4961459873
1166_9085,0.4961005327
9047_2241_84_18_85,0.4956445536
812_1034,0.4951941193
1163_1164,0.4951941193
1089_5770,0.4951941193
3626_2792,0.4951941193
2552_2553,0.4951941193
4298_1889,0.4951941193
1678_18063,0.4951941193
1525_1526,0.4951941193
2516_3119,0.4951941193
9092_836,0.4941850177
1269_4093,0.4941850177
987_988,0.4941850177
2017_3394,0.4941850177
5161_6152,0.4941850177
2138_5122,0.4941850177
499_1085,0.4941850177
568_1114,0.4941850177
1460_1461,0.4941850177
574_836,0.4941850177
8767_4051,0.4941850177
357_2453,0.4940723620
1880_5571,0.4940723620
4050_1501,0.4940723620
1651_2019,0.4940723620
545_106,0.4940723620
785_18836,0.4940723620
13617_3034,0.4940723620
7238_1259,0.4940723620
1775_1776,0.4940723620
337_3449,0.4940723620
14208_1166,0.4940723620
1064_1065,0.4940723620
4800_7238,0.4940723620
13742_215,0.4940723620
7330_7331,0.4940723620
447_2189,0.4940723620
256_1024,0.4940723620
4057_4007,0.4940723620
1016_2054,0.4940723620
629_294,0.4938723620
3366_3434,0.4938723620
4007_4008,0.4930723620
4974_153,0.4930723620
13764_405,0.4930723620
3070_3034,0.4930723620
8431_5188,0.4930723620
1024_1120,0.4930723620
118_127_342_489_25,0.4922195936
5082_2794,0.4919850177
110_8917,0.4919850177
6883_1307,0.4919178165
7751_13778,0.4918723620
5494_1586,0.4918723620
5304_2209,0.4918723620
4048_1298,0.4918723620
1929_7916,0.4909609922
12_39_68_21_602,0.4905239266
532_33_533_534_33_535_132_534_33,0.4896752223
558_33_567_195_2_793_558_33,0.4896752223
532_33_533_534_33,0.4896752223
33_545_106,0.4896752223
144_84_1148_158_85,0.4896034818
520_521,0.4885872551
116_640,0.4885872551
9122_3718,0.4885872551
8767_1,0.4885872551
13460_3394,0.4885872551
2476_174,0.4885872551
1952_346,0.4875872551
110_8917_120,0.4874327096
707_629,0.4874327096
3011_1977,0.4863872551
1470_1471,0.4863872551
1060_1061,0.4863872551
24275_1395,0.4856034818
112_3458,0.4856034818
427_431,0.4856034818
583_1769,0.4856034818
6117_1020,0.4856034818
8042_1558,0.4856034818
9232_357,0.4856034818
6170_357,0.4856034818
5192_638,0.4848100177
1274_2717,0.4848100177
4545_6604,0.4848100177
1529_2956,0.4848100177
3288_4525,0.4848100177
672_2722,0.4848100177
3942_4666,0.4848100177
3034_1630,0.4848100177
1178_1179,0.4848100177
884_2155,0.4848100177
5697_1276,0.4848100177
2516_3185,0.4848100177
1005_227,0.4846100177
4917_3062,0.4845872551
972_973,0.4845872551
499_929,0.4845872551
265_499_929_25_930,0.4843632296
7837_1105,0.4838100177
1879_1880,0.4836554722
2906_1150,0.4836554722
113_1458,0.4836554722
5266_5267,0.4826100177
2138_5116,0.4826100177
1932_5741,0.4826100177
18221_594,0.4826100177
1847_664,0.4823872551
14388_5623,0.4823872551
2_729_2_728_2,0.4815761418
51_25_815_39_688,0.4808572600
84_5_85_55_10,0.4800020832
6631_796,0.4787284818
2483_1495,0.4787284818
128_130_2_729_2,0.4785344077
720_84_5928_85_2,0.4782900268
39_1001_21_39_342,0.4777322432
2761_6066_44_5,0.4765761418
149_315_820_687,0.4760830188
85_29_678_208,0.4749187214
688_21_5_12_39_68_21,0.4742571635
157_566_58_970_14237,0.4738535395
4717_443_663_1785,0.4738535395
1154_1592_1593,0.4738535395
337_3449_135_3176_137,0.4738535395
2_3_4_5_2,0.4733657633
215_526,0.4732959804
128_581_2_130_2,0.4729239266
5188_443_120_84,0.4719187214
84_5_85_55_10_208,0.4716063005
51_1702_863,0.4715232521
2_729_2_4874,0.4707187214
44_8951_8952,0.4701455188
84_1148_158_85_265,0.4698217378
100_157_33_3024,0.4688605461
258_158_85_2_7,0.4688342801
68_21_608_25_462,0.4660063005
183_84_3215_85_5,0.4660063005
12_39_341_342_2_275,0.4657322432
55_10_208_25_679,0.4630867887
12_128_130_2_729,0.4630655765
8503_2241,0.4620335342
727_6480,0.4620335342
402_7981_2241_84,0.4610618561
402_8503_2241,0.4610618561
499_929_25_930,0.4610618561
277_337_3449,0.4610618561
1522_2243_2244,0.4610618561
7330_7331_594,0.4610618561
4800_7238_246,0.4610618561
84_84_257_85_85,0.4605973669
5_29_678_208,0.4603488802
25_582_473_5,0.4602867887
128_538_2_130_2,0.4601322432
68_21_1751_25_608,0.4591488802
5727_1276,0.4590722892
3594_1785,0.4590722892
899_4358,0.4590722892
21487_59,0.4590722892
149_403_1249_861,0.4582867887
129_758_84_5805_85,0.4574044357
16079_12992_1276,0.4574044357
128_130_129_132,0.4572867887
128_1504_188_798,0.4572867887
39_2865_21_5_12_39,0.4567272334
1064_4147,0.4566982178
4007_4008_294,0.4564044357
51_701_25_692,0.4560867887
3945_2518_294_84,0.4552044357
5304_2209_567,0.4552044357
899_945_946_84,0.4542498903
60_5_84_1148_158,0.4532957520
105_25_151_11_12,0.4532827027
21_127_342_51_25,0.4528835582
2346_1591,0.4521141161
12_39_341_342_2,0.4517636497
21_39_688_7_693_21,0.4495582332
266_39_688_7_693_21,0.4493586157
815_39_688_7_693_21,0.4493586157
572_140_157_158,0.4491395681
93_277_3176_25,0.4472253649
85_556_33_557,0.4472253649
25_151_11_12_39_68_21,0.4466452465
1703_39_688_7_693_21,0.4466252823
1448_277_2_258_158_85,0.4459973669
5_84_5_85_55_10,0.4448233262
55_10_105_25_151,0.4435625939
93_277_3176_2,0.4429973669
118_25_692_39_688_7,0.4420623955
682_100_157_33_3662,0.4420529225
16898_84_2569_85,0.4420529225
13393_14417,0.4420529225
5921_18969,0.4420529225
391_2422_2602,0.4420529225
183_1236_84_5,0.4416526021
3213_1395,0.4412437121
26690_526,0.4412437121
1472_9439,0.4412437121
55_10_208_12_39,0.4409956794
13577_526,0.4402437121
1066_13895,0.4402437121
3020_3467,0.4402437121
1140_5132,0.4402437121
593_594,0.4402437121
1478_5116,0.4402437121
443_6151,0.4402437121
403_39_3057_21_39,0.4383355771
25_692_39_688_7,0.4382873280
678_208_149_39_68_21,0.4374973442
21_127_342_265_25,0.4374147270
2042_356,0.4372761382
25_815_39_688_7,0.4371327826
25_692_39_693_7,0.4361327826
25_1703_39_78_21,0.4361327826
25_582_39_688_7,0.4361327826
469_21_39_342_51_25,0.4354068399
157_566_58_970_14237_78_558_33,0.4351779225
554_33_555_33_84,0.4351779225
2130_1988_1989,0.4351779225
576_33_577_33_578_33_579_33_580_204_33,0.4351779225
558_33_563_558_33_565_558_33,0.4351779225
1651_39_20_21_128,0.4341290621
25_692_39_688_7_693_21,0.4340873280
265_130_25_930_906,0.4337663638
39_1001_21_127_342_51_25,0.4325692725
342_51_25_815_39,0.4323646585
179_100_157_33_25_100_157_33,0.4321849867
127_342_51_25_692,0.4316493640
21_39_341_342_51_25,0.4314772270
117_118_5_84_5_85,0.4314676689
691_118_25_815_39_688_7,0.4312504297
273_161_4960_60_7751,0.4311849867
158_93_277_3176,0.4311849867
2594_503,0.4307410563
25_815_39_952_21,0.4303539947
1370_594,0.4298596104
5402_709,0.4298596104
674_3279,0.4298596104
3666_703,0.4298596104
1275_977,0.4298596104
3072_2981,0.4298596104
1776_1082,0.4298596104
16994_1787,0.4298596104
695_16994,0.4298596104
4542_1010,0.4298596104
5604_464,0.4298596104
5404_1607,0.4298596104
632_2162,0.4298596104
674_3426,0.4298596104
2066_1164,0.4298596104
5108_1117,0.4298596104
1886_4582,0.4298596104
3634_812,0.4298596104
342_51_25_584_39,0.4292716418
12_1170_7_1346_44,0.4291994493
51_3125_25_692_39,0.4283539947
286_324_2580_82,0.4277663638
1773_357,0.4276596104
6210_690,0.4276596104
118_25_815_39_78_21,0.4275481098
39_469_21_127_342_29,0.4274772270
25_151_315_11_820,0.4256359392
9_10_105_25,0.4246359392
1504_188_798_21,0.4234716418
25_692_39_229_21,0.4226184969
8431_5188_443,0.4225670111
39_68_21_722_149,0.4217730423
25_582_39_229_21,0.4215730423
51_25_692_39_688_7_693_21,0.4206184969
39_952_7_693_21,0.4206184969
692_39_688_7_693_21,0.4205197878
118_25_692_39_688_7_693_21,0.4198906894
691_118_25_342_39,0.4196906894
25_584_39_229_21,0.4186184969
691_118_25_815_39_688_21,0.4176906894
691_118_39_469_21_127_342_51_25,0.4168906894
39_567_21_722_149,0.4166397090
469_21_127_342_51_25_815_39,0.4157573561
469_21_127_342_51_25_692_39,0.4157573561
265_367_112_12_39,0.4156397090
3324_891_342_21,0.4156147764
51_3125_25_815_39,0.4148397090
342_51_25_1703_39,0.4148028106
277_337_3449_84_3176_85_25,0.4146147764
3324_891_132_21,0.4146147764
39_469_21_39_341_342_51,0.4136851635
691_118_39_469_21_127,0.4129573561
691_118_25_584_39,0.4129573561
1001_118_25_692_39,0.4127573561
39_469_21_39_342_51,0.4123540881
989_118_25_692_39,0.4119573561
127_342_489_25,0.4118397090
989_118_39_469_21,0.4118028106
989_118_25_815_39,0.4117573561
29_678_208_149,0.4116851635
29_678_208_12,0.4116397090
275_341_128_20_21,0.4109573561
989_118_25_1703_39,0.4109573561
128_3901_726_21,0.4108397090
17060_5_84_6871_85,0.4105328410
80_9_105_82,0.4099573561
2415_39_1765_82,0.4099573561
342_51_1702_863,0.4099573561
161_4960_185,0.4095883966
4553_4554,0.4095883966
14380_14454,0.4095883966
5260_7_5298_21,0.4088028106
39_469_21_39_341_342,0.4018354776
39_691_21_127_342_51,0.3969943478
1702_863,0.3968886345
39_1001_21_127_342_51,0.3949943478
183_1236_84_5_85,0.3948464207
538_2_130_2_729,0.3938464207
9652_5_84_18066_85,0.3938464207
183_5_84_17125_85,0.3938464207
499_1085_25_930,0.3937249540
3505_2_277_3176_25,0.3922571636
691_118_39_469_21,0.3922013321
127_342_51_25_815_39,0.3920610145
175_880_881,0.3919019763
39_193_21_5_12_39,0.3918510834
130_129_758_84_5805_85,0.3909019763
277_337_3449_135_3176_137,0.3909019763
13521_2969_84_13522_85,0.3909019763
682_904_687_85,0.3909019763
17052_84_17070_85,0.3909019763
860_1305_128_888,0.3909019763
785_18836_4827,0.3909019763
1775_1776_1082,0.3909019763
4598_4495,0.3909019763
5304_2209_720_84_5928_85,0.3909019763
4202_5_3688_84_14891_85,0.3909019763
2182_84_2358_85,0.3909019763
110_7202_5337,0.3909019763
14208_1166_9085,0.3909019763
23435_2178_357,0.3909019763
161_7751_13778,0.3909019763
2540_4730_1066,0.3909019763
3627_14372,0.3909019763
40_12_39_5_144,0.3905461961
12_127_342_2_275,0.3886938491
39_324_21_127_342,0.3884833228
1001_21_127_342_51_25_582,0.3864623191
469_21_127_342_51_25_582,0.3864623191
39_688_7_693_21_39,0.3864455917
39_1001_21_127_342_51_25_815,0.3860833228
39_1001_21_127_342_51_25_692,0.3860833228
130_2_729_2_728,0.3854623191
906_437_60_12_793,0.3840833228
29_128_1055_7_11,0.3828833228
8431_5188_443_120,0.3825178746
4012_2908,0.3825178746
8652_28718,0.3825178746
470_528_7_126_118,0.3825178746
62_6883_995_946,0.3825178746
4057_4007_4008_294,0.3825178746
13617_3034_1630,0.3825178746
8774_4889_246,0.3825178746
256_1024_1025,0.3825178746
5927_2209_720,0.3825178746
574_836_1630,0.3825178746
5494_1586_118,0.3825178746
981_982_983,0.3825178746
2000_13764_405,0.3825178746
3844_3845,0.3825178746
1943_1944,0.3825178746
18320_18321,0.3825178746
3085_1963,0.3825178746
3666_4503,0.3825178746
5304_5916,0.3825178746
572_140_157_158_687,0.3825178746
126_118_170_605,0.3825178746
11_7_147_148,0.3825178746
256_1024_1120,0.3825178746
574_3039_1630,0.3823178746
447_2189_246,0.3823178746
990_51_749_991_1247,0.3820833228
990_265_749_991_419,0.3820833228
4057_4007_4008,0.3815178746
3613_2555,0.3815178746
4193_5964_12992_1276,0.3803178746
3070_3034_1630,0.3803178746
7088_7089,0.3803178746
5304_2209_720,0.3803178746
273_1394_13492,0.3800340405
5927_2209_720_84_5928_85,0.3793633292
1518_7238_1259,0.3793633292
127_1651_2019,0.3792938491
39_545_106,0.3792938491
265_499_1085_25_930,0.3792938491
39_334_461_208,0.3792938491
5_84_5_85_29_39,0.3788564927
9672_501,0.3788363662
905_2301,0.3788363662
4928_502,0.3786363662
29_11_12_39_68_21,0.3774847178
25_151_11_12_39,0.3736804402
18_84_18_85_2,0.3672040594
39_469_21_39_342_51_25,0.3667184299
1245_465_450_23,0.3660875883
39_691_21_127_342_51_25,0.3594265468
469_21_127_342_51_25_815,0.3571891801
118_39_1001_21_127_342_51_25,0.3569173285
40_84_277_85,0.3561358400
118_25_815_39_688_7_693_21,0.3549173285
437_7_12_793_44,0.3549173285
29_170_21_39_334,0.3534932135
691_118_25_692_39_688_7_693_21,0.3529173285
55_10_734_25,0.3514932135
55_10_105_25,0.3514932135
4_108_2556_25,0.3504932135
5187_5188_443,0.3500447357
437_60_12_793_44,0.3499839952
265_315_1534_25,0.3493386680
25_692_39_78_21,0.3486303167
25_692_39_688_21,0.3484757712
25_815_39_688_21,0.3484303167
5_84_33145_85_29,0.3479839952
25_1703_39_229_21,0.3466303167
25_584_39_78_21,0.3464757712
25_1703_39_688_21,0.3454757712
39_688_7_160_21,0.3454757712
25_815_39_688_7_693_21,0.3454303167
25_2415_39_1765,0.3452219060
691_118_25_815_39,0.3432279637
12_18_84_18_85,0.3427923209
2030_346,0.3427078801
39_3014_7_1248_21,0.3425424379
126_118_127_51_128,0.3424946304
469_21_39_341_342_51_25,0.3412946304
691_118_25_1703_39,0.3404946304
691_118_25_582_39,0.3402946304
403_1249_4_11_4,0.3396969833
25_2415_39_1765_82,0.3394969833
275_388_39_78_21,0.3394946304
275_1651_39_20_21_128,0.3394946304
51_3484_182_44,0.3386969833
128_1504_188_798_21,0.3385424379
691_118_25_582_473,0.3384946304
275_1651_128_20_21,0.3384946304
40_44_18_84_18_85,0.3382930028
286_1416_1830_82,0.3376969833
286_324_1830_82,0.3376969833
265_499_929_25_930_906,0.3376969833
108_1027_2865_12,0.3376969833
286_333_1830_82,0.3376969833
1277_324_1830_82,0.3376969833
342_51_3298_25,0.3374946304
21_18_84_18_85,0.3354408058
39_693_7_688_21,0.3316490608
12_40_44_402,0.3273239516
25_1703_39_688_7,0.3273195359
18_7_3117_84,0.3244403272
691_118_25_692_39,0.3201548248
5_85_12_40_44,0.3177760323
39_688_7_689_21,0.3162026323
3038_7_18_84,0.3159028121
12_40_44_602,0.3144517655
12_40_44_7751,0.3144517655
12_40_44_7751_18_84_18_85,0.3132896562
7751_18_84_18_85,0.3117174585
12_40_44_18_2,0.3080741215
2159_21_18_5021,0.3024528121
40_182_44_5,0.3002454576
18_84_18_85_21_39,0.2988223182
193_558_33_18,0.2916333676
469_21_39_342_51,0.2873271607
262_2949_18,0.2867869390
39_68_21_18_12,0.2863017125
21_402_4903_18,0.2857505509
114_12_40_44,0.2828237081
40_7_126_118,0.2796666697
40_44_117_118,0.2796666697
40_44_691_118,0.2768166697
68_21_18_44_5,0.2722571964
40_465_523_5,0.2720886935
40_44_402_4903,0.2710886935
2029_2030_346,0.2695248213
40_44_732_4719,0.2680860021
18_344_5_1046,0.2677727087
18_12_40_465,0.2668566402
5_12_40_44_18,0.2662656079
5_149_68_21_18,0.2649149862
558_33_18_157_566,0.2631653748
18_84_9048_85,0.2620477087
663_1785_84_18_85,0.2618516859
2949_18_84_6055_85,0.2608516859
40_44_18_465,0.2601413444
1134_7_68_21_18,0.2595253505
402_9047_18_84_9048,0.2579072415
40_44_402_18,0.2560107024
40_44_18_182,0.2552607024
149_39_68_21_40,0.2538347107
40_44_2024_18,0.2515709664
40_44_1140_18,0.2515709664
85_12_40_44_18,0.2511632186
68_21_40_44_18,0.2501632186
12_39_68_21_40,0.2492512973
40_44_785_18,0.2487804902
1276_84_18_85_2,0.2486056536
5_344_1341_18,0.2478893242
18_12_39_1637,0.2459059655
18_5021_1454,0.2457035671
18_29_128_1679,0.2453321560
40_44_62_18,0.2450285054
40_44_462_18,0.2450285054
12_40_44_1751,0.2447494248
12_40_44_1785,0.2447494248
402_4903_2241_84_18_85,0.2447035278
18_93_48_2,0.2443988226
18_84_13689_85,0.2432056807
39_68_21_402_18,0.2428063171
40_44_310_18,0.2427480910
7734_4157,0.2424508482
18_1381_265_367,0.2422056807
40_572_687,0.2413988226
40_465_1393,0.2413988226
39_68_21_18_2,0.2408720388
39_1886_18_1342_132,0.2401494248
84_18_85_2_411,0.2396618193
18_535_758_144,0.2392654893
1221_84_18_85,0.2386838047
2241_84_18_85,0.2386838047
68_21_176_18,0.2386838047
723_40_44_402,0.2378001341
40_44_1751_18,0.2377125565
40_44_14_18,0.2377125565
12992_1276_84_18_85,0.2371126341
176_18_84_20934_85,0.2368001341
1341_18_7_3117,0.2360838047
1341_3038_7_18,0.2360838047
1140_18_84_1060_85,0.2358626341
17329_946_84_18_85,0.2358626341
40_44_1103_18,0.2355792231
40_44_176_18,0.2355194145
40_44_7751_18,0.2355194145
40_44_602_18,0.2355194145
18_12_40_632,0.2355194145
40_44_1434_18,0.2355194145
12_39_1134_21_18,0.2354753940
1134_21_2949_18,0.2350838047
40_44_7937_18,0.2349220803
40_44_3708_18,0.2349220803
785_18_84_851_85,0.2348556897
9569_245_18_84_14220,0.2348556897
2159_1013_18_5021_1454,0.2341681897
40_44_18_966,0.2336622717
40_44_3680_18_946,0.2336520153
68_21_18_118_128,0.2330424103
18_60_5745,0.2328451572
18_253_3631,0.2328451572
68_21_462_18,0.2327574693
149_39_736_21_18,0.2324753940
1276_84_18_85_7,0.2319296764
21_5_12_40_44,0.2318339349
40_44_2632_18,0.2317247717
40_44_18_3705,0.2309747717
12_39_736_21_18,0.2309233042
18_403_794,0.2307118239
18_2054_1066,0.2306520153
18_443_5741,0.2306520153
7_5_12_40_44,0.2299708915
18_273_1394,0.2297145153
18_4825_1259,0.2279645153
44_5_12_40_44,0.2272679929
5377_358,0.2269320271
34048_84,0.2269320271
12_40_44_18_84,0.2265230489
145_118_12_40,0.2260160325
21_18_7_3117,0.2250620630
21_40_44_62,0.2249943015
3993_1276_84_18_85,0.2244160325
12_40_44_462,0.2239943015
12_40_44_62,0.2233068015
21_40_44_462,0.2230568015
3745_18_3682,0.2224804317
17407_443_18,0.2224804317
3571_1785_18,0.2224804317
16101_1276_84_18_85,0.2222160325
18_84_6055_85_12,0.2206793695
149_39_1134_21_18,0.2199373852
12_40_44_2632,0.2190978729
40_44_5224_60,0.2188339149
40_265_182_44,0.2186793695
68_21_62_18,0.2183733677
5_149_18_1414,0.2183733677
68_21_310_18,0.2181161814
12_40_44_2024,0.2180937063
21_2949_18_84,0.2178315435
2290_18_7_3117,0.2174109293
68_149_462_18,0.2164822529
18_7_3117_12,0.2164559213
84_18_85_2159,0.2163661814
12_40_44_608,0.2159576816
128_161_21_40,0.2159576816
25_18_25696_84,0.2153148769
51_266_12_40,0.2152910149
68_21_3305_18,0.2146322529
12_40_44_7937,0.2143576816
51_769_12_40,0.2143576816
84_18_85_29_128,0.2139405306
68_21_18_3705,0.2129655862
4904_84_18_85,0.2120322529
6480_84_18_85,0.2120322529
1751_25_608_1103_18,0.2116694561
9039_18_7_3117,0.2110322529
402_4903_18_84,0.2100947529
2524_84_18_85,0.2100947529
9039_3038_7_18,0.2100322529
402_4903_18_84_9048_85,0.2078090653
39_68_21_18_44,0.2073110875
68_21_18_12_40,0.2047605196
3680_18_946_84_18_85,0.2033622132
2_5_84_5_85_2,0.2019079473
85_7_5_84_5_85,0.2019079473
18_84_18_85_29,0.2018876894
12_39_68_21_18,0.2015249628
39_68_21_40_44,0.2014779426
18_691_118_25,0.2011430059
402_7981_18,0.2004288798
402_7_62_18,0.2000481512
11_12_40_44,0.2000209276
128_171_44_18,0.2000105112
2166_1688,0.1998976646
736_21_62_18,0.1995814845
18_51_182_44,0.1994922483
402_9047_18,0.1994288798
3700_18_946,0.1994288798
62_1522_18,0.1994288798
4992_1046_18,0.1994288798
15461_1886_18,0.1994288798
1518_18_1259,0.1994288798
2024_18_966,0.1994288798
682_18_3208,0.1994288798
325_467_18,0.1994288798
3906_6152_18,0.1994288798
1013_18_5021,0.1994288798
208_25_679_18,0.1986481512
68_21_7937_18,0.1984481512
18_157_566,0.1982692008
603_84_18_85,0.1980481512
9569_245_18,0.1974913798
1454_84_18_85,0.1970936058
880_84_18_85,0.1970936058
18_265_130_25,0.1966172483
608_25_462_18,0.1964481512
991_811_12_18,0.1964481512
736_21_1341_18,0.1964269391
21_3038_7_18,0.1962264203
12_40_44_1103,0.1959005283
596_594,0.1955226646
18_29_122_44,0.1954839149
18_1336_7_273,0.1947672483
465_265_41,0.1937662068
531_12_40_44,0.1936029081
736_21_40_44,0.1936029081
18_344_1046_21,0.1935918695
18_4_147_4,0.1928339149
903_12_40_44,0.1927529081
1345_12_40_44,0.1927529081
880_881,0.1925135630
18_253_1046_21,0.1917418695
723_40_44_18,0.1906447782
149_1341_18_736,0.1903299917
149_1341_18_1414,0.1903299917
149_1341_18_143,0.1903299917
44_402_4903_18,0.1903299917
25_679_18_2,0.1892862289
367_46_18,0.1890447782
39_1491_21_18,0.1890398003
1592_1593,0.1881385630
2054_2081,0.1881385630
784_179_18,0.1880447782
39_736_21_18_12,0.1876642394
39_1248_21_18,0.1873316834
1013_4943_18,0.1870447782
608_1103_18,0.1870447782
12_40_44_18_60,0.1859537583
12_40_44_18_7,0.1853952667
39_1820_21_18,0.1849898003
62_2024_18,0.1848902327
62_1069_18,0.1848447782
462_1069_18,0.1848447782
1679_1233_18,0.1848447782
44_1103_18_84,0.1840352549
44_7751_18_84,0.1840352549
12_19_7_1170,0.1833898003
44_5_84_5_85,0.1832757142
149_68_21_18_7,0.1825774705
149_68_21_18_12,0.1825774705
80_12_40_44,0.1799135433
769_12_40_44,0.1792635433
126_118_40_44,0.1792635433
266_12_40_44,0.1792635433
12_40_465_827,0.1774881365
12_1637_40_44,0.1774881365
12_5710_40_44,0.1774881365
5_84_5_85_33,0.1760721604
25_679_40_44,0.1745760153
8774_4889,0.1745722574
19400_357,0.1745722574
13220_357,0.1745722574
12_723_40_44,0.1743760153
12_40_44_175,0.1734247340
12_40_44_310,0.1734247340
25_5_84_5_85,0.1719443677
12_40_44_3708,0.1718247340
1341_18_143_12,0.1708055397
149_39_68_21_18,0.1707957265
9687_357,0.1660336103
21_18_12_40_44,0.1643942584
12_39_5_144_84,0.1613774272
117_118_18_29,0.1581661749
5_84_5_85_25,0.1579720185
25_679_18_7,0.1567705300
21_5_84_5_85_12,0.1545086213
21_5_12_39_68_21,0.1535693384
1751_25_608_18,0.1533750123
5_84_5_85_149,0.1531714750
25_679_18_12,0.1529250755
149_18_143_273,0.1527866014
149_39_68_21_62,0.1522585252
44_18_465_265,0.1502786469
25696_84_5_85,0.1489259122
2_7_39_193_21,0.1487175780
85_149_39_68_21,0.1487175780
2_7_5072_84,0.1472592455
5_84_2569_85,0.1472592455
84_258_158_2,0.1463259122
5_149_39_1134_21,0.1458604351
84_277_85_12_39,0.1457175780
84_277_85_2_7,0.1457175780
5_2709_84_85,0.1453259122
84_85_344_888,0.1453259122
144_84_277_85,0.1453259122
2_1148_158_85,0.1453259122
84_257_85_85,0.1453259122
18_84_258_1449,0.1452163949
40_572_140,0.1452163949
18_265_182_44,0.1449948669
2_277_3176_2,0.1443259122
84_1148_158_85,0.1443259122
277_3176_2_85,0.1433259122
84_277_3176_2,0.1433259122
84_2709_84_85,0.1433259122
277_3176_25_2,0.1433259122
40_784_179,0.1424698669
93_258_158_85,0.1403259122
18_84_1148_158,0.1394444881
277_5_44_4588,0.1393259122
277_3176_25_85,0.1393259122
84_144_502_85,0.1393259122
84_277_3176_85,0.1393259122
1046_21_7147_5,0.1393259122
149_39_1134_21_2949,0.1383030057
39_688_2_693,0.1381135320
258_158_85_2,0.1365135320
39_736_21_1341,0.1365135320
84_5_85_555_33,0.1364509122
1148_158_85_2,0.1355135320
277_3176_25_93,0.1353259122
5073_2_5062_2,0.1353259122
84_277_416_277,0.1353259122
85_29_33_84_5468_85_5469_33,0.1343814677
5462_33_2404_33_5113_5463_33,0.1343814677
33_5466_33_29_33_84,0.1343814677
157_566_567_34057_970_143,0.1343814677
2709_84_85_157,0.1343814677
157_566_708_193,0.1343814677
1558_84_8086_85,0.1343814677
602_4717_443,0.1343814677
904_100_157,0.1343814677
62_325_467,0.1343814677
5073_2_5071,0.1343814677
1678_768_405,0.1343814677
7145_9249_9250,0.1343814677
157_566_567,0.1343814677
1000_100_157,0.1343814677
135_277_137,0.1343814677
199_1066_84,0.1343814677
84_682_1247,0.1343814677
84_277_337,0.1343814677
277_100_157,0.1343814677
1448_100_157,0.1343814677
542_19902_542_33,0.1343814677
179_100_157,0.1341617358
1148_158_93,0.1341617358
158_100_157,0.1341617358
5_85_556_33,0.1324509122
85_555_33_84_5_85_555_33,0.1314509122
85_555_33_84,0.1304509122
128_84_14763_85,0.1295135320
60_2_277_3176,0.1295135320
277_416_277_2,0.1284509122
277_1448_277_2,0.1284509122
555_33_34049_84_4776_85_555_33_34050_84_4833_85_556_33,0.1275064677
970_143_576_33_577_33_578_33_579_33_580_204_33,0.1275064677
554_33_555_33_84_27358_963_85_555_33_84,0.1275064677
970_699_157_566_708_193_558_33,0.1275064677
85_555_33_34049_84_4776_85,0.1275064677
534_33_535_132_534_33,0.1275064677
157_566_708_193_558_33,0.1275064677
534_33_536_537_534_33,0.1275064677
534_33_536_537_544_33,0.1275064677
558_33_571_572_558_33,0.1275064677
85_555_33_34048_84,0.1275064677
558_33_567_195_2,0.1275064677
558_33_563_558_33,0.1275064677
558_33_3799_558_33,0.1275064677
534_33_130_129_132,0.1275064677
558_33_565_558_33,0.1275064677
2_1148_2100_33,0.1275064677
576_33_577_33,0.1275064677
554_33_555_33,0.1275064677
2_356_2100_33,0.1275064677
970_699_558_33,0.1275064677
2_915_2100_33,0.1275064677
2_8412_2100_33,0.1275064677
2_257_2100_33,0.1275064677
2_134_2100_33,0.1275064677
2_258_2100_33,0.1275064677
2_6809_2100_33,0.1275064677
118_6648_6649,0.1275064677
3276_2_3274,0.1275064677
558_33_565,0.1275064677
558_33_27358,0.1275064677
572_558_33,0.1275064677
33_536_537,0.1275064677
542_2_4408,0.1275064677
908_828_2930,0.1275064677
555_33_34049_84_4776_85_555_33_34050_84_4833_85,0.1275064677
555_33_84_17039_85_555_33_34048_84,0.1275064677
555_33_84_27358_963_85_555_33_84,0.1275064677
532_33_533_534_33_535_132,0.1275064677
576_33_577_33_578_33,0.1275064677
544_33_545_106_546_33,0.1275064677
558_33_570_558_33,0.1275064677
558_33_1588_558_33,0.1275064677
558_33_27358_34051_970,0.1275064677
556_33_557_558_33,0.1275064677
970_14237_78_558_33,0.1275064677
118_4469_2_118_958,0.1275064677
579_33_580_204_33,0.1275064677
558_33_723_558_33,0.1275064677
970_19055_193_558_33,0.1275064677
2_543_2100_33,0.1275064677
2_959_2100_33,0.1275064677
2_503_2100_33,0.1275064677
2_3232_2100_33,0.1275064677
2_371_2100_33,0.1275064677
2_414_2100_33,0.1275064677
2_1261_2100_33,0.1275064677
558_33_570,0.1275064677
342_534_33,0.1275064677
4950_2_5_2_7,0.1270316472
5_84_5_85_68,0.1262336329
344_908_828,0.1255135320
273_161_7751,0.1255135320
100_157_33,0.1255135320
44_62_1069,0.1255135320
619_620_85,0.1255135320
12_175_880,0.1255135320
100_157_33_1000_100_157_33,0.1255135320
100_157_33_1448_100_157_33,0.1255135320
2431_84_85_157,0.1255135320
158_2_277_3176,0.1255135320
85_12_39_68_21,0.1254313886
258_158_85_7,0.1249440582
118_128_651_21,0.1234602187
1148_158_85_44,0.1229440582
732_4719_40,0.1225249039
144_751_44_39,0.1224602187
84_277_85_827,0.1205268853
5_144_84_258,0.1205268853
1148_158_85_265,0.1199440582
1148_158_85_60,0.1199440582
4_108_1262_25,0.1199440582
344_768_1076,0.1186385320
9933_9757_33,0.1186385320
5987_9757_33,0.1186385320
9933_2100_33,0.1186385320
9899_2100_33,0.1186385320
9899_9757_33,0.1186385320
277_3176_2_25,0.1185268853
2_277_3176_25,0.1185268853
85_84_1148_158,0.1185268853
257_158_93_258,0.1169440582
158_93_258_158,0.1169440582
84_277_1448_277,0.1163601529
2709_84_85_344,0.1155268853
153_21_2601_12,0.1155268853
277_2_258_158,0.1155268853
27358_34051_970,0.1154157085
157_566_58,0.1154157085
258_1449_85_7,0.1140853280
8951_8952,0.1126987215
5439_1117_21,0.1125268853
277_3176_158,0.1125268853
277_3176_2_258,0.1125268853
1448_277_2_258,0.1125268853
1449_157_158,0.1125268853
5021_1454_12,0.1125268853
970_699_157_566,0.1125268853
693_7_688_21_5,0.1098169057
39_78_21_5_84,0.1097879013
39_193_21_5_84,0.1097879013
39_229_21_5_84,0.1097879013
570_558_33,0.1095407085
532_33_533,0.1095407085
39_2393_251,0.1070690582
118_5_84_5_85,0.1065001112
558_33_566,0.1056518853
556_33_557,0.1056518853
688_2_693_2,0.1034613863
118_39_793_21_5,0.1027962142
85_12_39_736_21,0.1020058298
5_12_39_1134_21,0.1020058298
229_21_5_344_39,0.1020058298
2_258_158_85,0.1018613863
7_5_12_39_68_21,0.1018575902
5_84_18534_85,0.1017947196
118_128_1001_118,0.1017947196
5_149_39_68_21,0.1017568283
2_729_2_130,0.1008613863
84_1148_158_2,0.1008613863
5_84_5_85_29,0.1007568283
108_402_6630_21,0.1002103280
84_618_620_85,0.0998613863
2_258_1449_85,0.0998613863
5_84_18567_85,0.0998613863
2_130_2_728,0.0998613863
118_39_469_21_39,0.0991486870
158_2_258_158,0.0989782989
149_39_68_21_462,0.0988849083
538_2_729_2,0.0988613863
93_1148_158_85,0.0988613863
8458_503_84_5_85,0.0988613863
567_84_1505_85,0.0978613863
277_337_3449_84_3176_85,0.0959169418
1241_443_663,0.0959169418
4872_84_17336_85,0.0959169418
758_84_5805_85,0.0959169418
14643_357_2453,0.0959169418
1458_1221_84,0.0959169418
135_3176_137,0.0959169418
4960_60_7751,0.0959169418
780_25_1491,0.0959169418
618_619_620,0.0959169418
4717_443_663,0.0959169418
1440_2_9706,0.0959169418
2_277_337,0.0959169418
1326_36_5187,0.0959169418
51_100_157,0.0946972099
39_68_21_602,0.0936490061
39_68_21_3305,0.0936490061
12_39_68_21_62,0.0936483077
12_39_68_21_402,0.0936483077
344_39_193_21_5,0.0936483077
12_39_143_144,0.0929823394
39_78_21_5_7,0.0924329180
149_39_68_21_402,0.0919022759
60_12_793_44_5,0.0919022759
39_793_21_5_7,0.0916819196
39_143_144_84,0.0910490061
12_39_68_21_462,0.0909022759
688_21_39_793_21,0.0902289900
144_820_12_39,0.0897322007
85_4_147_4,0.0877988673
1245_465_523,0.0870490061
273_161_4960,0.0870490061
749_991_1247,0.0870490061
84_258_158_85,0.0856791564
538_2_130_2,0.0836791564
208_12_39_68_21,0.0833194096
5_12_39_736_21,0.0833194096
403_128_798_21,0.0832906434
149_128_1415_21,0.0832906434
39_3057_21_39,0.0832906434
688_21_5_12_39,0.0830704080
118_128_691_118,0.0827749660
118_12_128_130,0.0827749660
1001_21_39_342,0.0827749660
7_4_11_4,0.0823573100
118_25_692_39_688,0.0817749660
112_12_39_5_144,0.0817749660
793_195_44_5,0.0817749660
5_118_128_1472,0.0817749660
118_128_117_118,0.0817749660
1148_158_85_7,0.0813573100
1000_5_12_39_68_21,0.0813194096
84_5_85_29_128,0.0813194096
117_118_5_2_128,0.0813194096
5_29_170_21_39,0.0804622667
11_149_39_68_21,0.0804622667
531_12_39_68_21,0.0804622667
25_151_108_11,0.0802080982
25_151_315_11,0.0802080982
1336_7_273_68,0.0802080982
729_2_130_2,0.0801749660
437_7_12_793,0.0801749660
1001_118_39_1001_21,0.0799401372
44_60_92_5,0.0796535528
29_39_334_461,0.0792080982
691_118_39_691,0.0791749660
118_39_341_342,0.0791749660
342_51_25_692,0.0791749660
5_84_33145_85,0.0791749660
5_84_6871_85,0.0791749660
751_44_531_2,0.0791749660
84_100_85_33,0.0791749660
743_688_7_693_21,0.0789401372
357_84_5_85_7,0.0784622667
990_51_749_1247,0.0782080982
990_51_749_991,0.0782080982
990_265_749_991,0.0782080982
815_39_688_7_693,0.0781749660
84_258_140_85,0.0781749660
342_2_275_388,0.0781749660
130_2_728_2,0.0781749660
183_84_3260_85,0.0781749660
4202_28_21_5,0.0781749660
581_2_130_2,0.0781749660
5_84_2078_85,0.0781749660
2207_84_85_33,0.0781749660
84_258_1449_85,0.0781749660
44_8458_503,0.0773573100
990_51_128_991,0.0770535528
29_39_334_1679,0.0770535528
161_4960_60,0.0769401372
7737_697_21,0.0769401372
2865_21_5_12_39,0.0768300448
5_29_108_11,0.0763908644
118_12_127_342,0.0763908644
469_21_39_342,0.0763908644
3505_2_277_3176,0.0762305216
618_2023_620,0.0762305216
618_860_1305,0.0762305216
93_258_1449_85,0.0761749660
990_265_749_419,0.0760080982
39_229_21_5_344,0.0757528523
39_193_21_5_4,0.0757528523
39_78_21_5_344,0.0757528523
39_2865_21_5_12,0.0757528523
5_29_128_1055,0.0757241977
567_12_39_68_21,0.0756754993
29_208_12_39_68,0.0752582967
1518_7238_1259_84_2488_85,0.0752305216
161_7751_13778_84_13779_85,0.0752305216
2346_1591_84_4963_85,0.0752305216
2969_84_13522_85,0.0752305216
1298_84_24998_85,0.0752305216
5468_85_5469_33,0.0752305216
4974_153_21_2601,0.0752305216
4505_245_946,0.0752305216
1449_685_85,0.0752305216
2_572_687,0.0752305216
135_10324_137,0.0752305216
59_243_2,0.0752305216
2264_273_1395,0.0752305216
2023_620_85,0.0752305216
1088_84_7762_85,0.0752305216
3117_84_13689_85,0.0752305216
120_84_14860_85,0.0752305216
17052_2_5615,0.0752305216
17052_2_4776,0.0752305216
3945_2518_294,0.0752305216
183_13521_2969,0.0752305216
5680_2_5693,0.0752305216
2240_2241_84,0.0752305216
1678_5_1659,0.0752305216
1880_4147_84,0.0752305216
3993_1276_84,0.0752305216
3375_768_1076,0.0752305216
1880_1894_84,0.0752305216
443_120_84,0.0752305216
93_277_3176,0.0752305216
860_1305_620,0.0752305216
7_693_21_5_12,0.0751500448
1236_84_5_85,0.0747908644
642_805_21_5,0.0747908644
126_7_324_118,0.0747908644
85_29_128_1679,0.0747908644
5_84_5577_85,0.0747908644
324_21_127_342,0.0747908644
130_2_729_2,0.0747908644
5_84_5_85_55,0.0746300448
2_130_2_729,0.0745908644
7_277_2_510,0.0744985799
39_193_21_5_149,0.0739954993
12_793_44_5_12,0.0739954993
7_689_21_5_12,0.0738957094
688_7_693_21_5,0.0738573465
208_149_39_68_21,0.0738183565
691_118_127_342,0.0737908644
342_266_39_688,0.0737908644
437_60_12_793,0.0737908644
342_51_25_4036,0.0737908644
720_84_5928_85,0.0737908644
694_118_127_342,0.0737908644
145_118_127_342,0.0737908644
528_7_126_118,0.0737908644
2178_357_84_5_85,0.0737908644
5_55_10_208,0.0737908644
275_751_39_688,0.0737908644
989_118_127_342,0.0737908644
117_118_127_342,0.0737908644
963_3_4_5,0.0737908644
989_118_25_582,0.0737908644
117_7_989_118,0.0737908644
535_688_7_693,0.0737908644
2_729_2_728,0.0737908644
39_688_21_5_12,0.0737464978
1001_118_127_342,0.0735908644
130_2_729_342,0.0735908644
39_469_21_127_342,0.0733452014
55_10_155,0.0732705982
450_23_930,0.0732705982
450_23_367,0.0732705982
450_23_3045,0.0732705982
315_820_687,0.0732705982
9_10_734,0.0732705982
39_334_1062,0.0732705982
55_10_769,0.0732705982
55_10_2040,0.0732705982
7_147_148,0.0732705982
4_108_5835,0.0732705982
450_23_2925,0.0732705982
450_23_4834,0.0732705982
1559_23_2925,0.0732705982
55_10_1479,0.0732705982
55_10_1840,0.0732705982
718_151_208,0.0732705982
718_151_1587,0.0732705982
51_147_148,0.0732705982
29_147_148,0.0732705982
2_3_4_5,0.0732363189
1559_23_4834,0.0730107896
619_128_888,0.0730107896
39_193_21_5_12,0.0729954993
28738_357_84_5_85,0.0727908644
691_118_25_4036,0.0727908644
82_5_29_11,0.0722223944
3_4_5_2,0.0722223944
39_68_21_608,0.0722223944
118_127_51_128,0.0719832804
39_688_21_705,0.0719625858
21_39_341_342,0.0719625858
342_528_118,0.0717908644
729_2_728_342,0.0717908644
85_29_108_1027,0.0715908644
85_93_48_2,0.0715908644
122_44_108_123,0.0715908644
1001_118_25_815,0.0715908644
1001_118_25_582,0.0715908644
5_29_461_208,0.0715908644
39_341_342_2,0.0715557277
39_68_21_722,0.0715557277
567_149_39_68_21,0.0715425697
127_342_29_25_692,0.0714118681
39_469_21_39_341,0.0711452014
450_23_1575,0.0710705982
414_273_1395,0.0710705982
4_108_2556,0.0710705982
39_691_21_127_342,0.0708573226
1269_4093_84_8669_85,0.0708464199
895_542_145_118,0.0708464199
3688_84_14891_85,0.0708464199
5685_7_126_118,0.0708464199
729_2_728_132,0.0708464199
275_489_25_815,0.0708464199
2704_7_1345,0.0708464199
62_2240_2241,0.0708464199
4008_294_84,0.0708464199
150_151_839,0.0708464199
2554_129_758,0.0708464199
402_4903_2241,0.0708464199
249_7_259,0.0708464199
275_9_732,0.0708464199
62_115_603,0.0708464199
729_2_4874,0.0708464199
118_170_605,0.0708464199
994_144_342,0.0708464199
489_25_584,0.0708464199
130_535_132,0.0708464199
62_908_603,0.0708464199
899_945_946,0.0708464199
132_51_3125,0.0708464199
643_7_482,0.0708464199
8458_503_84,0.0708464199
84_636_637_403_638_85,0.0708464199
2607_7_126_118,0.0708464199
342_489_25_815,0.0708464199
28738_357_84,0.0708464199
3945_2518_366,0.0708464199
150_151_1587,0.0708464199
2415_39_1765,0.0708464199
465_827_523,0.0708464199
608_60_462,0.0708464199
535_132_1710,0.0708464199
130_129_758,0.0708464199
1751_60_608,0.0708464199
5260_7_5298,0.0708464199
129_535_758,0.0708464199
402_7981_2241,0.0708464199
1085_25_930,0.0708464199
2054_1066_2055,0.0708464199
175_880_84,0.0708464199
711_21_712,0.0708464199
572_25_687,0.0708464199
1285_1286_118,0.0708464199
183_1236_84,0.0708464199
929_25_930,0.0708464199
738_1608_3063,0.0708464199
3464_768_1076,0.0708464199
1919_908_603,0.0708464199
80_9_105,0.0708464199
80_9_1840,0.0708464199
17329_946_84,0.0708464199
62_6883_995,0.0708464199
488_21_712,0.0708464199
5188_443_120,0.0708464199
908_603_84,0.0708464199
461_208_25_679,0.0708464199
161_391_2302,0.0708464199
5_84_18066_85,0.0706363189
1014_805_21_5,0.0706363189
25_1703_39_688,0.0706223944
39_531_144_84,0.0706223944
25_582_39_688,0.0706223944
39_68_21_3906,0.0704223944
10_105_25_151_11,0.0704118681
39_736_21_62,0.0703625858
39_1134_21_1341,0.0703625858
128_798_21_618,0.0703625858
25_815_39_688,0.0703625858
404_25_82_21,0.0700499471
153_21_2601_84,0.0696363189
29_208_25_679,0.0696223944
128_1055_7_11,0.0696223944
29_108_11_68,0.0696223944
315_11_820_5,0.0696223944
25_815_39_952,0.0696223944
128_729_2_728,0.0696223944
21_608_25_462,0.0696223944
12_1170_7_1346,0.0696223944
25_692_39_952,0.0696223944
128_130_2_729,0.0696223944
36_39_95_7_567_58,0.0696223944
108_11_7_1055,0.0696223944
127_342_2_275,0.0693625858
25_584_39_688,0.0693625858
39_693_7_688,0.0690678490
3_4_5_84,0.0690678490
2_4_147_4,0.0690499471
2_990_51_749,0.0690499471
95_7_567_58,0.0686464199
14453_798_14454,0.0686464199
95_7_567_58_84_1564_85,0.0686464199
678_208_25_679,0.0686464199
1381_265_367_112,0.0686464199
1608_3063_84,0.0686464199
6446_21_3467,0.0686464199
62_87_946,0.0686464199
84_2358_85,0.0686464199
7982_246_84,0.0686464199
812_1054_2,0.0686464199
5661_503_1259,0.0686464199
105_25_4834,0.0686464199
402_9047_2241,0.0686464199
2023_128_888,0.0686464199
701_25_692,0.0686464199
1627_991_1247,0.0686464199
4274_4275,0.0686464199
1982_1983,0.0686464199
21004_27148,0.0686464199
874_33_875_33,0.0686464199
2029_891_812,0.0686464199
3463_768_1076,0.0686464199
16898_84_2569,0.0686464199
1504_188_798,0.0686464199
1305_128_888,0.0686464199
7_153_21_2601,0.0686223944
265_130_25_930,0.0686223944
51_3125_25_692,0.0686223944
10_208_25_679,0.0686223944
720_149_39_68_21,0.0677584788
768_1076_84_2011_85,0.0676918745
6502_720_84_14528_85,0.0676918745
2_994_144,0.0676918745
84_14220_85,0.0676918745
3038_7_3117,0.0676918745
346_84_2032_85,0.0676918745
729_2_14440,0.0676918745
226_768_5188,0.0676918745
84_682_904,0.0676918745
44_402_9047,0.0676223944
7_1248_2602,0.0676223944
749_1627_991,0.0676223944
403_1249_705,0.0676223944
7_175_880,0.0676223944
4_3416_118,0.0676223944
403_1249_4_11,0.0676223944
253_39_721_2264,0.0676223944
315_11_820_531,0.0676223944
403_1249_861,0.0676223944
403_642_124,0.0676223944
10_678_208,0.0676223944
128_1627_991,0.0676223944
39_721_5741,0.0676223944
51_367_1303,0.0676223944
23_367_1014,0.0676223944
29_939_208,0.0676223944
147_148_2,0.0676223944
12_732_4719,0.0676223944
121_461_208,0.0676223944
1277_324_1830,0.0676223944
127_911_342,0.0676223944
265_1287_11,0.0676223944
121_678_208,0.0676223944
51_3484_182,0.0676223944
51_701_25_815,0.0676223944
29_695_11,0.0676223944
334_461_208,0.0676223944
12_1839_687,0.0676223944
25_815_39_535,0.0674678490
44_1751_25_608,0.0674223944
21_1751_25_608,0.0674223944
25_687_21_904,0.0674223944
149_39_721_780,0.0674223944
12_397_25_692,0.0674223944
688_7_693_21_39,0.0667584788
12_1751_25_608,0.0664678490
25_692_39_693,0.0664678490
128_729_2_130,0.0664678490
128_3324_891,0.0663625858
21_402_8503,0.0663625858
749_991_419,0.0663625858
149_402_4903,0.0663625858
44_402_8503,0.0663625858
128_3901_726,0.0663625858
4_5835_195,0.0663625858
403_1249_170,0.0663625858
44_175_880,0.0663625858
7_3008_2599,0.0663625858
103_207_151,0.0662962686
103_55_10,0.0662962686
9_23_10,0.0662962686
360_55_10,0.0662962686
55_23_10,0.0662962686
718_23_151,0.0662962686
411_450_23,0.0662962686
990_121_749,0.0662962686
4_147_4_39,0.0661417231
4_147_4_12,0.0661417231
207_23_151,0.0660962686
29_122_44_128,0.0656962686
151_11_12_39,0.0656962686
10_208_12_39,0.0656962686
127_342_51_25,0.0656962686
51_25_815_39,0.0656962686
29_108_11_7,0.0654962686
3_4_5_7,0.0654962686
25_151_11_12,0.0654962686
44_906_5_60,0.0654962686
51_122_44_128,0.0654962686
85_29_39_334,0.0654939156
39_474_798,0.0654223944
896_82_39,0.0651124471
51_25_584_39,0.0647629352
29_128_1055_7,0.0647629352
751_44_1245_21,0.0645605823
51_25_1703_39,0.0645417231
344_39_630_21,0.0645417231
403_39_780_21,0.0645417231
51_25_582_39,0.0645417231
265_182_44_128,0.0645417231
44_128_1304_21,0.0645417231
51_25_692_39,0.0645417231
273_1886_1395,0.0644678490
128_812_1054,0.0644678490
39_3945_2518,0.0644678490
128_1235_342,0.0644678490
128_4202_28,0.0644678490
118_39_469_21_127,0.0641870503
651_21_39_78_21,0.0641870503
112_820_82,0.0641124471
183_84_3215_85,0.0639018270
989_118_25_692,0.0639018270
729_2_728_2,0.0639018270
55_10_208_149,0.0637629352
51_105_25_151,0.0637629352
29_315_11_820,0.0637629352
827_10_182_44,0.0637629352
25_582_473_39,0.0637629352
55_10_208_25,0.0637629352
999_128_1415_21,0.0637629352
51_238_25_151,0.0637629352
51_25_582_473,0.0637629352
344_39_5260_21,0.0636083898
12_39_224_21,0.0636083898
21_127_342_29,0.0636042231
29_4_11_4,0.0635629352
90_39_3014_21,0.0635629352
4_128_107_21,0.0635629352
807_25_151_128,0.0635605823
691_118_39_691_21_127,0.0631870503
118_25_584_39,0.0631870503
208_12_793_44,0.0631870503
85_265_130_25,0.0631870503
688_7_693_12,0.0631870503
11_12_39_68_21,0.0630462706
183_5_84_17125,0.0629018270
103_29_1795_82,0.0627629352
253_39_721_414,0.0627629352
151_315_11_820,0.0627629352
25_151_4_11_4,0.0626708898
4_2660_21_128,0.0626083898
403_39_3057_21,0.0626083898
51_315_11_820,0.0626083898
344_39_716_21,0.0626083898
55_10_208_12,0.0626083898
4_108_3240_25,0.0626083898
469_21_127_342_51_25_584_39,0.0622537169
469_21_127_342_29_25,0.0616230823
691_118_25_342,0.0614510587
903_39_688_21,0.0612537169
688_7_160_21,0.0612537169
688_7_689_21,0.0612537169
39_1134_7_68_21,0.0611919215
5224_60_1434,0.0609573826
2761_6066_44,0.0607579073
12_691_118_25,0.0603464670
461_208_149_39,0.0602537169
140_157_158,0.0602537169
815_39_952_21,0.0602537169
952_7_693_21,0.0602537169
144_84_258_158,0.0602537169
1170_7_1346_44,0.0602537169
117_118_5_29_128,0.0601145686
315_1426_820,0.0598254352
29_3497_820,0.0598254352
619_620_149,0.0598254352
39_1094_251,0.0598254352
25_582_1411,0.0598254352
265_130_501,0.0598254352
456_2016_25,0.0598254352
147_148_12,0.0598254352
25_584_473,0.0598254352
55_316_10,0.0598254352
251_4200_7,0.0598254352
51_3298_25,0.0598254352
23_1272_25,0.0598254352
147_148_7,0.0598254352
29_380_36,0.0598254352
151_1587_4,0.0598254352
9_1840_82,0.0598254352
749_1247_12,0.0596254352
315_1534_25,0.0596254352
51_1413_4,0.0596254352
3303_25_151,0.0596230823
465_2394_23,0.0596230823
3760_3_4,0.0596230823
465_450_23,0.0596230823
465_827_10,0.0596230823
150_151_315,0.0596230823
342_51_25_1703,0.0595177254
691_118_25_1703,0.0595177254
342_51_25_584,0.0595177254
1001_118_25_692,0.0595177254
691_118_25_815,0.0595177254
691_118_25_692,0.0595177254
691_118_25_584,0.0595177254
469_21_127_342_51_25_692,0.0595177254
342_51_25_815,0.0595177254
989_118_39_469,0.0595177254
989_118_25_815,0.0595177254
129_132_51,0.0592537169
2023_620_149,0.0592537169
1499_1500_21,0.0592537169
39_68_21_1751_25,0.0589000384
25_815_39_78_21,0.0587000384
2916_841_39,0.0584685368
989_118_25_1703,0.0583177254
128_691_118_25,0.0579000384
5_84_258_158,0.0576976855
117_118_5_55,0.0576976855
815_39_688_21,0.0576976855
275_751_39_78_21,0.0576976855
118_25_582_39,0.0576976855
118_127_342_51,0.0576976855
126_118_12_127,0.0576976855
1535_118_5_29,0.0576976855
815_39_229_21,0.0576976855
692_39_78_21,0.0576976855
692_39_688_7,0.0576976855
118_5_55_10,0.0576976855
118_25_1703_39,0.0576976855
694_118_5_29,0.0576976855
692_39_229_21,0.0576976855
1479_149_39_68_21,0.0575431400
342_29_25_692_39,0.0575431400
692_39_688_21,0.0574976855
342_691_118_25,0.0574976855
85_55_10_208,0.0573177254
691_118_25_582,0.0573177254
4_11_4_5,0.0570227802
9_10_105,0.0569974593
55_10_105,0.0569974593
55_10_678,0.0569974593
55_10_734,0.0569974593
127_342_751_39,0.0569667051
108_11_68_149,0.0569667051
39_3008_688_21,0.0568121596
2_275_388_39,0.0567643521
118_25_4036_39,0.0567643521
388_39_229_21,0.0567643521
388_39_78_21,0.0567643521
145_118_12_127,0.0567643521
1703_39_229_21,0.0567643521
678_208_12_39,0.0567643521
39_708_688_21,0.0567454929
44_691_118_25,0.0567454929
130_129_132,0.0565732810
584_39_229_21,0.0565643521
266_39_229_21,0.0565643521
769_39_78_21,0.0565643521
584_39_78_21,0.0565643521
582_39_229_21,0.0565643521
2_275_266_39,0.0565643521
68_21_722_149,0.0565643521
912_39_78_21,0.0565643521
342_25_692_39,0.0565431400
1001_118_5_29,0.0565431400
2_5_55_10,0.0565431400
691_118_5_29,0.0565431400
12_39_531_144,0.0560894468
127_342_3047_25,0.0559667051
128_991_811_12,0.0559667051
128_991_2349_12,0.0559667051
127_342_266_39,0.0559667051
82_5_150_151,0.0559667051
39_341_342_51,0.0559667051
39_3008_229_21,0.0558121596
128_743_342_21,0.0558121596
39_3008_688_7,0.0558121596
128_130_132_21,0.0558121596
39_3008_78_21,0.0558121596
128_1220_671_21,0.0557667051
29_461_208_149,0.0557667051
692_39_952_21,0.0557643521
489_25_692_39,0.0557643521
2_275_489_25,0.0557643521
150_151_11_12,0.0557643521
118_25_582_473,0.0557643521
567_21_722_149,0.0557643521
126_118_127_51,0.0557643521
275_9_769_39,0.0557643521
5_807_25_151,0.0557643521
1651_128_20_21,0.0557643521
342_51_701_25,0.0557643521
3125_25_692_39,0.0557643521
701_25_815_39,0.0557643521
342_51_818_25,0.0557643521
118_275_818_128,0.0555643521
118_275_3125_128,0.0555643521
342_51_3125_25,0.0555643521
1575_39_3014_21,0.0555643521
912_39_229_21,0.0555643521
693_7_689_21,0.0555643521
3014_7_1248_21,0.0555643521
465_265_182_44,0.0555643521
44_608_25_462,0.0553492555
12_39_341_342,0.0550825888
108_123_124_21,0.0548121596
128_1504_798_21,0.0548121596
367_315_11_820,0.0547643521
150_641_25,0.0547643521
333_1830_82,0.0547643521
170_605_7,0.0547643521
991_1247_12,0.0547643521
275_5096_128,0.0547643521
144_84_1148_158,0.0547643521
324_2580_82,0.0547643521
324_1830_82,0.0547643521
275_3269_82,0.0547643521
324_81_82,0.0547643521
1839_80_9,0.0547643521
275_238_82,0.0547643521
80_1830_82,0.0547643521
1416_1830_82,0.0547643521
402_1433_21,0.0547643521
275_3174_25,0.0547643521
124_977_149,0.0547643521
991_1247_251,0.0547643521
275_912_473,0.0547643521
991_419_265,0.0547643521
342_1268_82,0.0547643521
342_4004_82,0.0547643521
1287_11_12,0.0547643521
93_48_2_39,0.0546098067
367_112_12_39,0.0546098067
1575_39_124_21,0.0546098067
678_208_149_39,0.0546098067
991_419_12,0.0545643521
124_1066_149,0.0545643521
3324_891_132,0.0543732810
128_581_2_130,0.0540894468
39_721_2264_273,0.0538121596
4050_671_21,0.0536098067
3324_891_342,0.0534187355
286_333_1830,0.0533492555
108_1027_2865,0.0533492555
286_1416_1830,0.0533492555
29_678_208,0.0533492555
286_324_1830,0.0533492555
39_567_21_722,0.0531492555
85_29_170_21_39,0.0524853399
127_342_51_3125,0.0521492555
25_151_128_1055,0.0503563147
39_469_21_127_342_51_25,0.0494231296
21_127_342_265,0.0492231296
39_1001_21_127,0.0482685842
691_118_39_469,0.0477978110
1001_21_127_342,0.0477978110
170_21_39_334,0.0472874433
342_51_3298,0.0468533666
682_904_687,0.0468533666
443_663_1785_84,0.0468533666
275_341_128_20,0.0468533666
84_636_637,0.0468533666
265_315_1534,0.0464188147
39_688_7_693_21,0.0449187826
25_584_39_229,0.0446293411
44_1518_7238,0.0446293411
9_105_82,0.0435522963
126_118_128_161_21,0.0424912132
5_85_55_10,0.0422700011
275_896_82,0.0404912132
275_1651_128_20,0.0364691165
265_367_112_12,0.0349736517
266_39_688_7,0.0347712988
1651_39_20_21,0.0347712988
84_33145_85_29,0.0347712988
130_25_930_906,0.0347712988
5_84_1148_158,0.0347712988
127_342_489,0.0342450910
127_342_51_701,0.0342450910
