3_4_6,0.9172835124
6_16_3,0.8509188747
3_0_3,0.8234962167
4_2_5,0.8040740391
3_0_0,0.7786513811
3_4_2,0.7786513811
3_4_5,0.7786513811
3_2_5,0.7786513811
3_16_5,0.7786513811
4_16_5,0.7460262529
3_60_5,0.7460262529
6_495_3,0.7355263161
6_4_10,0.7355263161
3024_3_4,0.7295263161
3_4_3164,0.7295263161
3_4_1775,0.7295263161
16_3_4,0.7161709474
6_495_3_55816,0.7156668538
6_495_3_55787,0.7156668538
5952_9306_14298,0.7156668538
1968_4688_2_3_4_9837_1968_4688,0.7156668538
14298_5952_34829_14298,0.7156668538
3024_3_3218,0.7156668538
3024_3_684,0.7156668538
6_60_5,0.7008810664
20_5_3,0.6926371783
2_5_3,0.6926371783
0_0_3,0.6926371783
0_2_3,0.6926371783
5_3_4,0.6926371783
5_6_3,0.6926371783
0_5_3,0.6926371783
16_5_3,0.6926371783
0_0_5,0.6733261118
16_2_5,0.6733261118
0_2_5,0.6733261118
20_5_6,0.6590120501
0_5_6,0.6590120501
60_5_3,0.6590120501
2_5_6,0.6590120501
74_5_3,0.6590120501
16_5_6,0.6550708737
2_3_5,0.6547923427
2_3_16,0.6547923427
2_3_2,0.6547923427
5_3_16,0.6547923427
16_3_2,0.6547923427
20_3_2,0.6547923427
20_3_0,0.6547923427
2_3_0,0.6547923427
0_3_16,0.6547923427
0_3_0,0.6547923427
16064_161_573_1227_48_5_16061_16_26_20_3_4_278_16062_60_1706,0.6513022161
8525_6732_73_586_5_3_16025_2_6_4_16_5_1383_854_2038_2_16063_148_16064,0.6513022161
8519_0_3_9188_512_205_526_20_527_528,0.6513022161
3077_3557_2579_3262_121_5_3_8525_6732_73_586_5_3_16025_2_6,0.6513022161
3_4_8519_0_3_9188_512_205_526_20_527_528,0.6513022161
4_3_4,0.6512835124
6_4_3,0.6512835124
153_0_5,0.6243168428
3_1147_16,0.6233168428
2_6_2,0.6211672145
0_0_0,0.6181672145
20_0_20,0.6181672145
5_6_16,0.6172260381
0_3_33,0.6138668636
60_5_6,0.6138668636
5_3_33,0.6138668636
246_5_3,0.6138668636
0_121_3,0.6138668636
1227_48_5_16061_16_26_20_3_4_278_16062_60_1706_5_3077_3557_2579_3262_121,0.6094573805
161_573_1227_48_5_16061_16_26_20_3_4_278_16062_60_1706_5,0.6094573805
1383_854_2038_2_16063_148_16064_161_573_1227_48_5_16061_16_26,0.6094573805
1383_854_2038_2_16063_148_16064_161_573_1227_48,0.6094573805
1383_854_2038_2_16063_148,0.6094573805
474_3_142,0.6094573805
3_1044_323,0.6094573805
6_2_3,0.5899188747
3_16_6,0.5899188747
20_6_16,0.5770220280
0_246_5,0.5740220280
0_60_5,0.5740220280
16_60_5,0.5740220280
20_5_10,0.5622001970
4_6_4,0.5550905397
3_4_10,0.5550905397
3_4_16,0.5500740391
20_5_33,0.5403026400
109_5_6,0.5403026400
20_3024_3,0.5353026400
0_3024_3,0.5353026400
2_3024_3,0.5353026400
5_3_1334,0.5353026400
5_3024_3,0.5353026400
0_3_1044,0.5353026400
5_3_1147,0.5353026400
5_3_1044,0.5353026400
20_3_1334,0.5343026400
74_18_527,0.5343026400
20_3_1044,0.5343026400
20_5_202,0.5343026400
246_5_205,0.5343026400
32_5_33,0.5343026400
512_6_2,0.5273553614
3_0_5,0.5256513811
0_3_9188_512_205_526_20_527_528_0_3,0.5214431777
16_5_1383,0.5214431777
5_3_1389,0.5214431777
5_3_3543,0.5214431777
278_16062_60_1706_5_3077_3557_2579_3262_121_5_3_8525_6732_73_586,0.5214431777
16_5_1383_854_2038_2_16063_148_16064,0.5214431777
20_3_6628,0.5214431777
5_3_37447,0.5214431777
6_4_5_3,0.5116445500
6_4_3_4,0.4972947349
3_74_5,0.4920262529
6_2_5,0.4920262529
3_323_5,0.4870850765
6_16_5,0.4870850765
6_4_5,0.4870850765
16_26_20_3_4_278_16062_60_1706_5_3077_3557_2579_3262_121_5,0.4865983420
48_5_16061_16_26_20_3_4_278_16062_60_1706_5_3077_3557_2579_3262_121_5,0.4865983420
16_26_20_3_4_278_16062_60_1706_5,0.4865983420
20_3_4_278_16062_60_1706_5,0.4865983420
16_5_1383_854_2038_2,0.4865983420
6_4_4053,0.4815263161
3_4_11577,0.4805263161
6_4_2_3_4,0.4715967639
3_4_2_5,0.4680229850
4_10_858,0.4666668538
20_3_4,0.4641709474
6_4_16,0.4588810664
2_6_2_3_4,0.4525366227
4_5_3,0.4494962167
6_4_3_4_10_8071_152_153,0.4441472296
28_2_6_4_3_4_10_8071_152_153,0.4441472296
28_512_6_4_3_4_10_1009,0.4441472296
28_512_6_4_3_4_6652,0.4441472296
6_4_3_4_10_1009,0.4441472296
6_4_3_4_138_11873,0.4441472296
3_4_10_1009,0.4441472296
4_5_112,0.4440592354
2_3_4,0.4426371783
0_3_4,0.4426371783
13365_6_495_3_4954,0.4403639478
28_512_6_4_3_4_138_11873,0.4403639478
6_495_3_794_2_6_1424,0.4403639478
6628_5646_2_3_4_1685,0.4403639478
6_495_3_4906,0.4403639478
6_495_3_4954,0.4403639478
6_495_3_1725,0.4403639478
3_4_155_4812,0.4403639478
6_495_3_794,0.4403639478
14298_5952_9306_14298,0.4403639478
6_4_10_8071,0.4403639478
1383_854_2038,0.4403639478
20_3_16,0.4313261118
0_0_2,0.4283261118
28_512_6_2_3_4_10_1009,0.4184492585
3_16025_2_6,0.4184492585
3_794_2_6,0.4184492585
525_28_512_6_2_3_4,0.4184492585
205_526_20_527_528_2_3_4_8519_0_3_9188,0.4146659768
1383_854_2038_2_16063_148_16064,0.4146659768
205_526_20_527_528,0.4146659768
3_4_0,0.4136513811
112_2_5,0.4108810664
33_2_5,0.4092143998
495_3_0,0.4092143998
3_142_11119,0.4073022161
0_2_6,0.4070120501
3077_3557_2579_3262_121_5_3_8525_6732_73_586_5_3_16025_2_6_4_16_5,0.3953679985
161_573_1227_48_5,0.3953679985
2_6_4_3_4_10_951,0.3899281911
2_6_4_3_4_10_858,0.3899281911
33_60_5,0.3873168428
3_4954_2,0.3863168428
2997_20_5,0.3863168428
3_4_4053,0.3854238731
3_4_18,0.3770262529
2_3_60,0.3761672145
60_3_2,0.3761672145
20_6_2,0.3761672145
16_6_4,0.3738668636
2_5_10,0.3738668636
2_6_4,0.3738668636
32_5_3,0.3738668636
0_6_4,0.3738668636
48_5_3,0.3738668636
20_6_4,0.3738668636
527_259_74,0.3724573805
3_37447_16,0.3724573805
16_3_60,0.3722260381
60_3_16,0.3722260381
3_4_138,0.3685263161
3_4_155,0.3685263161
28_2_3,0.3647259021
112_2_3,0.3647259021
112_20_3,0.3647259021
512_5_6_495_3,0.3642302201
3_4_204,0.3635263161
6_662_3,0.3635263161
6_4_138,0.3625263161
3_4_2884,0.3625263161
0_3_9188,0.3612302201
74_18_527_76_28_512_6_2_3_4_10,0.3612302201
246_5_205_526_20_527_528_2_3_4,0.3612302201
18_527_76_28_512_6_2_3_4,0.3612302201
2_3_4_1775_507_2_3_4,0.3612302201
512_6_495_3_794_2_6,0.3612302201
74_18_2357_936_2359_2_3,0.3574469384
2_3_4_9837_1968_4688_2_3_4,0.3574469384
0_121_5_10_8328,0.3574469384
16_5_1383_854,0.3574469384
684_3_4,0.3545263161
238_3_4,0.3545263161
3_4_1451_152_153,0.3536668538
4_10_951,0.3536668538
3_4_26388,0.3536668538
3_238_6,0.3495263161
119_3_4,0.3495263161
6_399_3,0.3495263161
3_4_62,0.3495263161
3_4_76,0.3495263161
3_4_2952,0.3495263161
6_238_3,0.3495263161
662_3_4,0.3495263161
1326_3_4,0.3495263161
3_4_7180,0.3495263161
3_4_1685,0.3485263161
3_4_1451,0.3485263161
1449_3_4,0.3485263161
129_3_4,0.3485263161
544_3_4,0.3485263161
238_6_4,0.3485263161
6_4_2952,0.3485263161
6_290_3,0.3485263161
201_6_4,0.3485263161
3_4_7011,0.3485263161
1432_3_4,0.3485263161
3_4_6652,0.3485263161
3_4_7210,0.3485263161
3_4_8519,0.3485263161
3_4_1641,0.3485263161
861_3_4,0.3485263161
6_4_1475,0.3485263161
3_4_1673,0.3485263161
3_4_1475,0.3485263161
857_3_4,0.3485263161
3_4_7181,0.3485263161
2_6_16,0.3440220280
0_6_16,0.3440220280
0_3_323,0.3440220280
3_512_5,0.3438810664
6_74_5,0.3438810664
6_4_18,0.3438810664
527_385_608_2001,0.3436668538
10_858_495,0.3436668538
0_3_9188_512,0.3429322419
5_3_3543_0,0.3429322419
6_2_3_4,0.3426107656
0_48_5,0.3410220280
32_20_5,0.3410220280
0_512_5,0.3410220280
74_2_5,0.3410220280
3_4_7470,0.3396668538
3_4_6589_152_485,0.3396668538
3_4_1451_152_485,0.3396668538
4285_290_3690,0.3396668538
152_485_28,0.3396668538
7210_152_153,0.3396668538
152_153_6,0.3396668538
2952_152_348,0.3396668538
2952_152_153,0.3396668538
3908_3_4,0.3396668538
527_76_28,0.3396668538
161_572_573,0.3396668538
94_445_259,0.3396668538
3_532_6,0.3396668538
6_4_9837,0.3396668538
6_4_7011,0.3396668538
6_4_1673,0.3396668538
6_4_6589,0.3396668538
10_858_112,0.3396668538
238_6_1058,0.3396668538
259_238_6,0.3396668538
3_161_282,0.3396668538
3_4_16534,0.3396668538
3_4_7887,0.3396668538
3_4_8219,0.3396668538
3_4_5448,0.3396668538
3_4_3465,0.3396668538
3_4_16531,0.3396668538
3_4_3407,0.3396668538
3_4_3682,0.3396668538
3_4_7495,0.3396668538
3_4_5486,0.3396668538
3_4_16358,0.3396668538
3_4_6642,0.3396668538
3_4_8212,0.3396668538
3_4_8609,0.3396668538
3_4_1660,0.3396668538
3_4_9147,0.3396668538
3_4_17006,0.3396668538
3_4_3164_3_6682_2357_528_2_3_4_3164,0.3396668538
3_4_10_951_152_153,0.3396668538
3_4_17006_152_153,0.3396668538
10_8071_152_485,0.3396668538
10_951_152_153,0.3396668538
3_94_445,0.3396668538
205_527_259,0.3396668538
152_153_3,0.3396668538
152_153_1040,0.3396668538
2952_152_485,0.3396668538
684_10_858,0.3396668538
238_3_283,0.3396668538
238_3_1058,0.3396668538
6_112_99,0.3396668538
473_6_4,0.3396668538
161_55_56,0.3396668538
10_858_13,0.3396668538
161_573_56,0.3396668538
6_4_19344,0.3396668538
10_858_288,0.3396668538
6_96_3,0.3396668538
6_4_6642,0.3396668538
161_573_97,0.3396668538
6_4_1451,0.3396668538
6_4_6652,0.3396668538
6_4_4509,0.3396668538
6_4_5448,0.3396668538
238_6_283,0.3396668538
161_573_259,0.3396668538
6_4_8519,0.3396668538
6_4_1641,0.3396668538
6_572_573,0.3396668538
3_161_573,0.3396668538
3_161_55,0.3396668538
3_260_256,0.3396668538
10_8328_107,0.3396668538
3_577_6,0.3396668538
3_4_6589,0.3396668538
3_4_7012,0.3396668538
3_4_3162,0.3396668538
3_4_19874,0.3396668538
3_4_19344,0.3396668538
3_4_17005,0.3396668538
3_4_4509,0.3396668538
3_4_16546,0.3396668538
3_4_24402,0.3396668538
3_4_29503,0.3396668538
10_8071_152_153,0.3396668538
10_951_152_485,0.3396668538
33_238_3,0.3396668538
532_6_4,0.3396668538
10_858_3023,0.3396668538
6_161_55,0.3396668538
6_260_256,0.3396668538
6_4_1685,0.3396668538
3_573_259,0.3396668538
3_572_573,0.3396668538
3_4_9837,0.3396668538
3_246_5,0.3318810664
3_512_0,0.3318810664
6_4_74,0.3318810664
6_4_2,0.3318810664
3_16_74,0.3318810664
3_4_323,0.3318810664
3_4_74,0.3318810664
3_4_246,0.3318810664
3_74_18,0.3318810664
3_4_109,0.3318810664
3_4_16_5,0.3317326704
3_4_32,0.3308810664
2_6_4_2_3,0.3275028383
5_6_16_3,0.3275028383
20_6_4_5_3,0.3275028383
0_6_16_3,0.3275028383
2_5_112,0.3238668636
48_5_6,0.3222001970
512_5_6,0.3222001970
121_5_6,0.3222001970
0_5_112,0.3222001970
2_5_33,0.3222001970
0_5_33,0.3222001970
0_5_10,0.3222001970
20_3_4_2,0.3166247431
20_3_16_5,0.3166247431
573_2_3,0.3130592354
33_16_3,0.3130592354
20_5_3_4,0.3109102457
0_2_3_4,0.3109102457
28_2_6,0.3091616785
13365_6_495_3_4954_8661,0.3039555504
14298_6_495_3_4954,0.3039555504
14298_14298_14298,0.3039555504
6_495_3_794_2_6,0.3039555504
6_2_3_4_10_1009,0.3039555504
14298_6_495_3_794,0.3039555504
6_662_3_4954,0.3039555504
20_3_2_5,0.3030321505
20_3_4_5,0.3020321505
2_3_16_5,0.3020321505
2_3_4_5,0.3020321505
2_3_2_5,0.3020321505
60_5_152,0.3003026400
2_5_136,0.3003026400
20_5_129,0.2993026400
13365_6_495_3_4954_8661_13365,0.2989555504
14298_14298_14298_14298,0.2989555504
14298_6_662_3,0.2989555504
6628_5646,0.2989555504
6628_1948,0.2989555504
4954_8661,0.2989555504
684_24335,0.2989555504
684_16659,0.2989555504
8661_13365,0.2989555504
14298_5952,0.2989555504
14298_14298,0.2989555504
14298_5952_9306,0.2989555504
684_16202,0.2989555504
259_2_3,0.2961616785
204_20_3,0.2961616785
4_5_33,0.2961616785
94_2_3,0.2961616785
112_20_6,0.2961616785
3_74_28,0.2961616785
2952_2_3,0.2961616785
528_2_3,0.2961616785
259_20_3,0.2961616785
833_20_3,0.2961616785
136_2_3,0.2961616785
138_20_3,0.2961616785
152_153_1040_2_3,0.2943022161
5714_20_3,0.2943022161
525_28_512_6_2_3_4_10_1009,0.2942575794
28_512_6_2_3_4_10,0.2942575794
28_2_5,0.2942143998
6_74_18,0.2942143998
0_121_5,0.2930220280
323_18_0,0.2913553614
205_526_20_527_528_2_3_4_8519,0.2912575794
507_2_3_4_1775,0.2912575794
1968_4688_2_3_4,0.2912575794
55_20_6_16_3,0.2912575794
586_5_3_16025,0.2912575794
525_74_18_527,0.2912575794
600_20_3,0.2911616785
192_2_3,0.2911616785
936_2_3,0.2911616785
202_20_3,0.2911616785
2139_2_3,0.2911616785
202_2_3,0.2911616785
1149_2_3,0.2911616785
573_2_6,0.2911616785
256_2_3,0.2911616785
136_20_3,0.2911616785
600_2_3,0.2911616785
512_6_4_3_4_10,0.2910721642
2_6_4_5,0.2904658458
195_20_6,0.2901616785
672_20_3,0.2901616785
392_20_3,0.2901616785
826_20_3,0.2901616785
339_20_3,0.2901616785
159_20_3,0.2901616785
324_2_3,0.2901616785
1552_20_3,0.2901616785
445_20_3,0.2901616785
640_2_3,0.2901616785
3557_2_3,0.2901616785
8368_2_3,0.2901616785
1465_2_3,0.2901616785
730_20_3,0.2901616785
1040_2_3,0.2901616785
256_2_6,0.2901616785
787_20_3,0.2901616785
282_2_3,0.2901616785
3292_2_3,0.2901616785
155_20_6,0.2901616785
136_20_6,0.2901616785
833_20_6,0.2901616785
204_20_6,0.2901616785
681_20_3,0.2901616785
6612_2_3,0.2901616785
1255_20_3,0.2901616785
112_16_33,0.2901616785
507_2_3,0.2901616785
202_20_6,0.2901616785
8368_20_3,0.2901616785
9188_2_3,0.2901616785
138_20_6,0.2901616785
600_2_6,0.2901616785
2997_20_3,0.2901616785
586_5_3,0.2901616785
259_20_6,0.2901616785
37_20_3,0.2901616785
151_2_3,0.2901616785
34_20_3,0.2901616785
60_3_4,0.2890120501
3_4_4053_0_5,0.2883818030
16_1429_48_10,0.2864431777
5_6_4,0.2850708737
5_112_20_6_4_3,0.2840408598
5_6_495_3,0.2840408598
512_6_4_3,0.2840408598
2_6_4_10,0.2833741932
9188_512,0.2823794842
3_4_190,0.2822143998
3_4_73,0.2822143998
76_60_6,0.2813022161
956_20_3,0.2813022161
3077_3557_2579_3262_121_5_3_8525_6732_73_586,0.2813022161
5646_2_3,0.2813022161
2614_2_3,0.2813022161
200_20_6,0.2813022161
730_20_6,0.2813022161
165_5_178,0.2813022161
107_20_507,0.2813022161
827_20_6,0.2813022161
4688_2_3,0.2813022161
257_20_6,0.2813022161
3254_16_1628,0.2813022161
339_20_6,0.2813022161
431_60_6,0.2813022161
116_20_6,0.2813022161
2997_20_10101,0.2813022161
1498_121_3,0.2813022161
1013_20_6,0.2813022161
1410_48_3,0.2813022161
355_2_6,0.2813022161
3199_5_3,0.2813022161
272_20_2515,0.2813022161
10773_2_3,0.2813022161
28_2_16_5136_121_3_4_3407_152_153,0.2813022161
417_246_5_418_2_3,0.2813022161
608_16_16730_2_3,0.2813022161
3196_4912_20_3,0.2813022161
205_526_20_527,0.2813022161
526_20_527_528,0.2813022161
435_20_3,0.2813022161
998_20_3,0.2813022161
1071_20_1072,0.2813022161
704_2_6,0.2813022161
16687_20_3,0.2813022161
906_2_3,0.2813022161
55_20_6,0.2813022161
202_20_7180,0.2813022161
392_20_2521,0.2813022161
3_323_2297,0.2813022161
2853_20_3,0.2813022161
11715_20_3,0.2813022161
10071_5_3548,0.2813022161
1628_2_3,0.2813022161
431_60_3,0.2813022161
3385_2_3,0.2813022161
401_2_3,0.2813022161
274_2_3,0.2813022161
1310_20_6,0.2813022161
952_20_6,0.2813022161
28_2_201,0.2813022161
1636_2_6,0.2813022161
3375_2_3,0.2813022161
336_20_1792,0.2813022161
336_20_2561,0.2813022161
1273_2_6,0.2813022161
1255_20_6,0.2813022161
3254_16_1628_2_3,0.2813022161
94_16_2357_936,0.2813022161
1092_20_6,0.2813022161
202_20_2884,0.2813022161
794_2_6,0.2813022161
16730_2_3,0.2813022161
608_16_16730,0.2813022161
74_2_3,0.2800120501
512_6_495_3_794,0.2780385410
512_6_495_3_4954,0.2780385410
2_5_3_1147,0.2780385410
20_5_3_1147,0.2780385410
512_6_495_3,0.2780385410
2_3_4_1775,0.2780385410
20_5_6_161,0.2780385410
2_16063,0.2780385410
5_33_20,0.2774578044
4053_0_5,0.2773168428
33_16_5,0.2773168428
2_3_4_3164_0,0.2754960979
2_6_4_16,0.2751627646
16_0_121_5,0.2751627646
4_3164_0,0.2713168428
512_6_2_3_4_10_1009_0,0.2691604458
573_2_5,0.2653168428
138_20_5,0.2653168428
28_2_16,0.2653168428
3_4_278,0.2653168428
155_20_5,0.2633168428
4_11577_0,0.2624573805
10_858_0,0.2624573805
525_28_512,0.2624573805
525_28_2,0.2624573805
1948_74_18,0.2624573805
3_3543_0,0.2624573805
20_3_60,0.2611672145
2_3_74,0.2611672145
3_256_2,0.2603168428
3_283_0,0.2603168428
195_20_5,0.2603168428
748_20_5,0.2603168428
833_20_5,0.2603168428
6_4_73,0.2603168428
204_20_5,0.2603168428
3_1066_5,0.2603168428
3_4_1366,0.2603168428
3_4_432,0.2603168428
3_74_279,0.2603168428
3_17_18,0.2603168428
3_4_319,0.2603168428
28_246_5,0.2593168428
4_62_5,0.2593168428
76_60_5,0.2593168428
708_2_5,0.2593168428
76_20_5,0.2593168428
28_512_5,0.2593168428
4_2952_2,0.2593168428
282_2_5,0.2593168428
159_20_5,0.2593168428
3_746_20,0.2593168428
6_4_432,0.2593168428
3_355_2,0.2593168428
3_355_16,0.2593168428
3_689_16,0.2593168428
759_20_5,0.2593168428
1475_0_5,0.2593168428
4_1641_0,0.2593168428
3_107_20,0.2593168428
4_73_74,0.2593168428
600_20_5,0.2593168428
4_7180_0,0.2593168428
3_336_20,0.2593168428
833_20_18,0.2593168428
3_1636_2,0.2593168428
3_4_669,0.2593168428
789_0_5,0.2593168428
0_121_5_10_8328_107_20,0.2585983420
60_6_4,0.2558668636
512_5_3,0.2558668636
5_3_112,0.2558668636
272_74_18,0.2504573805
2489_74_18,0.2504573805
729_60_5,0.2504573805
487_138_20,0.2504573805
1036_20_5,0.2504573805
31_32_18,0.2504573805
6_4_3_4_10_1427_323_157_385_776_16,0.2504573805
1197_121_5_12524_0_121,0.2504573805
3_12765_1982_20,0.2504573805
4_9837_0,0.2504573805
177_121_5,0.2504573805
2979_20_5,0.2504573805
1392_60_32,0.2504573805
572_282_2,0.2504573805
4_1685_0,0.2504573805
510_20_5,0.2504573805
572_573_2,0.2504573805
573_28_2,0.2504573805
572_573_16,0.2504573805
544_833_20,0.2504573805
573_259_2,0.2504573805
152_485_16,0.2504573805
2402_20_5,0.2504573805
4829_60_5,0.2504573805
1967_246_5,0.2504573805
3481_121_5,0.2504573805
152_153_5,0.2504573805
202_4979_20,0.2504573805
165_833_20,0.2504573805
238_283_74,0.2504573805
256_0_74,0.2504573805
4_8609_0,0.2504573805
28_111_5,0.2504573805
525_74_18,0.2504573805
787_20_5,0.2504573805
31_32_5,0.2504573805
119_94_2,0.2504573805
316_112_2,0.2504573805
161_55_20,0.2504573805
2249_20_5,0.2504573805
431_60_5,0.2504573805
177_246_5,0.2504573805
283_74_18,0.2504573805
4_5448_0,0.2504573805
10_858_16,0.2504573805
161_507_2,0.2504573805
358_20_5,0.2504573805
3_506_0,0.2504573805
4_7181_0,0.2504573805
1275_121_5,0.2504573805
67_20_5,0.2504573805
1498_121_5,0.2504573805
10_951_5,0.2504573805
10_951_16,0.2504573805
1974_20_5,0.2504573805
3_355_74,0.2504573805
6612_74_18,0.2504573805
300_60_5,0.2504573805
177_32_5,0.2504573805
4_5486_0,0.2504573805
1149_74_18,0.2504573805
161_282_2,0.2504573805
4_76_60,0.2504573805
1276_20_5,0.2504573805
152_348_0,0.2504573805
152_348_16,0.2504573805
553_2997_20,0.2504573805
1157_20_5,0.2504573805
1227_48_5,0.2504573805
3_1308_0,0.2504573805
929_20_5,0.2504573805
2540_20_5,0.2504573805
572_573_74,0.2504573805
143_32_5,0.2504573805
260_256_2,0.2504573805
573_259_74,0.2504573805
152_153_0,0.2504573805
534_512_157,0.2504573805
8749_60_5,0.2504573805
3_704_2,0.2504573805
423_20_5,0.2504573805
798_60_5,0.2504573805
5669_20_5,0.2504573805
33_34_20,0.2504573805
4_6652_0,0.2504573805
259_74_18,0.2504573805
10_858_2,0.2504573805
573_74_18,0.2504573805
177_32_18,0.2504573805
1255_20_5,0.2504573805
20_3_74,0.2491672145
0_3_74,0.2491672145
109_5_3,0.2488668636
512_3_4,0.2448668636
109_3_4,0.2448668636
121_3_4,0.2448668636
121_5_3,0.2448668636
48_3_4,0.2448668636
24_5_3,0.2448668636
24_3_4,0.2448668636
32_3_4,0.2448668636
3_4_2884_2885,0.2432584564
2884_2885,0.2432584564
119_8_20,0.2418405077
796_11428,0.2326584564
796_10265,0.2326584564
20_3_246,0.2290220280
60_6_2,0.2290220280
60_6_16,0.2290220280
0_0_18,0.2260220280
16_74_5,0.2260220280
16_246_5,0.2260220280
2_3_246,0.2190220280
20_3_323,0.2190220280
20_3_48,0.2190220280
121_3_16,0.2190220280
20_6_74,0.2190220280
48_3_16,0.2190220280
16_6_2,0.2190220280
2_3_323,0.2190220280
6_4_2_3,0.2066445500
2_5_152,0.2042001970
32_5_6,0.2042001970
20_5_112,0.2042001970
24_5_6,0.2042001970
20_6_2_3_4,0.2005366227
6_4_10_858,0.1951472296
6_4_3_4_10_858_495,0.1951472296
6_4_3_4_10_951,0.1951472296
246_5_6,0.1948668636
16_5_112,0.1932001970
5_3_259,0.1932001970
5_3_161,0.1932001970
5_3_573,0.1932001970
0_3_495,0.1932001970
4364_640_2_3_4_7180,0.1913639478
6_4_10_8328,0.1913639478
48_6_4,0.1873026400
20_5_152,0.1873026400
2_3_684,0.1873026400
5_6_112,0.1873026400
16_5_33,0.1873026400
60_5_10,0.1873026400
20_5_178,0.1823026400
20_5_161,0.1823026400
20_5_288,0.1823026400
5_6_161,0.1823026400
5_6_662,0.1813026400
2_5_178,0.1803026400
5_112_20,0.1793553614
5_112_16,0.1793553614
3_4_10_8071_152_153_0,0.1790659695
16_512_5,0.1780220280
3_794_2_6_4,0.1774492585
0_32_20,0.1763553614
863_5_3,0.1763026400
60_5_112,0.1763026400
2_5_155,0.1763026400
512_6_4,0.1763026400
2_3_399,0.1763026400
5_3_94,0.1763026400
0_5_573,0.1763026400
2_5_288,0.1763026400
5_12524_0_121_3,0.1734431777
5_3_10585,0.1734431777
20_5_205,0.1713026400
0_5_178,0.1713026400
2_861_3,0.1713026400
863_3_4,0.1713026400
319_3_4,0.1713026400
5_3_7,0.1713026400
5_6_495,0.1713026400
277_20_3,0.1713026400
2_544_3,0.1713026400
2_129_3,0.1713026400
2_119_3,0.1713026400
74_5_33,0.1713026400
20_3_399,0.1713026400
2_3_283,0.1713026400
5_3_256,0.1713026400
26_20_3,0.1713026400
0_3_399,0.1713026400
0_3_662,0.1713026400
0_5_259,0.1713026400
2_1326_3,0.1713026400
2_5_796,0.1713026400
3_4_10_1427_323_157_385,0.1706659768
16025_2_6,0.1706659768
205_526_20_527_528_2_3_4,0.1706659768
527_259_74_18_205_527_259,0.1706659768
272_74_18_527_76,0.1706659768
319_6_4,0.1703026400
2_5_1020,0.1703026400
74_284_3,0.1703026400
60_5_195,0.1703026400
60_5_138,0.1703026400
60_5_288,0.1703026400
2_5_1326,0.1703026400
111_3_4,0.1703026400
20_201_6,0.1703026400
121_5_112,0.1703026400
20_5_385,0.1703026400
5_3_5308,0.1703026400
5_3_86,0.1703026400
5_3_746,0.1703026400
5_3_4564,0.1703026400
5_3_355,0.1703026400
5_3_392,0.1703026400
2_6_399,0.1703026400
5_3_55,0.1703026400
20_6_399,0.1703026400
5_6_192,0.1703026400
5_6_7,0.1703026400
111_5_6,0.1703026400
3405_2_3,0.1703026400
3405_2_6,0.1703026400
323_5_178,0.1703026400
2_201_6,0.1703026400
60_5_204,0.1703026400
2_5_857,0.1703026400
2_5_544,0.1703026400
2_5_861,0.1703026400
2_5_426,0.1703026400
48_5_112,0.1703026400
74_18_33,0.1703026400
74_18_112,0.1703026400
20_5_796,0.1703026400
20_5_316,0.1703026400
20_5_629,0.1703026400
121_5_10,0.1703026400
20_5_746,0.1703026400
2_3_689,0.1703026400
2_3_4194,0.1703026400
5_3_1195,0.1703026400
5_3_725,0.1703026400
5_3_1987,0.1703026400
5_3_122,0.1703026400
246_5_155,0.1703026400
246_5_138,0.1703026400
24_5_112,0.1703026400
2_857_3,0.1703026400
5_478_3,0.1703026400
0_3_4194,0.1703026400
109_5_112,0.1703026400
0_5_136,0.1703026400
60_5_155,0.1703026400
20_5_136,0.1703026400
5_3_336,0.1703026400
2885_0,0.1696688661
7778_24,0.1696688661
13350_48,0.1696688661
2_3_278,0.1693553614
48_3_60,0.1693553614
0_74_18,0.1680220280
74_18_0,0.1680220280
18_527_76,0.1664431777
16_74_18,0.1663553614
16_0_121,0.1663553614
8_20_3,0.1630191006
5_3_8,0.1630191006
8_2_3,0.1630191006
18_112_2,0.1624578044
433_323_324,0.1624431777
5_3_6974,0.1624431777
323_18_759,0.1624431777
74_157_119_94_16_18_2357_936,0.1624431777
74_18_2357_936,0.1624431777
16_3_4285,0.1624431777
60_5_697,0.1624431777
60_5_694,0.1624431777
20_10_858,0.1624431777
60_5_691,0.1624431777
2_5_1018,0.1624431777
5_152_153,0.1624431777
2_3908_3,0.1624431777
74_5_316,0.1624431777
74_18_8368,0.1624431777
74_18_161,0.1624431777
323_157_385,0.1624431777
74_18_205,0.1624431777
74_18_8158,0.1624431777
0_433_177,0.1624431777
433_323_729,0.1624431777
5_544_833,0.1624431777
18_205_527,0.1624431777
2_3_506,0.1624431777
5_3_704,0.1624431777
246_5_204,0.1624431777
246_5_195,0.1624431777
246_5_861,0.1624431777
2_955_3,0.1624431777
5_6_106,0.1624431777
5_161_55,0.1624431777
74_157_119,0.1624431777
5_33_34,0.1624431777
26_20_3_4_278_16062_60_1706,0.1624431777
323_157_385_776_16_1429,0.1624431777
246_5_205_526_20_527,0.1624431777
16_18_2357_936_2359,0.1624431777
190_74_28,0.1624431777
60_5_699,0.1624431777
60_5_1194,0.1624431777
73_74_28,0.1624431777
5_10_8328,0.1624431777
5_10_858,0.1624431777
5_152_348,0.1624431777
16_5_1096,0.1624431777
157_4524_112,0.1624431777
74_18_151,0.1624431777
74_18_6612,0.1624431777
74_18_1394,0.1624431777
74_18_1310,0.1624431777
512_5_717,0.1624431777
512_5_1015,0.1624431777
512_5_202,0.1624431777
512_5_1109,0.1624431777
32_18_759,0.1624431777
32_18_896,0.1624431777
433_323_737,0.1624431777
5_3_8525,0.1624431777
5_3_577,0.1624431777
0_2_300,0.1624431777
317_32_3,0.1624431777
350_5_478,0.1624431777
451_18_819,0.1624431777
32_5_178,0.1624431777
2_10_858,0.1624431777
157_119_94,0.1624431777
111_5_112,0.1624431777
5_299_6,0.1624431777
74_157_385,0.1624431777
16_18_1394,0.1624431777
5_178_1015,0.1624431777
60_5_5832,0.1624431777
5_316_112,0.1624431777
18_161_573,0.1624431777
5_152_485,0.1624431777
74_18_900,0.1624431777
74_18_136,0.1624431777
24_5_178,0.1624431777
5_33_1124,0.1624431777
6_4_10_1009_0,0.1621512803
2_5_8,0.1590191006
0_5_8,0.1590191006
3_16_5_112_20_6,0.1584515774
272_74_18_527_76_28_512,0.1583679985
6612_74_18_6612_2,0.1583679985
8_20_6,0.1580191006
5_6_8,0.1580191006
5_112_74,0.1574578044
5_445_20,0.1564578044
16_33_20,0.1524578044
157_119_8,0.1511596382
109_18_19,0.1511596382
3_4_10_8328,0.1511472296
3_4_10_8071,0.1511472296
2_6_4_3_4_10_8071,0.1499281911
0_0_190,0.1494578044
16_323_18,0.1494578044
0_0_433,0.1494578044
0_32_18,0.1494578044
20_73_0,0.1494578044
3_4_10_8071_152_153,0.1493639478
8690_3_532_6_4_10_951_426,0.1493639478
3_4_155_11873,0.1493639478
3_4_138_4812,0.1493639478
6_4_10_951,0.1493639478
5_129_258_259_20,0.1485983420
74_28_2,0.1474578044
5_138_16,0.1474578044
0_155_20,0.1474578044
0_138_20,0.1474578044
191_3_16,0.1474578044
5_288_20,0.1474578044
0_288_20,0.1474578044
5_94_20,0.1474578044
6_4_3_4_10_858,0.1471472296
18_136_2,0.1464578044
5_1015_20,0.1464578044
5_426_0,0.1464578044
5_339_20,0.1464578044
5_418_2,0.1464578044
5_2139_20,0.1464578044
74_833_20,0.1464578044
0_204_20,0.1464578044
5_202_20,0.1464578044
0_190_74_833_20,0.1464578044
5_746_20,0.1464578044
319_6_2,0.1464578044
191_6_16,0.1464578044
74_748_20,0.1464578044
5_600_20,0.1464578044
5_2997_20,0.1464578044
18_833_20,0.1464578044
0_195_20,0.1464578044
5_34_20,0.1464578044
5_789_0,0.1464578044
5_136_20,0.1464578044
323_28_2,0.1464578044
5_159_20,0.1464578044
5_76_20,0.1464578044
152_153_2357_528_2_3_4,0.1453639478
684_10_858_495,0.1453639478
0_723_5,0.1444578044
527_76_28_512_6_4_3_4,0.1441472296
3_577_6_4,0.1441472296
3_4_4053_339_20_3_4_4053,0.1441472296
3_4_10_951,0.1441472296
190_323_5,0.1434578044
677_20_5,0.1434578044
398_20_5,0.1434578044
277_20_5,0.1434578044
0_277_20,0.1434578044
941_20_5,0.1434578044
74_5_277,0.1434578044
0_433_74,0.1434578044
16_26_20,0.1434578044
0_190_74,0.1434578044
190_74_5,0.1434578044
0_1066_5,0.1434578044
74_279_5,0.1434578044
16_277_20,0.1434578044
20_5_277,0.1434578044
0_433_323,0.1434578044
60_742_5,0.1434578044
0_190_323,0.1434578044
26_20_5,0.1434578044
2_3_4_10_8071_152_153,0.1431449094
3_4_2952_152_153_2357_528_2_3_4_4053,0.1423639478
936_2359_2_3_4_2952_152_153,0.1423639478
6_16_3_4285_290_3690,0.1423639478
205_526_20_527_528_9188,0.1423639478
3_4_10_8071_152_485,0.1423639478
2357_528_2_3_4_4053,0.1423639478
3_4_2952_152_153,0.1423639478
3_4_2952_152_485,0.1423639478
3_4_7887_152_153,0.1423639478
238_6_4_10_1122,0.1423639478
3_4_3407_152_153,0.1423639478
3_4_7011_152_485,0.1423639478
3_4_7011_152_153,0.1423639478
205_527_259_28,0.1423639478
3_161_573_56,0.1423639478
3_4_2884_3013,0.1423639478
3_4_2884_3806,0.1423639478
7011_152_485,0.1423639478
1037_7075_202,0.1423639478
7_131_823,0.1423639478
129_258_259,0.1423639478
1451_152_485,0.1423639478
1451_152_153,0.1423639478
6589_152_485,0.1423639478
7887_152_153,0.1423639478
161_573_1227,0.1423639478
3_122_107,0.1423639478
10_155_19095,0.1423639478
152_348_4436,0.1423639478
610_29579,0.1423639478
2884_3806,0.1423639478
2884_3013,0.1423639478
17791_17843,0.1423639478
4124_3375,0.1423639478
2357_936_2359_2_3_4_2952_152_153,0.1423639478
1410_48_3_4_2884_3806,0.1423639478
2357_936_2359_2_3_4,0.1423639478
8690_3_532_6_4_10,0.1423639478
119_94_16_2357_936_2359,0.1423639478
3_4_155_2379,0.1423639478
3_4_138_2379,0.1423639478
3_4_138_11873,0.1423639478
7011_152_153,0.1423639478
4509_152_153,0.1423639478
7_131_132,0.1423639478
796_3580_9414,0.1423639478
208_209_2856,0.1423639478
2306_131,0.1423639478
7295_14211,0.1423639478
11115_11504,0.1423639478
5_155_121,0.1415983420
74_0_60_5,0.1409345607
8_2_5,0.1388409317
8_20_5,0.1388409317
5_10_8328_107_20,0.1385983420
74_28_246,0.1385983420
5_1040_20,0.1385983420
18_819_20,0.1385983420
5_510_20,0.1385983420
279_76_60,0.1385983420
5_674_20,0.1385983420
32_748_20,0.1385983420
323_748_20,0.1385983420
323_640_2,0.1385983420
18_8368_2,0.1385983420
5_151_20,0.1385983420
451_18_819_20_0_20_49156_20_73_0_249_1197_121,0.1385983420
451_18_819_20_0_20_49156_20_73,0.1385983420
0_205_526_20_527_528_9188_2,0.1385983420
18_2357_936_2359_2,0.1385983420
5_205_526_20,0.1385983420
5_1730_20,0.1385983420
0_5704_20,0.1385983420
60_9999_18,0.1385983420
782_204_20,0.1385983420
279_177_121,0.1385983420
5_1035_20,0.1385983420
74_28_512,0.1385983420
782_155_20,0.1385983420
18_4028_20,0.1385983420
323_729_60,0.1385983420
18_159_20,0.1385983420
0_827_20,0.1385983420
5_3023_0,0.1385983420
323_833_20,0.1385983420
5_4605_20,0.1385983420
18_759_20,0.1385983420
5_8368_20,0.1385983420
433_431_60,0.1385983420
5_3861_20,0.1385983420
782_138_20,0.1385983420
5_3604_20,0.1385983420
5_2259_20,0.1385983420
18_67_20,0.1385983420
5_929_20,0.1385983420
60_3444_5,0.1385983420
60_61_32,0.1385983420
74_76_60,0.1385983420
5_3338_20,0.1385983420
18_896_20,0.1385983420
2_3289_60,0.1385983420
5_2686_20,0.1385983420
18_151_2,0.1385983420
278_28_2,0.1385983420
74_708_2,0.1385983420
2_300_60,0.1385983420
2_3169_20,0.1385983420
0_1013_20,0.1385983420
323_1123_2,0.1385983420
18_1627_20,0.1385983420
284_143_32,0.1385983420
74_177_121,0.1385983420
5_6163_20,0.1385983420
5_998_20,0.1385983420
73_586_5,0.1385983420
5_717_20,0.1385983420
0_200_20,0.1385983420
16_177_32,0.1385983420
16_1498_121,0.1385983420
323_431_60,0.1385983420
74_3481_121,0.1385983420
5_5061_20,0.1385983420
5_195_121,0.1385983420
18_1415_20,0.1385983420
279_143_32,0.1385983420
0_257_20,0.1385983420
433_177_32,0.1385983420
73_9_5,0.1385983420
5_979_20,0.1385983420
2_2215_20,0.1385983420
5_1974_20,0.1385983420
5_478_20,0.1385983420
5_7546_20,0.1385983420
323_324_2,0.1385983420
74_1275_121,0.1385983420
74_143_32,0.1385983420
323_324_246,0.1385983420
323_869_2,0.1385983420
16_787_20,0.1385983420
32_833_20,0.1385983420
18_9766_20,0.1385983420
18_952_20,0.1385983420
16_1255_20,0.1385983420
5_50_20,0.1385983420
323_2434_2,0.1385983420
74_284_5,0.1365983420
0_3576_60,0.1365983420
0_564_323,0.1365983420
74_5_498,0.1365983420
74_18_75,0.1365983420
171_32_18,0.1365983420
2262_20_5,0.1365983420
432_433_323,0.1365983420
433_323_18,0.1365983420
0_433_279,0.1365983420
3405_246_5,0.1365983420
115_20_5,0.1365983420
3576_60_5,0.1365983420
2_335_74,0.1365983420
292_109_5,0.1365983420
0_410_278,0.1365983420
317_32_5,0.1365983420
60_742_18,0.1365983420
2_16_784,0.1365983420
1187_190_323,0.1365983420
335_74_284,0.1365983420
535_20_5,0.1365983420
171_32_5,0.1365983420
32_171_32,0.1365983420
6_4_3_4_10_1427_323,0.1358492513
18_19_20,0.1309814693
6_4_5_34_20_3,0.1307849107
6_4_5_33_34,0.1304492585
2_6_4_2_3_4_10_8071,0.1292302201
74_18_136_2_3,0.1292302201
6_4_3_4_10_1427_323_157_385,0.1286659768
1429_48_10_1009,0.1286659768
3_355_2_6_4,0.1264492585
6_4_5_33_34_20_3,0.1264492585
2_3_4_10_8328,0.1262302201
74_18_527_76_28_512_6_4_3_4,0.1262302201
2_6_4_10_1009,0.1262302201
3_704_2_6,0.1234492585
3_4_4053_870_3405_2_3_4,0.1234492585
161_55_20_6_16_3,0.1234492585
119_94_2_3_4,0.1234492585
572_282_2_3_4,0.1234492585
3_16025_2_6_4,0.1234492585
33_34_20_3_4,0.1234492585
572_573_2_6_4,0.1234492585
2357_528_2_3_4,0.1234492585
33_34_20_3,0.1234492585
3_355_2_6,0.1234492585
1410_48_3_4,0.1234492585
6_4_5_3_6974,0.1234492585
572_573_2_3_4,0.1234492585
417_246_5_205_526,0.1216659768
4124_3375_2_3,0.1216659768
10_1427_323_157_385_776_16_1429_48_10_1009,0.1216659768
6_4_7011_417_246_5_418_2_3,0.1216659768
417_246_5_205_526_20_527_528,0.1216659768
9188_512_205_526_20_527_528,0.1216659768
417_246_5_205_526_20_527,0.1216659768
608_16_16730_2_3_4,0.1216659768
94_16_2357_936_2359,0.1216659768
3196_4912_20_3_4,0.1216659768
10_1427_323_157_385,0.1216659768
259_1552_20_3,0.1216659768
392_20_2521_8432,0.1216659768
16249_1177_8401_1345,0.1216659768
746_20_1182,0.1216659768
3_4_10_1427_323_157_385_776_16_1429_48_10_1009,0.1216659768
417_246_5_205_526_20_527_528_2_3_4,0.1216659768
417_246_5_205_526_20_527_528_2_3,0.1216659768
205_526_20_527_528_9188_2_3_4,0.1216659768
205_526_20_527_528_9188_2_3,0.1216659768
3254_16_1628_2_3_4_4053,0.1216659768
870_3405_2_3_4_4053,0.1216659768
573_906_2_3_4,0.1216659768
119_3292_2_3_4,0.1216659768
13350_48_3_4_4053,0.1216659768
6519_681_20_3_4,0.1216659768
178_2997_20_10101,0.1216659768
3604_37_20_3,0.1216659768
2997_20_10101_1446,0.1216659768
417_246_5_418,0.1216659768
3_336_20_1792,0.1216659768
6612_74_18_6612,0.1216659768
202_20_2884_3806,0.1216659768
1982_20_8455,0.1216659768
1982_20_8422,0.1216659768
6_4_5_34_20,0.1181512803
7_131_8,0.1161013916
3_4_10_8452_0,0.1151512803
3_4_9837_0,0.1151512803
3_4_76_60,0.1151512803
3_4_32_171_32,0.1151512803
256_0_74_18,0.1151512803
3_4_2884_2885_0,0.1133679985
573_259_74_18,0.1133679985
6_4_7011_417_246_5,0.1133679985
3199_5_3_3338_20,0.1133679985
152_153_0_190_74,0.1133679985
527_259_74_18,0.1133679985
238_283_74_18,0.1133679985
572_573_28_2,0.1133679985
572_573_74_18,0.1133679985
3507_143_32,0.1133679985
417_246_5,0.1133679985
5_112_20_6_2_3,0.1102325390
5_112_20_6_16_3,0.1102325390
74_18_112_2_3_4,0.1032325390
18_112_2_3_4,0.1032325390
2_3_4_10_8071_152_485,0.1011449094
2_3_4_7210_152_153,0.0959281911
2_3_4_2952_152_153,0.0959281911
2_3_4_2952_152_485,0.0941449094
5_112_20_6,0.0842325390
5_3_355_2_6_4,0.0825658723
2_3_4_10_8452,0.0822302201
2_3_4_10_8071,0.0822302201
2_3_4_1641_0,0.0812678940
5_3_8525_6732,0.0804469384
323_1140_6836,0.0804469384
74_18_136_2_3_4,0.0782302201
2_3_4_10_858,0.0782302201
5_3_355_2_6,0.0782302201
5_34_20_3,0.0782302201
2_1326_3_4,0.0782302201
2_119_3_4,0.0782302201
20_6_2_3,0.0775028383
5_112_16_33_20,0.0769322419
2_6_2_3,0.0765028383
20_6_4_3,0.0765028383
2_6_16_3,0.0765028383
2_6_4_3,0.0765028383
16_6_2_3,0.0765028383
18_151_2_3_4,0.0752302201
323_324_2_6_4,0.0752302201
5_33_34_20_3,0.0752302201
18_151_2_3,0.0752302201
5_161_55_20_6_16_3,0.0752302201
74_157_119_94_2_3_4,0.0752302201
74_18_151_2_3_4,0.0752302201
323_324_2_3_4,0.0752302201
2_5_152_153,0.0752302201
74_18_8368_2_3_4,0.0752302201
18_8368_2_3,0.0752302201
74_18_2357_936_2359_2_3_4_2952_152_153,0.0734469384
74_18_2357_936_2359_2_3_4_2952,0.0734469384
20_5_129_258_259_20_6_4,0.0734469384
74_157_119_94_16_2357_936_2359,0.0734469384
246_5_205_526_20_527_528,0.0734469384
5_112_116_20_6,0.0734469384
74_18_527_76_28,0.0734469384
74_18_161_572_573,0.0734469384
20_5_129_258_259,0.0734469384
74_18_2357_936_2359,0.0734469384
74_18_205_527,0.0734469384
5_3_122_607,0.0734469384
246_1776_1509_7464,0.0734469384
246_1776_1509,0.0734469384
18_1394_159,0.0734469384
323_157_385_776_16_1429_48_10_1009,0.0734469384
246_5_205_526_20_527_528_2_3,0.0734469384
74_157_119_94_16_2357_936,0.0734469384
157_119_94_2_3,0.0734469384
2_3_4_2884_2885,0.0734469384
5_6_7_132,0.0734469384
5_6_106_107,0.0734469384
5_3_1987_107,0.0734469384
2_5_152_485,0.0734469384
74_157_119_94,0.0734469384
5_129_258,0.0734469384
157_385_1429,0.0734469384
20_3_4_16,0.0726247431
2_3_4_16,0.0726247431
20_6_4_2_3,0.0725028383
2_3_4_7181_0,0.0709322419
5_2139_20_6_16,0.0709322419
5_3_107_20,0.0709322419
74_18_112_2,0.0709322419
5_3_746_20,0.0709322419
5_3_3338_20,0.0679322419
74_708_2_5,0.0679322419
5_3_336_20,0.0679322419
74_18_136_2,0.0679322419
74_18_833_20,0.0679322419
0_190_74_833_20_5,0.0669322419
5_112_116_20,0.0661489601
5_205_526_20_527_528_2,0.0661489601
74_18_205_527_259_28_512,0.0661489601
323_157_385_776_16_1429_48,0.0661489601
20_5_129_258_259_20,0.0661489601
5_544_833_20,0.0661489601
5_3604_37_20,0.0661489601
74_279_177_121,0.0661489601
512_5_2259_20,0.0661489601
32_18_896_20,0.0661489601
323_729_60_5,0.0661489601
323_8454_863,0.0661489601
323_2297_863,0.0661489601
157_717_109,0.0661489601
5_4524_2139_20,0.0661489601
512_5_1015_20,0.0661489601
5_178_2997_20,0.0661489601
3_4_6_4,0.0611030558
6_16_3_4,0.0534050848
28_2_6_4_3_4,0.0519578693
28_512_6_4_3_4,0.0512912026
6_2_3_4_10_8071,0.0499555504
3_4_10_858_495,0.0499555504
155_4812,0.0499555504
1273_2_6_4_3_4,0.0499555504
3_16_5_112,0.0492598983
20_6_16_3,0.0491860463
20_6_16_3_4,0.0483439411
112_20_6_4_5,0.0473818030
28_512_6_4,0.0472575794
528_2_3_4_3164,0.0472575794
2_6_4_16_5,0.0464658458
20_6_4_5,0.0464658458
8690_3_532_6_4_10_951,0.0459555504
205_527_259_28_512_6,0.0459555504
2357_528_2_3_4_7180,0.0459555504
3_4_7210_152_153,0.0459555504
6_4_10_1009,0.0459555504
6_495_3_18427,0.0459555504
6_290_3_161,0.0459555504
3_4_10_8452,0.0459555504
3407_152_153,0.0459555504
2357_936_2359,0.0459555504
1915_1343,0.0459555504
386_2664,0.0459555504
719_131,0.0459555504
6301_7519,0.0459555504
7414_267,0.0459555504
13022_2375,0.0459555504
140_7786,0.0459555504
140_5006,0.0459555504
1547_1548,0.0459555504
20931_6813,0.0459555504
14_49,0.0459555504
21052_4408,0.0459555504
2884_3281,0.0459555504
8135_20522,0.0459555504
512_6_4_3_4_6652,0.0457365120
2_6_4_3_4_6652,0.0457365120
20_6_16_5,0.0455246694
20_6_4_2,0.0455246694
3_4_2884_3806_0,0.0453794842
5_112_20_3_4,0.0450408598
512_6_2_3_4,0.0450408598
5_112_20_6_2_3_4,0.0450408598
5_112_20_3,0.0450408598
2_3_4_138,0.0450408598
20_5_6_112,0.0450408598
2_3_4_155,0.0443741932
5_112_20_6_4_16,0.0431627646
2_3_4_4053_0_5,0.0431627646
20_6_4_16,0.0431627646
32_833_20_5_6,0.0430385410
2_3_4_138_4812,0.0430385410
121_5_10_8328,0.0430385410
28_512_6_2_3_4,0.0425932316
324_2_6_4_3_4,0.0422912026
3254_16_1628_2_3_4,0.0412575794
2139_2_3_4_4053,0.0412575794
1410_48_3_4_7180,0.0412575794
573_906_2_3,0.0412575794
119_94_2_3,0.0412575794
417_246_5_205_526_20_527_528_6951,0.0412575794
870_3405_2_3_4,0.0412575794
339_20_3_4_4053,0.0412575794
2139_2_3_4_1641,0.0412575794
1410_48_3_4_4053,0.0412575794
2357_936_2_3,0.0412575794
74_18_527_76_28_512,0.0411604458
2_3_4_10_1009_0,0.0411604458
2_3_4_11577_0,0.0411604458
18_833_20_5,0.0411604458
0_0_190_74,0.0411604458
208_1967,0.0409555504
10_1427,0.0409555504
3_4_10_8071_152,0.0409555504
272_238_6_4,0.0409555504
3_532_6_4,0.0409555504
2357_936_2359_28,0.0409555504
1449_3_4_1451,0.0409555504
473_6_4_7011,0.0409555504
6_662_3_161,0.0409555504
4_8212_152,0.0409555504
8611_5444,0.0409555504
5308_2818,0.0409555504
4509_152,0.0409555504
63_1273,0.0409555504
386_78,0.0409555504
1909_416,0.0409555504
385_386,0.0409555504
629_33385,0.0409555504
1394_159,0.0409555504
625_626,0.0409555504
385_1429,0.0409555504
386_3695,0.0409555504
385_776,0.0409555504
629_19787,0.0409555504
629_10958,0.0409555504
1067_78,0.0409555504
2357_528,0.0409555504
1741_2738,0.0409555504
8212_152,0.0409555504
2357_936,0.0409555504
3407_152,0.0409555504
3690_1149,0.0409555504
7887_152,0.0409555504
264_720,0.0409555504
725_2828,0.0409555504
572_7202,0.0409555504
3196_2644,0.0409555504
260_2366,0.0409555504
82_1044,0.0409555504
573_906,0.0409555504
573_281,0.0409555504
161_162,0.0409555504
267_1219,0.0409555504
264_1219,0.0409555504
1451_152,0.0409555504
2579_3262,0.0409555504
3196_4912,0.0409555504
4524_2139,0.0409555504
6903_745,0.0409555504
7495_152,0.0409555504
17006_152,0.0409555504
7794_9070,0.0409555504
599_600,0.0409555504
8349_192,0.0409555504
122_107,0.0409555504
122_607,0.0409555504
392_358,0.0409555504
1140_6836,0.0409555504
155_11873,0.0409555504
288_880,0.0409555504
1776_1509,0.0409555504
155_2379,0.0409555504
55_97,0.0409555504
936_2359,0.0409555504
155_19095,0.0409555504
749_600,0.0409555504
288_9600,0.0409555504
1221_37,0.0409555504
3_16025,0.0409555504
7_132,0.0409555504
7_823,0.0409555504
7_131,0.0409555504
1925_607,0.0409555504
76_3123,0.0409555504
19344_152,0.0409555504
7891_267,0.0409555504
7011_152,0.0409555504
1428_2828,0.0409555504
1559_1716,0.0409555504
138_4812,0.0409555504
138_11873,0.0409555504
119_3292,0.0409555504
112_470,0.0409555504
427_192,0.0409555504
258_259,0.0409555504
112_116,0.0409555504
4285_2856,0.0409555504
1885_416,0.0409555504
259_1552,0.0409555504
1968_4688,0.0409555504
2513_573,0.0409555504
1828_7239,0.0409555504
1432_2108,0.0409555504
11342_932,0.0409555504
1828_1991,0.0409555504
900_1559,0.0409555504
3077_3557,0.0409555504
3557_2579,0.0409555504
3507_143,0.0409555504
6519_681,0.0409555504
6589_152,0.0409555504
2566_1967,0.0409555504
106_107,0.0409555504
2566_12102,0.0409555504
106_167,0.0409555504
1334_6349,0.0409555504
1037_7075,0.0409555504
3822_339,0.0409555504
527_528,0.0409555504
7201_684,0.0409555504
94_2372,0.0409555504
8769_392,0.0409555504
1987_107,0.0409555504
209_2856,0.0409555504
2521_8432,0.0409555504
1001_392,0.0409555504
1007_50,0.0409555504
208_209,0.0409555504
205_526,0.0409555504
205_5954,0.0409555504
1009_6,0.0409555504
4914_980,0.0409555504
796_33250,0.0409555504
796_4083,0.0409555504
794_14298,0.0409555504
796_5178,0.0409555504
796_9605,0.0409555504
33_6974,0.0409555504
796_474,0.0409555504
796_22707,0.0409555504
796_321,0.0409555504
796_4239,0.0409555504
796_3580,0.0409555504
415_416,0.0409555504
10_8071,0.0409555504
10_1009,0.0409555504
10_211,0.0409555504
5308_8468,0.0409555504
348_4436,0.0409555504
3580_9414,0.0409555504
2155_56,0.0409555504
507_37,0.0409555504
161_2345,0.0409555504
351_7155,0.0409555504
260_1017,0.0409555504
2155_600,0.0409555504
129_258,0.0409555504
122_291,0.0409555504
3604_37,0.0409555504
1383_854,0.0409555504
4364_640,0.0409555504
138_2379,0.0409555504
1315_416,0.0409555504
31_1227,0.0409555504
10101_1446,0.0409555504
10_8452,0.0409555504
10_30,0.0409555504
10_1122,0.0409555504
8849_392,0.0409555504
774_385,0.0409555504
3_74_833_20_5,0.0407151364
112_20_6_4_3,0.0402598983
112_20_6_16_3,0.0402598983
112_2_3_4,0.0402598983
112_20_3_4,0.0402598983
28_2_3_4,0.0402598983
573_2_3_4,0.0402598983
112_20_6_4,0.0395932316
94_2_3_4,0.0395932316
28_2_6_4,0.0395932316
833_20_3_4,0.0395932316
6_4_5_33,0.0395932316
833_20_5_3,0.0395932316
527_259_74_18_205_527_259_28_512,0.0393794842
259_74_18_205_527_259_28_512,0.0393794842
3_74_76_60,0.0393794842
20_6_4_2_3_4,0.0393439411
3_16_5_112_20,0.0383818030
112_20_6_4_16,0.0383818030
6_4_16_5,0.0383818030
258_259_20_6_4,0.0382575794
507_2_3_4_4053,0.0382575794
1273_2_6_4_3,0.0382575794
528_2_3_4_4053,0.0382575794
16687_20_3_4_4053,0.0382575794
282_2_3_4_4053,0.0382575794
640_2_3_4,0.0382575794
256_2_6_4,0.0382575794
10773_2_3_4,0.0382575794
833_20_5_6,0.0382575794
138_20_6_4,0.0382575794
283_74_18_112,0.0382575794
1040_2_3_4,0.0382575794
4364_640_2_3,0.0382575794
2375_2_3_4,0.0382575794
256_2_3_4,0.0382575794
151_2_3_4,0.0382575794
2139_2_3_4,0.0382575794
34_20_3_4,0.0382575794
355_2_6_4,0.0382575794
339_20_3_4,0.0382575794
2997_20_3_4,0.0382575794
600_2_6_4,0.0382575794
3292_2_3_4,0.0382575794
8368_2_3_4,0.0382575794
2614_2_3_4,0.0382575794
1273_2_6_4,0.0382575794
431_60_6_4,0.0382575794
759_20_5_3,0.0382575794
6612_2_3_4,0.0382575794
67_20_5_3,0.0382575794
192_2_3_4,0.0382575794
553_2997_20_10101,0.0382575794
730_20_6_4,0.0382575794
906_2_3_4,0.0382575794
1310_20_6_4,0.0382575794
936_2_3_4,0.0382575794
282_2_3_4,0.0382575794
324_2_6_4,0.0382575794
5714_20_3_4,0.0382575794
4688_2_3_4,0.0382575794
324_2_3_4,0.0382575794
16249_1177_8401,0.0382575794
608_16_16730_2_3_4_4053,0.0382575794
528_2_3_4_1641,0.0382575794
6_2_3_4_7887,0.0382575794
112_2_3_4_2952,0.0382575794
177_121_5_3,0.0382575794
136_2_3_4,0.0382575794
259_20_6_4,0.0382575794
4187_20_3_4,0.0382575794
143_32_5_3,0.0382575794
161_55_20_6,0.0382575794
681_20_3_4,0.0382575794
573_2_6_4,0.0382575794
870_3405_2_3,0.0382575794
759_20_5_6,0.0382575794
1498_121_5_3,0.0382575794
507_2_3_4,0.0382575794
748_20_5_316,0.0382575794
16687_20_3_4,0.0382575794
202_2_3_4,0.0382575794
3_4_1475_0_5,0.0377151364
112_20_6_2,0.0377151364
112_20_6_16,0.0377151364
2_3_4_10_951_152,0.0367365120
2_3_4_10_8071_152,0.0367365120
6_4_5_33_34_20,0.0363794842
4_5_33_34_20,0.0363794842
3_4_10_858_0,0.0363794842
3_4_62_5,0.0363794842
4_10_8452_0,0.0363794842
112_16_33_20,0.0363794842
2139_20_6_16,0.0363794842
3_74_833_20,0.0363794842
473_279_143_32,0.0363794842
748_20_5_277,0.0363794842
4_1475_0_5,0.0363794842
573_1227_48_5,0.0363794842
4_5_34_20,0.0363794842
3262_121_5,0.0363794842
4053_870_3405,0.0363794842
258_259_20,0.0363794842
1372_111,0.0363794842
1197_121,0.0363794842
6015_121,0.0363794842
16062_60,0.0363794842
7681_48,0.0363794842
8454_863,0.0363794842
124_24,0.0363794842
870_3405,0.0363794842
5697_121,0.0363794842
4950_121,0.0363794842
1518_43,0.0363794842
1464_121,0.0363794842
7454_1217,0.0363794842
661_109,0.0363794842
2515_48,0.0363794842
3262_121,0.0363794842
1288_121,0.0363794842
690_121,0.0363794842
3472_1093,0.0363794842
5487_723,0.0363794842
2297_863,0.0363794842
3975_190,0.0363794842
5136_121,0.0363794842
4681_1177,0.0363794842
537_109,0.0363794842
7327_48,0.0363794842
3_4_1641_0,0.0363794842
16025_2,0.0363794842
18_112_2_3,0.0360408598
512_6_2_3,0.0360408598
74_28_2_6_4_3,0.0360408598
20_5_112_20_6_4,0.0360408598
2_5_112_20_6_4,0.0360408598
20_5_112_20_6,0.0360408598
74_28_2_3_4,0.0360408598
2_5_112_20_6,0.0360408598
16_5_112_20_6,0.0360408598
5_112_20_6_4,0.0360408598
74_18_112_2_3,0.0360408598
20_3_4_10,0.0360408598
2_3_4_10,0.0360408598
74_833_20_5_3,0.0353741932
60_5_112_20_6,0.0353741932
20_3_4_155,0.0353741932
74_28_2_3,0.0353741932
5_136_20_3,0.0353741932
20_6_4_10,0.0353741932
20_5_112_20_6_16,0.0341627646
5_112_20_6_4_5,0.0341627646
20_3_4_4053_0,0.0341627646
2_3_4_7180_0,0.0341627646
5_112_20_6_2,0.0341627646
5_112_20_6_16,0.0341627646
16_5_112_20,0.0341627646
20_3_4_73,0.0341627646
20_5_112_20,0.0341627646
2_5_112_20,0.0341627646
2_3_4_73,0.0341627646
2_3_4_4053_0,0.0341627646
0_5_112_20,0.0341627646
20_5_129_258_259_20_6,0.0340385410
74_18_205_527_259_28,0.0340385410
18_8368_2_3_4_1451,0.0340385410
18_2357_936_2359_2_3,0.0340385410
20_6_2_3_4_7887,0.0340385410
16_5_33_34_20_3,0.0340385410
2_3_4_7887_152,0.0340385410
2_3_4_6589_152,0.0340385410
18_6612_2_3_4,0.0340385410
2_3_4_7011_152,0.0340385410
74_18_205_527_259,0.0340385410
3405_2_3_4_4053,0.0340385410
74_28_2_6_4,0.0340385410
24_5_112_20_6,0.0340385410
2_3_4_2884_3806,0.0340385410
2_3_4_2884_3013,0.0340385410
2_3_4_8212_152,0.0340385410
74_833_20_5_6,0.0340385410
48_3_4_2884_3806,0.0340385410
121_5_112_20_6,0.0340385410
2_3_4_4509_152,0.0340385410
2_3_4_7210_152,0.0340385410
111_5_112_20_6,0.0340385410
48_5_112_20_6,0.0340385410
18_759_20_5_3,0.0340385410
74_18_8368_2_3,0.0340385410
3405_2_3_4,0.0340385410
26_20_3_4,0.0340385410
323_324_2_6,0.0340385410
323_324_2_3,0.0340385410
5_2997_20_3,0.0340385410
323_157_385_776,0.0340385410
5_3_161_573,0.0340385410
20_3_4_62,0.0340385410
20_3_4_1641,0.0340385410
74_5_33_34,0.0340385410
0_190_74_28,0.0340385410
2_544_3_4,0.0340385410
5_136_20_6,0.0340385410
20_5_3_746,0.0340385410
5_112_16_33,0.0340385410
2_3_4_1641,0.0340385410
3405_2_6_4,0.0340385410
2_3_4_9837,0.0340385410
2_3_4_7012,0.0340385410
74_18_161_573,0.0340385410
18_136_2_3,0.0340385410
121_5_3_122,0.0340385410
246_5_205_526,0.0340385410
2_5_6_7,0.0340385410
20_5_6_7,0.0340385410
20_5_10_858,0.0340385410
5_202_20_6,0.0340385410
1177_8401_1345,0.0340385410
651_2438,0.0340385410
157_846,0.0340385410
458_1090,0.0340385410
3225_936,0.0340385410
277_4342,0.0340385410
1177_8401,0.0340385410
323_5219,0.0340385410
323_1140,0.0340385410
323_8454,0.0340385410
512_2849,0.0340385410
18_2357,0.0340385410
0_205_526_20_527_528_9188_2_3,0.0340385410
74_18_8368_2_3_4_1451,0.0340385410
18_112_2_3_4_2952,0.0340385410
5_161_55_20_6,0.0340385410
74_18_151_2_3,0.0340385410
5_3_746_20_1182,0.0340385410
2_3_4_2952_152,0.0340385410
5_3604_37_20_3,0.0340385410
18_136_2_3_4,0.0340385410
2_3_4_17006_152,0.0340385410
16_5_33_34,0.0340385410
74_28_2_6,0.0340385410
20_5_129_258,0.0340385410
5_2139_20_6,0.0340385410
16_26_20_3,0.0340385410
5_6_662_3,0.0340385410
835_836,0.0340385410
24_2975,0.0340385410
8_20_3_4,0.0336396733
20_5_3_746_20,0.0334960979
2_3_4_1475_0,0.0334960979
2_5_288_20,0.0334960979
60_5_112_20,0.0334960979
246_5_205_526_20_527_528_2,0.0321604458
2_16_5_33_34_20,0.0321604458
190_74_833_20_5,0.0321604458
16_74_833_20_5,0.0321604458
323_18_759_20_5,0.0321604458
2_3_4_8519_0,0.0321604458
48_3_4_7180_0,0.0321604458
48_3_4_4053_0,0.0321604458
32_18_759_20_5,0.0321604458
16_5_33_34_20,0.0321604458
109_5_112_20,0.0321604458
74_833_20_5,0.0321604458
5_3_355_2,0.0321604458
74_18_8368_2,0.0321604458
18_759_20_5,0.0321604458
111_5_112_20,0.0321604458
5_288_880_20,0.0321604458
0_3576_60_5,0.0321604458
0_190_74_5,0.0321604458
5_161_55_20,0.0321604458
2_5_136_20,0.0321604458
2_5_426_0,0.0321604458
74_28_2_5,0.0321604458
48_5_112_20,0.0321604458
5_979_20_5,0.0321604458
2_3_689_16,0.0321604458
24_5_112_20,0.0321604458
5_1974_20_5,0.0321604458
32_18_759_20,0.0321604458
121_5_112_20,0.0321604458
0_433_323_18,0.0321604458
5_33_34_20,0.0321604458
32_833_20_18,0.0321604458
32_833_20_5,0.0321604458
20_5_746_20,0.0321604458
20_5_202_20,0.0321604458
60_5_138_16,0.0321604458
18_67_20_5,0.0321604458
323_748_20_5,0.0321604458
20_5_136_20,0.0321604458
512_5_2997_20,0.0321604458
190_74_28_2,0.0321604458
16_74_833_20,0.0321604458
512_5_202_20,0.0321604458
5_510_20_5,0.0321604458
18_819_20_0,0.0321604458
74_748_20_5,0.0321604458
323_18_759_20,0.0321604458
74_76_60_5,0.0321604458
74_18_151_2,0.0321604458
60_1706_5,0.0321604458
1053_81,0.0321604458
4965_81,0.0321604458
5153_81,0.0321604458
3471_1093,0.0321604458
782_115,0.0321604458
